row_id,feature_sha256,Label
105945,43e61600347a61359222940f48f87806632dab0cc93b8b25b15bd42647c89256,BENIGN
70794,16e155c95ca62472bc22041f1b1b33a8faba2c4ada1a90afbf8146899c08b6ac,BENIGN
88343,3feacb3e58b6d12d814b840214b9e3ec73538197a98ea35b191a7e14b6d229a0,BENIGN
74765,6ad530f3664103fcfc1d357211b7540cb686282734c2c99c9766eaa4ca4d5966,BENIGN
164084,92374b3b3c4472dcead3fc42c394e922c433056fb6624d5da2f258af65873578,BENIGN
148380,49bd8b100b959faf48e5b6bc3149c26d78e6054fd16815c81713bfcd302e5b84,BENIGN
156252,2671f31e7e6d87291938704f9cf41d11d43fbd77835cfa63c12fbe2e40ad3e32,BENIGN
163476,e343233bc1f37207d01916bee594f94ad944a1b40ad2772b18e4b401dab0891e,BENIGN
93978,2739e62ad20c9b56a68d60983d97b36797926d4ff6626ca258d6c808d0ab0d2e,BENIGN
116191,a3a7cea84c3f23668274b7d35208e162afcc807922f56026e8a8eebac43969b0,BENIGN
161905,9c896f6bad44aafe62a7368b98d22f4c055b8ca48b803c278d2e228762a8c9a0,DDoS
24346,3bedf1ed7874c4fb968be473418816c5ad26f19f5e342e2f99f193164a1bb07f,BENIGN
191241,04bfebe4e09e82c044348459b11c4ae0164a2c14236fa16dedf81d6b316e55f5,BENIGN
169534,a3bd97b152660cbfe52037025edc386fd78d6cf4ad47c2387578e1e1d10a05ac,BENIGN
172064,dfcbd3a2689d1b47c588670ba17a7799d56ee50dc04f2340b98872cf624ec2a5,BENIGN
96467,e4450c8f487af8297b46a0575c0eb266a04beedb2146fafae9b8ba781be29d89,BENIGN
45859,b707104eeda1a68c73a241583d4b2ab9bbc3c4ce836ebfb81c858a1840ead731,BENIGN
144969,a057fe311941e3aee15ff700266ea5e8cf47d8f7ac9a9a8a37a818aad40ca089,BENIGN
32150,027bf17bacccbcee401db490f75ebc6118f85e60239ef0a94b95f5a8e850a55d,BENIGN
150402,f35edb6c476b1c72ffed68f3f71e57f58bacf864ab20ecbbee4089ecca398de9,BENIGN
136239,1b64c818b541637f2abc818318b54e023f6b94740acb0efedebcaa4d38ae651a,DDoS
44297,2b6bbef784dd6a4a83126d8dea245bd66c489f5d860e9dffb2dc534cfaaab408,BENIGN
110326,123d6d457e0cd4adcbf3f4459e6dd1a9d29c49998a18e6dd1cc3a80358c118c6,BENIGN
175456,42b0c9c49f7a5608c00b7cde4f915764644a9de0ad2820b3d362571e1a886975,DDoS
129520,765111301e579ff61e6dac81f8f962b3fcad9c12fbd2153c51d3cb778efb1802,BENIGN
141818,9b53aa85e426f247616ae2be592305c9b6cd157d4bec7af58e3355fbfdf947aa,BENIGN
165038,01eac858a51e57365109217cdbdc51479d558bf5bf79049430aec6d6203be0be,BENIGN
54580,9d617c22e052a56ebdaf4bf80f5d9ce0e2d35ae14ab78d7503b063dabe42b919,BENIGN
14907,c2c5900ec4b2356e492eda4ca80bb0e2020a7af2493fc33da2dd3111b8e19582,DDoS
27493,6f4a8c2eeb5a5f8b60629362a33c334a168310c8d757b2f57afa41fc065ebd16,BENIGN
81996,c191aa2d6f3585245b5d70ff9e7f263c16ccf3575ccf5191f34f3c5f349fe631,BENIGN
7758,10912edadb1f147a30624f6dea2e469cd85043a795a6e34ae1dde9a2db864363,DDoS
169781,8d0414ae16b3f9f66b36a7126e486060da5a1240ec3375da0401501995a3a458,DDoS
91310,0db4949241bcd0559b8253df8c37f0bcd8acd9722220c4274359dfc77874be6b,DDoS
193989,c29f2acb74a06d848b86d060e2ceb2b36751bc26cd14748d418eb7ec875e45fd,BENIGN
197680,7068808a8dbfc290dc76be9d8bff8ac698f46c496a465234035819a0ad12b47f,DDoS
77250,c6910f027f2e258596756d49b9d57f746d8924a9c9d9898e899b3db0838b6677,DDoS
63799,0b52e4952e48fe8a060c6a00c04f56cbc4acdde66292b695070ce37183ddb673,DDoS
2134,d363bc232281f5f1e8b045ebfce8c183ea1bcd463a402385bdb43cd4fc6b7572,DDoS
139707,6036f5105b4174c247ad18f2d8e84fb8dc90c438b73a7b144708cfae31da10d4,BENIGN
208187,f9836702fc28c855eff33d2ba505c7bd1ee8685f05f0c300fd3e5d2068b9e632,BENIGN
97573,2b53093396728fa2379b91f99dc736df6b96bc101bd05c250098528e5b1c7564,BENIGN
153150,9cae0649eec9ed4f85e2a74d228c69f505e6512f1dd76c877513a4d6d1755a3f,BENIGN
134216,62ea6e00b997660b002a0482faa6d58d0e24f5c8d75d8591f44ce6a82026cffd,BENIGN
93790,9546a2e88013def8a9c91248d723232178fab7eecae2c190c968f9df8321064f,BENIGN
62965,9b91bcf5feafdd239895654ff38f6d5d11a72cbef069140852d18d95591736b8,BENIGN
73626,2bc5352ba313664ec4bd50cad017f96c1f173b4f33d46284e796c58999615fa4,BENIGN
86331,6a20275467d902901b7c37bf440597631465d1e263947992f4a41983d7dd1123,BENIGN
27372,1c8e41c113131be29b8d86551012e15ac807a433d0537d0d628747a84e809e46,DDoS
189417,8a2b46d1fb1213879a728c9a5a84925cd9880282c34fd635ea6869826305427b,DDoS
207914,ff509ca7bde2b423450c6c4346e4f967ceceee463e94949655554358c9418136,BENIGN
116760,a98aff2f1c3e04a8234c55961811e3492321a49bd51f315a8f8ac3c73f821927,DDoS
79434,4847a1ef5c1a6dd5fcd5603170029b1051ef4d9066f0731af55fddc0c3ca7b70,BENIGN
91421,ef9254efa7605aa0332ea20f7a038d3b6628c3a5befdd6566ae3eeaf51b4a71b,BENIGN
16328,4e332af0e48e2509996f39dea52993f90260b65a41aec896efcb3a9c5a8fe01d,DDoS
113782,94d5def4ef690cdc44a8fe102b62f1b783348c5ab4156808d1b460a513a4a99f,BENIGN
58263,356b702ab95e2113f1e8da4a7758f983d661e5b6a1e05b2322fb0e1d7c191107,DDoS
159926,26a4d53339ab2f256a5ca4a558cd0555ae4e792900bfbf395ea7a1d5ae511717,BENIGN
102118,7f7caae12c4025684159816ec726999747b0aeef7475e60faba82555a626e3c9,DDoS
120235,64ba6e1eb5bcb1fc78a835e8f8c94a6483da842becb4a0fe0827b7eafe38b0b2,DDoS
90340,e33aa59ba5d2349081dc90f94803e8e459403d30addd2f2d68399d966066c52e,DDoS
113115,6dd69fd1172a7b9ee1e2f2e4449191832837e2e1cd51dcb14d7b79c94b6ee5fd,DDoS
17830,fea2fff9428a50b5ace1d778170903b5ab362e89f6bca6f02ee9a0fc2bbea2df,BENIGN
29665,b43d0252572442af481ade7e78029d1071304c2bef662eff3e4a70e84748a8db,DDoS
22033,5eb27d23d4692c32742ea1a85baee0d08daa1d925173c68b31e058b85f1186b6,BENIGN
66733,d1980c1b62094799e526ac4a90bd8b2e1692ee4dd1a2f5b8a1b042fce70fd687,BENIGN
185630,5fdcd07d98b8ea4518a32c91ef49e2f84ab14cf390c84ae0d4a3099c478020b6,BENIGN
121728,ad802ae85ff4417b413a05194db5e97be823df23a3a44b7ee2959220392d5070,BENIGN
131390,37ca058766d03e4457ed431660d1fad3a06e6b8e288647cd5fc091cc796369ff,BENIGN
88917,165a9f3856f4259a1511f60bb41736823f4f02fc89061c4b21ec35b5dd5f5d2e,BENIGN
142022,3d04f0685808d2d4224446b43a20b4b805c69db886a1ccff8104c2e2d81d683c,BENIGN
124585,7380f69fd2ce20d1b1e7c957b29e63413ce5edd5673cbfec9a5a41d329f11f42,DDoS
174046,fbafec7e441ab021ff2dcb8d537f488c98a27763b81d5d87fd211f5db48e2d7f,BENIGN
12797,53b8740e43713422be56e2d1f1de3c7d4cbe018692dfe8445619a5af2b714214,BENIGN
85001,9568e280ad7ac9df0ee1642c7c5747169be17f1af41231e081c9797f636573f8,BENIGN
125019,97eefeb3fdaa7ef202c5f3736c4f83159b4f0e6b19f9770048f72ed5bd248a5d,BENIGN
138333,8e85c5cf2f4790697ef15993b2b22d0a65ec488b813ab09588c0808cda5da273,BENIGN
20590,b17fe7240d68de42fdabf52476d8f0ced65919e9ca3632df65f47041535159d5,DDoS
79121,ef64840efad6126e7ffaa547a748d12e5b019cc746a5796e3b19ae60fb727f3f,BENIGN
181717,9383d5c1bf664a1b102b5cef37e4b16ccaed20db0ae8b914263616fed527f0cb,BENIGN
181205,1a82a945ee2430db5939a73f38bbe58b411f32ba3f7d957e5ce421c5239d1570,BENIGN
44519,816a30bc265db2175a071234f5da9404786eb3860464f8f0499b67973f00771f,BENIGN
192413,5e1f3287db90e62193ed2dc20bff8db6da2ab86bce27bcc9fc36431bb11670d8,DDoS
95851,2cf133d6d7e8f2d86c04cadd35206f10d44001b2826632f65056f56922851705,BENIGN
62027,b60231dc5f9adb9c98b2cccd5bf802f5bf115c5387e7052025eb87ba3a267b4f,DDoS
136048,c0f2b4afdb5c7f1ab469e26230ed09bb4fa969f6bd409d227ae9779460f89086,BENIGN
103820,3af4860f8a2baa4ed392049428d4b850a80839fdb5116c9c003c36fbcb0d5a35,DDoS
157866,2eebb70089b8933c9e1048e469805deff1ad1b06c7f34c48d257b84c4e8b310c,BENIGN
19110,a4bf36083b75523daf396effd1aeeac8b50a7eb2e9fff505d3023066b5b6f496,DDoS
108416,2ba4ce3a4caf201246dd11235376179edd74fc1560930dfa20ec2b1934067101,DDoS
17426,b7421c65b7bdc572296b4292d5a3b847437278116d2f2f608dad57fbd69e17c5,BENIGN
134337,0b8b2098b9299b997f8281e38ffcfd70387f520a46ccb87676fc73c9fc119834,DDoS
29598,5d7a5d04c15a11142896eb2e28c6bbafb1beb3b16ced8c9e139e24f6ece135d5,BENIGN
197838,df45653f32665c6de30f8840319926b63ebc6b39e3bad480e193825df6bc914e,BENIGN
47839,5d6db0f38684c523b961937699c4028fb752c8c2f75410d1efb77929442e3815,BENIGN
56963,0cab40f4bb057d4d8769deeff96a0e91b4b667e3ddb206c994b16552b70104fd,DDoS
206336,428f1d466343991c8723bc1ec4f2d77ec00cb0971b6a44d1d0293de20a9c1f38,BENIGN
116740,521b8987d287e5134c51e98ac27c630970fdc944c55cc593fec489a2cfa0f8f0,BENIGN
99845,ec698689e58d0f0674d4fd702a45346adf422662a65625e527deafc6ed28f3a4,DDoS
155163,acdc580ca943289c538cb9e5024b578d1a684dfd9f35fc662db87c898baf0561,DDoS
120559,354c23ef5c72a7b1c5a8b7c5bf4a53b3cd3cb0f4696742751db9a85d92d9a624,DDoS
145698,33644c969da40d849e50c89f152f62c9a24dc372612103eeae878b24080fb7e9,BENIGN
142000,1205469cf2213bb7759e21167907050c0c56b0f9b403d025c063d49535e63bef,DDoS
72339,90b7e1917346d01d32c4d6549d0bde43cc145ea1287e7ac7eca9c17789cd209c,BENIGN
8469,878676bdd287963124314118191507b09a84077724f004c79a9f1d952d5fe9e1,BENIGN
123352,a80a9417ab89433fb1479ce2017639c7eb260330f92ed8fc633b83f61b8f5895,BENIGN
21839,976ff208b53c0a10f3ee4e22ade900507b0ec5aa462e37bdf744862f3aa4368d,BENIGN
87976,df64d925deb144f8dab2d5c5b8dacff874a428af88349408e0f9e26d8c916928,BENIGN
189871,d47ecb0332fafbd78f8ba9cb61fe38482588437676378a0c6f70094cd984fe40,BENIGN
170340,d4e81f8672db5ebd86967d4f605c46121fc18bdb53726d2b51616b3be76a8cd9,DDoS
181494,c7583ab5eb14af0acab89145f55b0bfd4fe2c01d82e825ac60586500295138b8,BENIGN
13463,7af9a4d17c1005f6ba29705d78ed54f32ab4f988b16002ee60a2ee83f3ff702e,BENIGN
77529,cf545c62aa4d3826ae154696b3e3f49ecc0db18fd37b59f92f9ec68c1098d203,BENIGN
111856,4ca77113a0ab279450475540bbbc6bb0b97480907c8bc29a034c4874a168c5e6,BENIGN
182007,7c6f990a391498691b549afeb5c6316effd9a68274434a435c458e108e1cd37a,BENIGN
74599,47334bac54b86fd1fd4c52403be8f419b3ba49601a3a6c34475e895eb087283b,BENIGN
146780,71e8fc5d0f960cb4b7d7ab3cc8281a7c4c8e477219dc7060ffa5cf9aaa3440bf,BENIGN
102266,88b107e8ca6899865df0c4c1725fa6b39b99a8c9146491b661300114b0172ccf,BENIGN
126311,8bf1f2258bec41b88bd0c8b52186506461c532b7a390fccee548234ebe4c2799,DDoS
144238,4de485cd84a8fa185d7ca13f591abf01e984158f769e830fe836c45e0eab2482,BENIGN
49180,b881bbb11701da3ab6c6f3e7e28682ef300b8354f4bb46e3607a1f56d1021f30,BENIGN
164307,7f9514fd37d58352ed1d56bcf136560d712beaa624a21e8f3a5082b7f6410044,BENIGN
62224,d1f12b8fe9a28c5fefaab54a2b561b67585f6bef2e32f266b7f2692537c1f7b1,DDoS
186688,309beb23999c8675c8a586969582de6c23fb5c4ca2b381e31cb1edba471e2eeb,BENIGN
99433,944d9da3e928fd9e57ca8ad28405ca21fedd10d47e555a85a8e4c61775ce440a,BENIGN
152065,7b6524855286e83abc4c19930bdea2e299dad0df0447dda68042400a3d72b927,DDoS
109301,0a1baf587ebc62bc2e3c2d96926af25b265718dfa8b0c1cf9b435cdfaa3e5da6,BENIGN
46620,5062e9c6d49dee55525cf23730901b74999b27bd2363e3b00cc9522fc73b2da6,DDoS
42105,5cc392d433844cf2641161c8da878d4d4062f1fb4081e43dc54f8dfd9fa18226,BENIGN
181306,d9f2bf0ffd226f6ffe01117e589c33dba68977c5a92b96c81b5a29adaa2bd476,DDoS
25935,dad456a848b27959b829c95434dd427fe23da7346cd926da1b7c022c01cbb218,DDoS
95102,a102f9926b1c9e36bd3f7806fa31e8c01e2a8a421d5bed7d324c119860cf1dc5,BENIGN
32010,bbd25c113312f546de422ec6703c86a1a5eeb681c098787ddb27438e31fe08fe,DDoS
80488,32bba88b9eca0441818c29bcca4fcdc823fa5f5ac90d06b09ef1ffd58a097ec5,BENIGN
50826,4b5aff8d255605b257df7e2e1b746a6c9f85544eec0b886b765d286173cd7c62,DDoS
195171,2e2d1e9030eddd398e2ec7a8c75f0ffa52fd5e17220c3ade8f80d11bc149672a,BENIGN
138258,019475c124769ef317757f6dd4f69cd6343c71691397d467a2319085feb736b2,BENIGN
162395,cb7dda5cfca6a4b180bb1fd26d9d7e37de22211332803e9d3f663d72a850355b,DDoS
184611,fb825618262483b78de802957a4b2cabad16a0d59d1fa5f792a6e222440cd6f5,BENIGN
136857,da63de1f311d7954749e8e0e8e2f1b2f31dc88bb1a608b619c5383c1e9b14b52,BENIGN
58260,8194d96b60337d03fc908cca7f03038d3a031bbcecefdcbfdde2a21ea4d1faaf,BENIGN
126272,e0fde5d15d90e10d6330f44e20998618d114212edf3b4f7fa644503a19b55b60,BENIGN
144675,338b7435e0af3307148e4201b1647a9e37e1fb721135f343be51fcba83bb5e40,DDoS
76790,aed43b9a58884b476ab3b59d29b58ca779331cb2596342c4931008f7fd082dd3,BENIGN
132814,e0e2bb8b09728d76d31f306e84c1ea3ffc36a798acbc83280e4a724bdc47849a,BENIGN
111700,24803005689617ffd3abc39ae04b4ebbdf5bd7e10b2de04d37b252a99d4326b0,DDoS
208880,0b9324f655180f1d02b48f145844a6b4dbee2d398cdaeafda7eebcab38a6c88a,BENIGN
82509,16f5c8a1b28ed0022b63f01d1e0deb76eea775f830c90b3bcbb39bf7ee5d9c34,DDoS
82709,daa22c4677160092c8059b16e7a0a393119c0ce29cf16bf08edc9378e1267e70,BENIGN
78756,b28ea0c551cce8cd177f018b71a2b6938755b176ae1d9164929cfdc945606676,BENIGN
39924,34b1e91eada640ce165291461546c1d0dffb01c89333864ba331a7ded5e0c408,DDoS
31867,c75e5d0b01a69583ef6abe995ef4038967ede39c9f6ee678e566e5269080c5c3,BENIGN
5617,8b2c4c27db7ddbcbdd107ca4e0e8f421c371b6f158251ca81087dcab1fd20c34,BENIGN
203576,8ee44985c20c436de2f156370bf923de99e219d263a9450d94e61402c98f4637,DDoS
133867,9aadfc458688506ceff7abf883d67fb428b407d444d75e36083f6b1df353ad6e,BENIGN
100570,cdb139486c4ad8c080fa34d2f09c051d091f8a21c12c52528167256cd4d0099b,DDoS
163058,d9b2e2fef1bcff0da0e46e56f991229b6ad81b2e961f76f67393fbd0a6ed14d5,DDoS
171476,5c1fbfb605cf1ecffcc4333b26b5ababbc454b56b23d25f01e46ad37e4f6ed50,BENIGN
95068,c60d5d2022fe2e73438ffcfef1e30abf6d10e7f96a23322fa7fb548a9ae12c49,BENIGN
174861,c6c0cfac2c593ebb0b28b05d700fcf75d63d0d83271601809222c7d222067bd7,DDoS
39158,0ab997b716047e918620bad0636190a70c12106903aafe0c7c4fe27ba0602d34,BENIGN
207882,74b2731b3605c7be1d2e2d446ba8b8c1ad68ae499263cdd2cf59ae588321e933,BENIGN
199391,e3acb5e066837d4a2eecba2d56099f97337b74caab3323e9ab893e923e575f0e,DDoS
76559,3fc65d1693a1830f83e72d8f4e05a3ea9ed0029fd7cfa8df1cf557d854a63f39,BENIGN
71033,7853845e157ce3269d83ed4f2e51398af68e327435c5ba817f8a754756834218,DDoS
29041,bc2e6d2e627ce46c20522a932d8e36ab112e322757671f6bc02447b2fe63b18d,BENIGN
184889,ff5072b7ac9a6217afd2c36aac429c1a220845e1ce468f02136634e77294dde5,BENIGN
131864,5631f765e19de8ceadd3f5da6049554dda766324ca22c6c1b068332a3a0387a4,BENIGN
15924,a906042eda0d0756afa727bdf3207600e412b59eb44606212db68867a187c1a1,BENIGN
178018,1e5ade90d9746adda79750f3cd548033af90bfb0ea4b3a635245e5f3bb93cd47,BENIGN
10001,029daab37faa9b47907862a8d2f3100265f665b192b42e9cf6488653db8f93f6,BENIGN
175467,e87a94c44b0643e49c96aa099438c628bc10e0aa6d3096451c321e904dd1f24e,BENIGN
173857,fa6d35270c7739e5705716535d0a104198c9eb2c0a96aaffb1189e2d92490e8d,DDoS
60382,28b0f18914a3c0d36b2964250918b885a8baf39d5039a3b558cfbe87561406b8,BENIGN
55778,ed62a9fa3bf0cacd90a2ac83402460b37663368f58750b26c41d806df6cd8353,BENIGN
57534,52f878c3d98bdea8ff1fe9c0d0fd506baa4ab5db6b3662af73b32b6c4912934d,BENIGN
203121,39880df309e59a4e7d801a2a90ea4d95c5dca2041633136fdc588269103d9cb7,BENIGN
147614,c84c840b7ed7b605f002c828bdeca0ebad7fe001e9f6df8a75ca069be2d2682a,BENIGN
77544,c464bbf0e23a8423ba383b4585a38b5d80d7cbff2a1f4344f22bf07f6af91f88,BENIGN
122829,2667733b0663011219c608a313b0c56718fd0709ffb02b44fb8d0a6e3089702b,BENIGN
159760,6d04030d5658f1cef6e4c0d5118a955c6da7e7f125f021e4b60e0c4e567e367f,BENIGN
72334,74d7633db49bc6735889d275c971b6425434bbad703d7cfb28b1cc3c440efbbd,BENIGN
166184,98333adcb018b3ba5319ae405a405ca9edb102b3183d48bd6266c0b646729d49,DDoS
77923,b6c693dbd010c3a3689d0ff6e0582233fabf4282787445b3d632f9451399949b,BENIGN
110658,e7aa9bf446dc1f42e5e5caf972f822f6c2d9faf5e0aef551f71a21fd09eb3e10,BENIGN
50319,a34604b05d0868d92b0c513bd7c2177c77b41e59009d742148108d13cc714bd5,BENIGN
134662,79230b9499e662a92af7608ac552454d1a4bbad55eb950651da8c2ede828342d,BENIGN
198358,00a8c613010f319615ae97fe93afc4681c27fc027301a01653334a8bc9c6d36b,BENIGN
22309,1748b5460a93c266b6abe5df0180f0223e6864d66cab92befa95a9805b8c1c8c,BENIGN
4473,ecb920371362c1acba252f98f58f69df981671c7d5132ea3050dc751229e0c3a,BENIGN
92189,9a1e9dd916d4b4af87a88e28397bff1ff41cef712e56a7fdfa8a68d68cab1f5d,BENIGN
157531,5d38f2d9e5b854233a20688935a317c6c12245849a4a2c423c172fd24a79f432,DDoS
52874,6f80f4a09df6155ba2c9bab8626d591ee27f9dd05c148e7283e7a088c23e8028,DDoS
206616,321674d1bdcf14912860c564ce1af6aa0bf856d0eef03331a9578847d8347083,BENIGN
85740,dee975efb67cc2aaeb68219c4fcec0575bf5623ec0ccbec6151de2c56263a9f5,DDoS
17077,7c4b194682cf112e26999273830f8b8b03723699100dbbaec0c9fcf2b2f8cf37,BENIGN
108946,40efe77573cd266022e4491d4ef56ab51f0d3926dad20e52f18fdd52655e2340,BENIGN
128828,20b387ca36199e2f5f98b1771ace5a5638e9e29743f1fd9dff228ca73b2f4452,BENIGN
37873,fce812c11ff1e72c93c6dc504052896f998bc63be05b4cbfcb742f5a7ffdc7d8,DDoS
61563,6ea588859d4249f7cd2e4088e328eaf627d01d27a4c40c240a830fa441e98df7,BENIGN
93855,ec9d00f65ac4c608ee46a7acd86973f631a6eb6ca4e76abe2376d5126024791c,BENIGN
27337,e6bedde733a3c6527f8e8cd83d02669a0c8a2bed1c9f5bcaa5295357bf31e9d1,BENIGN
107645,9f0def33af510c51bed96d71251e943e0d9d934a56bf5fadaa3e76c55c3a1c6e,DDoS
53900,deeb6228df96a78ace9f64c91c745ceb850144d151e3f979dc187f588f600658,DDoS
192172,3a070d6f31db4915ab24aef31520544785148068160c137f1cd7b5104789f218,BENIGN
21940,2a4b6aab7f6dc7a1c68d3264739932e4ab1560e1e439ab125ce2bdc3e95a1230,BENIGN
143633,e40bc2b3c31620f29eb4f678974bbb86dc84df9c6ab0793d37c3a3ca9d3809a1,BENIGN
370,4a039571f005c0f55c99aad4d0a2874fa8f92b8f2419bd62d9530c1d2048fc09,BENIGN
197885,a8cf4b70b8ba1f407f801043dad8c7daadcff699624ba9d0a3ab7b8cb2ea8dbf,DDoS
157393,16178802d5a5316458da38939e49a0af8f17442c33efa162270d13a26c2083fd,DDoS
69483,9805de6630585c004121a11c47feb6444e55dbd5e7b94725c54b81bb1f35e056,DDoS
192198,9b80328c3152b9efc27a1a615a0d0e624187333d172659277bc1835ae13a0186,BENIGN
7183,a55b3f22fe39d308036ac29ac415b5394258aadfa8bec921b979c70fe40baa1b,BENIGN
198451,61b8074ce840a078e51da6521ea798322bf537c20b0eda5b5eaae9d20f8f44fb,BENIGN
166160,ab6afd75bb075e53717aeab98616e8824c409f411331c4d34532ef972072b3f7,DDoS
65093,9ec95d708b7d6e48bec55c4e370699d63ce853ef92c8287936907a125df9d4f5,BENIGN
4222,41e4961ccbf85369f7c95ae7b17552243110e9eedb46b521285e37687a6acffb,DDoS
40462,f4d9810557110e5ecb518b3a7739a724edaabd29589720b5f9834b0f649b9f99,DDoS
182177,e4550384e1dd20caada7bd8ea362d1a04fd204c0fb72b74ae989231184b7d4d3,DDoS
118852,45f1144fd2fda95ac7b5e9209c9a241d41ee93f1ca639561d42c46c6111bc467,BENIGN
87387,0dabcc4ca1ce4374a81e51db5c5365bd890b72004b990c4f27c53b2f6271c86d,BENIGN
29009,a1b9c5e3a7de9e1c88548340527b348ab7705a628f9fd3d1acae085f6398877a,DDoS
203768,8f22d90d268f8654ff0b65710ad267dc1619e442b69066ab6ff3416f7659c866,BENIGN
97920,63d7f7da6762342554b5b3d7de1785b42cf979eebb2b120db14edb3cc436b16d,BENIGN
147633,23280923c371fc57e3545a5b58296220c31b8b476b7cae6e6b15fca506756132,DDoS
95997,1995949749addfa2066e5a0ba3330957200fe009f1a852dd6bb091c52a6f582d,DDoS
31269,0c09e569074ba757dffb4c686bda383a1221f193b87a64251023091d0e224cb8,BENIGN
70707,fad680db87f1eb8af8d5cbd445bcb559cec5759c372b149a1cc4b20487a85d33,BENIGN
24748,a5a99ba2d28c88a1dadab509c6f33148798cc63ff95825f1ad9fa9d690ef017a,BENIGN
33920,aa89df0838a794bcdda26db31b9aca822a93db7fc19fb77c15da5740e9ee200a,BENIGN
196971,4474d1174c480e5d4661b5ddad1974c88584a49b8a97e5bc6cb4c5e3fe0afb3a,BENIGN
184755,e62035e97c801ea5d35ade22f82cfa8004a193ccbcde385207da39bcdb921ac7,DDoS
194942,362667714c01c43c792d93eaf6c7a1f3cec8160936aedc94667ffac01c630705,BENIGN
138138,14686dd89533054607c9fc654ca5adf1149ea7caa9a2c873af7054713e1b74f0,BENIGN
89063,8fb5afdeefdede30038daaba421d6a5aec5848ff39133b063c47605243f15474,BENIGN
33767,ee32d575a9d86619e59995bddce10e5d9305d9487772bf92832efdb7c3ee8e44,BENIGN
80918,08d4266732272859b3e5e373f8b5627e1de016a422c90ca8d56a0b361ff67501,BENIGN
76896,550abb808d7d813811ce025d0b240a217d590df86c53eda15299998f541f7f50,BENIGN
166067,5a620a23324ed54f64f1a4ebd8ab77f770b84b615617cae69ab49d5e5eed8ed8,BENIGN
109267,2db71b6689234d12d4c767113d12166110e7e50c6d6ffe01aa7fde82d6486798,BENIGN
45640,f0f9969d5fbf485966c585bf5d38d5a8512f9b1668aff59f0a3fecd70ed16db5,BENIGN
206769,1a995c8dcaa8838c2b5b50e744f355d20c1e1854afb484816fd0150433611108,BENIGN
29454,4860e8ffd3cd673a4dd5d1c8de42836f4b6556295a2d372b95f8f1de2bfd2168,BENIGN
70928,54d8cf2f0435738b2b1a673ffea8c5f65bd289bdef0ce796f58b62762fb46f4e,BENIGN
139293,2574f7ed1fc1c1910693825b024cf85bfa9516acfb70928ac296c35549cc0650,DDoS
57988,9da0a83cb944d3be4921b183caa4b7b6efe94278c4771499d5ad5a5a6f9d3f80,BENIGN
180482,0fcfa390b4642fbabf31475941a223508593a1a3ab30970051c458cc104ee7fa,BENIGN
126093,f122d820f39b6d906f746f28dc936beb5aff54b069fe9407c22adbc629ad4b5f,BENIGN
162578,9ae18d8d20910db79121f0d58c36cd32ddeb22f5e587890b002ed7e78c34d24a,BENIGN
9055,1bacd5dc14745f244ba86b8c943130bbda62362e4a477c18c9f7cdc7b20800a7,BENIGN
88722,fe981ae74346632ab9d6ed057662932ae082bf054fa7d46a88125a8a9a24853a,BENIGN
41541,d29d73d0d47c3dc1e8a0e2c93ceef162a7a3a7818fbcb323a07f1154d6d4fbd3,BENIGN
137860,1397192412d5b20cba646ea0a70d882924aa0614b38429045e0f323a2be7d51a,DDoS
61591,8888a75301804e4b3ceb529a7c85e076ad46b4cd132543fe9f6795f8f07bdf56,BENIGN
169561,a3a4f5f97e69b5021ceb8631a1dcf1a85c2890d33a29cdbf84a9c24d76a4d1d6,BENIGN
141587,b4c5f85aac9c85930dd398b2d9cb2b0a1138060ca03e5c215822c38973850821,BENIGN
153679,3639b1b8d71b014290e524a90cdcdae4dff4c821430e459547bccbd576f15ec7,BENIGN
139513,6c14131aa2281ec337f941e62ad419699ab66cb49de4c1ff8bd3022e69a75da1,BENIGN
167127,7354a51be3380aba13fc32645df611be83751576c8bf41bd94cbe9cf22e5c9bf,BENIGN
117594,fe7f9fad525385e9a2584bf0fa9614235d13a9c9f4489cf5235d0d2d3efc2d04,BENIGN
18854,8e3632ec86ae734edd2924bab46fbff53b6652da5379b5e8fb653c9dbf487843,BENIGN
208157,c12576304afccd6a8e087931ec925890747ef7a0401089b3eb1b88dd3d71a9a4,BENIGN
40422,a8ecf8b6213ea25969eebd7f8cb8bf853ac83afdda4d0cc6a8fbe749a59e1974,BENIGN
36292,68de6516ad5a2b9b1ae0e1397727de7187ccb04f213ccfd1cf5e2d2620b8a739,BENIGN
172570,8dbc6f9d688691ee9e2c835836414f6a8d166596d476eedd28a8ed54e955db2b,BENIGN
32519,aacacada39009a302a6851d95bd056cbb33cb5d0778b13c529ac7e0327b1d89f,BENIGN
177495,b8d2a9dc6e58e8ef8f3d6ee1717a53df55bb5e57f4d1515930a09acff1d2d66a,BENIGN
84877,4aac9de75516d4e2abbbc6eeffc4552efd2acda87fde60da600e010d7736f2de,BENIGN
13675,13d456f30bdf5be38bdb0095f0b228860c3488421cd228125b0277d3fabd19a5,BENIGN
101443,e549e53a6fb34657aeac087ef48d23aff16add4b17f4a14bab9ded7e4057566b,BENIGN
1986,3e5771043900c74d4307ab97e5f5ca22d4992999dcbc5614bbffe615650f593d,DDoS
78618,f98c515037b6121f08df6d58e632b6c7038d20c18646ca10e851c8d918d78c60,DDoS
54801,03ecfcbd06bad3db820cdf3dae648d63686f0f771af54c2694b7a75d18b2c805,DDoS
146430,a2602258bb3d30cc267e0f2bbf80be0f9973f0d3c73af046e0750279515b531e,DDoS
199226,876bf2720e58a7825de921d5851917b60131d521912faf506287e32ed9531e8f,BENIGN
160409,fa96d2d205a576ee02b8eb9710bb460132e2bcb5467c5ac31633eff08274daf8,DDoS
103569,4057489e747b14546939cdef8e83e15c9f56c9fe87e08b30cb5d06a6f75c54ed,BENIGN
68110,65cab936edbbc6ab07ec3ce9da17520199700127b130bd4782c4086a97d2e912,BENIGN
159008,a4989d6e90f48b0de1970692e2623a8521226cf884dbe48a4c979cad163336ab,BENIGN
152587,fdf20583788aa757dd1818b39e75a13a886d0d726402ddf8cddb855f714fcb7a,BENIGN
104920,5d0864cb5b3e91950427fe47a2e8b4562eaab22b8cf3b592dc633c073e0c6603,DDoS
147718,ce589faab6ae23c319c0232ef31661a7f63b35bfae243d56d5f93d226cc5d348,BENIGN
49372,59c3eff39833a3753d85683720a4a686ead5e081afea5d172736f04e60d4d803,BENIGN
198443,776dbcef0e42128787df3238e5231334f9483850ed4d5f449c002cae272b04cb,BENIGN
135218,b41bdc38a75de9f56923af89de978add2ec379db823a349e81afef34e8e9f287,BENIGN
202800,4f55960959840dab6024bca4745a81e11f7e611a89c05f6791cdb952f7dde9f4,BENIGN
53172,f68867ff59dc30a0072c0d6f39edd40f1b6d3f1912b7a989dca77abc6850ca75,DDoS
51948,bc11aa326b9946598e62ee256a7bc751887c21b5c548c1816e6ef50edf6a3a73,BENIGN
125107,fc79c63a957f23c640111e4cc2149ac57b8eb507cc22bd546710a9bf03466a4a,BENIGN
144547,c5b638fcc77a1b97ab3fd990d3586dbf26debe1230cbcbf92ab6c9897a71e1ef,BENIGN
23489,8f9aed8233f196bf7b896bc85cd871c56b754019c5757220c66a89b68085291a,DDoS
81193,20474e2158048b10853e4fdfd206ad3b87aa4065a5f073fdb2c98b6f41fc8ea6,BENIGN
182481,e9ceb4a62f05c7910ee3411fb98bf9f29e61124394ef61b668c524d090c91eb2,BENIGN
37683,6841c03a42e4b82a4c5ba1952d70f303fc617af267b6e25074040096b93c29f1,DDoS
172667,3bbbc24e5c6119b36a6923d4807bb35b03ea4442a98f27781c6127f15f8434f6,BENIGN
107042,e88c443d934be7502205ee1d23e105b0bed69273328f6097cbef913563bcb4ae,DDoS
65507,40e676534b9292a6cde7be3fbf6628a035e82ef91ac819dfcad60bcba2df4500,BENIGN
61799,fd5bb7f32b7b560de6f94ff68867ff358ce647f6322e31e9547e29ddea90abc3,BENIGN
109546,b3ebe149a360ed27cf6421abef5759eba1936c96e1000b9f0641c2cf053348ed,BENIGN
1384,19a77fce7ee515d974bed5116ffa281fe672d81becb596f61d03219842c158e3,DDoS
64737,0ae613e6b47010a595ceebd4afd57e226a9e6ab15a8f83deb628cff0e3cac290,BENIGN
154513,1a6a1b39f714a9946edd51806dc1c184c394917efdb1d7a495724b95e798a072,BENIGN
10032,0810275853a6291250d3af3fc138d51650b1b2a1d7ca0abe2dd5d9bda16d8072,BENIGN
31123,b833c8968eaf2de2b187becfd7dace4fdfaacdf3179433bfaf370ddc33af805a,DDoS
192389,9e4f3cd901141b4b7231c18cdeb9c624945f62ffc3eb25b9b801a8dee2748a9a,BENIGN
49622,7d4d484e8acef518806a13c084401e23adfd5a1c1ea174fe30f7509c19a020f5,DDoS
125317,bbd4607b19b4ec8653f69550d1f8f03f76d48cf15596cf29cf64a74bfb692e1f,BENIGN
141806,9f6b371d2b3d2a29becdf651893029ff259b955df13bee7f745e26d435cfdfd4,BENIGN
139137,8fac2470abfb75ca8dc0d8d16fa78277792529e2cfa24b1bc43d6ab68fa2523f,DDoS
113044,be82744af6231fc0ce943b7b56a0ca50d41f406de61a35d5062c1fae75132abd,DDoS
117139,7826d086ddd99c138e83f96801f7063c021175f6fa99bdea7ae555e43b50b66a,BENIGN
205350,e02579eaf30f07b507fbf5f2c7f81280b0157b732f6fc041c527b2e199b3ab51,BENIGN
201608,bea0c2bde21a9911d99b277e34aea035e5565cd7694d1cbf5f8e57d3b34d6b83,BENIGN
160114,f7597d1e095ac718a71495dfe5cb22db14128af5c41fc55fcbf6f7d552cb81f6,DDoS
68723,4a953233f7654d8d19d6009518a23823c5ec8f821691064699907e8cad8c0915,DDoS
75378,fbc62926aa2b5abeed4602ea07ac79861178849852d12b8e9e0649d3273ae0af,BENIGN
59500,36fa539561165d55591adc8dcf246bfe0a08a4ec6fc2eb58a49c9fc6cfd2aba3,DDoS
186455,101e5a3bca53aa3da67bf4fcb5bc3077a2f8b9c63704851514e003e060b0438e,BENIGN
37074,30abb1e165b88f1de1a88290267a74c13db769580156ff7492cc96025e23b0cf,BENIGN
61400,bed879c4c266ceb6ff4e69ab88601213972eae15c65eb0611ead455e9117867e,BENIGN
40718,cf618db9793a99817e749d491a34002ef8b9056e10102ce8dbf8c0238942575c,BENIGN
152045,8d1ec0ca0e1d3b4db8047e8a96e1646e86165fcf1a88c953466dcc995547fdc8,BENIGN
143864,d1f6405852ef11875349cc73bdbc888975852269dba04db7793094b4ffea8210,BENIGN
178806,01399713d069eec7469abc9404cb7d10fe517b08218188359d642e2841e0e46f,BENIGN
139331,82fa940f67ede62cf8d1c9a7cf769b982594ff429ab3350d92564d6e5eca8485,BENIGN
28514,8d243a4d45b5116fe30ebf05a29c6dc90e5d6ee062b1fc4b1fa9a7b23178a495,BENIGN
9122,dfe39b61a44c19fd338578a00f2309f93e79829bd2b67a9994e1bbd9c74260c6,BENIGN
199083,cf72a68c4729269b1655098798c143050d0f9c4f8e8fe0a97e27090131a34df8,DDoS
32573,e449c6b7426836f9fbf7e6db99bd9ea4126b25000f1b43597875c2e167d856fd,DDoS
68508,2c4ec5b5619d5200bb131556f19b4f50cd798a4cf4e1a67ec0d3cbe7ed9a6b89,BENIGN
197030,766903e3ff074eb017126d893b4d5bce111d96c34b456b92e6dc8cf3c3f6cba3,DDoS
61907,0f6e1f095675d0784a8c1550ca81624f475d3b31d36707229b581b87b3ad84b4,BENIGN
129445,e7f7622866bec077c5771ab1b95f01010baf8a5fbead215f9ab7379ff29ec1e1,BENIGN
207464,4edc97bdf7759abcc117e6ef96f42dab609dec58d8b1d9b1c3a656841bd9c10d,BENIGN
160270,89a8861d56e7595e7d2e3b5b30013e1103e534797da99fb93f034c62c9ddf8c5,BENIGN
191429,56b2f1af1f2396e7031aeb84e59346fe55121a1da70ba5ebad3775015df00d79,DDoS
134680,277c70dfd90c0514aff48ca80eb1a2117144f40a41cfe51425cfeabb9ee1cc3e,DDoS
134180,6c8b5cfbd285c021a2c393fe4184755d034cb13b060b7a59bfccb6e722d0d047,BENIGN
101425,e64cf10519b1cc9c0330e22208d9683c3cc12c90d7b592f1bf34d99116372f56,DDoS
149381,035f9df26b7c80cfa6c7ee1aaedac9b05042c25470002cd02c2169f568c271b0,BENIGN
186078,cbecb13228d57b73a27aec8f4ff26763dca7a111fd60302b780e377bfbab178f,BENIGN
59916,435d24f79c66d13190daee6662e5a87cb9464de1ba7439d555b0bf8e3fde332c,BENIGN
40710,fc87b029f45049ba15524cbd65d34cd92fa203b548582b4379c188a296f7666e,BENIGN
166357,922bf762302e7aea73ec499aa10f3ffa4f1c61b4453d384d14cf4c8b7742900e,BENIGN
135692,e9931109186bc6d747d65198be530b71f51fe1ca073e5a973b5892612356a73a,BENIGN
107600,1250f60483efc84a78e901943c8991bf67b0f5d297352803164b6d000dbdeadf,BENIGN
69134,d59e50922b0e0caa43be6d88d42a78e6f336a06ff8f9b3a7fa2922d1ec56312a,BENIGN
184576,aaf75f3756b6c30b87db09e99978e88883d57a543fdbf215df59005c303e9041,BENIGN
19610,adb1ddf158db865061c60020742a3da8d75e0d0035415f467e8eec1bdf347aa3,BENIGN
125661,f234921fc01b51980976052d6ec1187437f6b37e7aba01e23e2150a2f00e5161,BENIGN
39873,ed2546fb4db276e2fb47064255432920fa211ddc81d000ca03c465b18b1caa76,DDoS
69150,f8cf6fcac16f8dc8c25c8476e7d8707bf766faff87806c35474448eb47b3046b,DDoS
95159,db77aeb39c612b25b981adbf76d661e180396ef4e1149ff8fd52ec5c55104cef,DDoS
202964,10e24ec99c7413f279a2a140a5fa076b357c584b91923179927b2680e9fb580d,BENIGN
91742,8a26aa3237e71e447244e669752f917197d63893c1959257fc9e4132defcc34f,DDoS
116877,a5336440befa45e1e4ef00c3d893b0fbe15b08890c20dcdcef4a63dee96e1bc6,DDoS
94751,7515d58d53852a1e3c7201a8b2aa7045e8388834558e2ff08c9960bed12a7e53,BENIGN
78252,5dd32831255641763c7841b43eacd45d163cf1a7840df4f5d7009b8f955ff259,BENIGN
117523,7f0ceb305b88733ad13bce10e77dfaf911adbd385c72aee9b0af48da837bcb87,BENIGN
80718,9d40b1ea66b90cafdb1ceba0716e00c4d5e0a7b6d20cf5f63c36cdd60970a1a9,BENIGN
170386,607dee929c092f849d17f5d4098554ac89636c649180de8e0472e14fbd250840,BENIGN
138078,e984137e316a68d7d497ddbfda74f502cb069654dd9b59a95ade5f715a7660c1,BENIGN
201749,c64053e7a53b13638bc688b2a42ad7481851fe18c2b0ca28b7a6b0406e706a97,BENIGN
95866,8baac15bb88804fb9235438b6dbe9e5756b731c6746081030bae902539d193a6,BENIGN
14530,64bfe1d6fd6989fc74b4340cea3f8d7a2a23c9c116033338a4af68965cb56781,DDoS
128013,99869aa73aeb74077ddea371f3d90180844f3afc46e5d8da6c77c7554eeccaf2,DDoS
82677,25701827aba1a1bbfb8758e06fc079e213bb332cd699703d6f68f2e9a00cb9cc,BENIGN
208075,3b3ea145febb834fd044055bea902d9bbb3599e95374377c02b641ee06fe16e8,BENIGN
86903,e6777a74a19f85a51c73bcbfd5439a3c32026a261b006fc2814bb3dae31fcd8c,BENIGN
126452,f4f8309fbae0095ced513afe6a9da2ee21935a2c346af922ec85820187c533c4,BENIGN
41532,539d2133e556f59b4a13c460334f1591e0023e56ccad0b5180ace5c69bd6cca0,BENIGN
118571,1a73cc233163e62c582bc22a28a39040359fd64d7175b50f4e70ddca1d76a8d5,BENIGN
144710,c2907101d0ca2e0ae3e2fbe4ef83ea1d1cdc9ce143a78e4537ce5895cff6dd89,BENIGN
142004,7fc84615687a36c6205c35c523452d7d3bd06b47617650650f00f960ff354455,BENIGN
73088,7aa2be6d4305c926b13b3b6e6baaef092726afec1372ad5c688851e8cc384660,DDoS
11220,1e533ac271efb8bf76978293a42beb49025dbaf7038134ae9971ed088ff87588,BENIGN
53398,209a109c841fd6b1fe4580f1a806b339090b3fe44443a56fa489bca32f549065,BENIGN
109541,d1fe79e178a0a0eaf7923a198dc676d902f424051b4cea771b74a016d9e2d04e,DDoS
161392,fcda17f6b972555e7e3ba0d8006e205b23f396b7eeea5aa377f8b073f900b2db,BENIGN
202246,794387dae30fc1c0ed602e5e60b34fe1cebe79f9f9ef0ea7ecd773106c37abc6,BENIGN
34801,8fc529e244fb6b8375e1ab5367f11ffabeb42fcfc7bc515a496c3faa55e84f87,DDoS
109485,a316df946ba97242db0117aa11abb43ba9aa417bfc82583ea3e9447dc36e1406,BENIGN
142497,249c37558543f6310a631d0a4ad9f7f37dd5ea79394310a962d677b9b68cef01,BENIGN
170963,dce172b6e820e4e822fe9e26a4d77f1423ba8d1667d40947236f45c78edcb857,BENIGN
180307,04d46b8d56a00580767dfdf03a6d15c486d3770277bffd7a140a46a1c2f5fc5b,BENIGN
123195,fd549e0255324074d636d94b7620590f747b8c4e570d80c1d839374501f6d994,BENIGN
53310,02eef759ae51415deaf77f10fe95e2a4e26e63539455a789c267b7384e6253f3,BENIGN
137944,c305b958516f64ec204a8aaa5ad05fc6daa800b5de6dea513c88c63addb4fb47,BENIGN
75269,9063a7c0a672ca32fc4cd2993d278656786846587d8b84a167ee0b2063c0ee54,BENIGN
53285,bc074a34279013b5e2d7417295efc3781815d8e506c02401b8b5f9fe0f5c1b09,BENIGN
196717,d23b34bc20c2a5a298b4c92893806848f14f9c396b5baf1d8664886e637c0dfe,BENIGN
157815,3ba6d165ca0829f32fd5b5389040a833be2bcf5d7d0cb341c66e3299b90488f7,DDoS
67096,18e899f14709e30162e96018dbb74c8ea348a614641e0d0ee97af07ca8f53875,BENIGN
122670,406df290f30e36c2fb8ec98d553cce4dac3fe59793db563149ddbc6b47add373,BENIGN
12571,3b3efca48b663f034c4c24f8766e66c4ecfad1bef781078f0f65203ca6e156d2,DDoS
58332,865251d35d3a0ea0d0ef5bd36576e7318fe5972dc431a15adc2e7e458ddecdbd,BENIGN
7838,3f59c8b72cd9e702f5c6aeab07c6dc23e8c083a50551aee608c4b5e94f3c6289,BENIGN
145556,3a8727bc80c0021fba19d9bd54d13eb280a848cd7d9fb824fd29231872f92c4e,DDoS
56831,8311ad3b791e35f42a6d292ae96c6878b42b1b84f878765312ed1e87e87f1d7b,BENIGN
134485,461b23373335507df634a5f9e428c6f9021ac1a872256151c4b104172c7608cf,DDoS
40314,72a6cab9649e66d884e565c3f436dcd62e75f1860c6a07e4b2242d43cab4e34b,BENIGN
202408,64a9ad6725607a3402097c635cfddd804bb635320b1321d9e415803055a0857a,BENIGN
87880,1b361a19dbb2f5885d68cb548cc9bb487fee2936a4331ff889a0c4481c0c23f2,BENIGN
104284,cb81f7a556bcc0716c8d772876b73d62a706b343be7319e323fa3d41826762b3,DDoS
17995,9ca5f696cd9b9401fb161c66d7a7957e6ae112f86cd66c46495de695af41c62d,BENIGN
198325,d75cfef9f6dac3f30876c2441ae72cbb5495314983c295088a65478f98154e2e,BENIGN
30469,05ec6387a07fe6c87a326211b40cdedd6d2d0bfaeac1ba1a7c035f1dec41977c,BENIGN
45394,3938ab9c5296eef095e406e9d06745e28a0a051b7bba72faf14991a5e9aacb9a,DDoS
134448,c79aa11a21a0990723ff9f0d21e794cde970136620e5cbe1a95da43ce94b6c00,DDoS
35647,ee04ce91e28f7abc8f2ba3eebb6e4e886f8f7ee2b34fbd0817a113889c227975,BENIGN
177232,178c20e61c93cd7266f20b2bf084ddd00f5d1ad1a331af84e8dee1a69a2d6afa,BENIGN
3651,3c7684887709af41c35ef9f195f27a17ebd77ae6d0a0b71c5fe731c17bcba4d6,BENIGN
128980,375a25ae0c48c69df3c465dea41f32c41028c3d6b204d374958b1ed4e423a957,BENIGN
205341,424ba5dcce7c11f893063a47e4ce00db216151db6309a2c24adc7f4715e8e454,BENIGN
13961,ae7d0eedb40553eb3dcecb55c4411e0d7fbe38be111fed5db45b9b40958c6877,BENIGN
127018,c6754bfedc383d34ae1891794eda5afbdf596185168a5af86d5612b6e078c865,DDoS
45264,3d852bd09c9caa3986b624b5a84d128ec8bfd977229da22e4dd2dd0a242b89c8,BENIGN
66786,ca0985b44be3a54fcc5afe2536783ca763a5904add51e7528b26a51dcf983e81,BENIGN
136216,60bf0046a29605ca6ff96a7998dbf485923f5f23d0199535db529d1627b25da3,BENIGN
87600,b69437a67c0ede657d574d7e656b28017bd4cd6773af7702b88c84386976811c,BENIGN
69582,ed5852b08f905a983c6a12e573a2e2a7cd0035435a3cc910e6410415ea39c2c0,DDoS
64966,3a9df7c0ffca68cdcab46857fcd4c1105769a4ca959808f0da9b633306cead92,DDoS
51112,bd5147cddfb7ebffe9f898df8c5d901e222f0bd7d4541363fd44db7a56865610,DDoS
170768,61026f673d4a1062da4ec4f1b3cd1def7495e81311dd7be9ce0634edd2537dde,BENIGN
108291,18dfb88bd99f242b1bc18c2d44ec7f1f91ebaa09869b747fec7d82f4b9b4391d,DDoS
168427,d2d8bfc1b97b848b148914662a085e7548f5b1281337836e97031449aff378ed,BENIGN
26802,d7552284b90672fcb7d682ec9aca8bfb955737a4b8fe831567d43678eab4d9c6,DDoS
76044,b408df4f9312801a25fd93447b5dfd9d272999b554d73749d0400f781d1e585a,BENIGN
63867,a430938bff6277138b52aa20f0b1dcda9fe9195c2c273dccb602d73fe4d61387,BENIGN
22266,e3879cfdf4c743d41cbbcd55de8945e5a1be006a1a1295f409e937e5f599e138,DDoS
122422,619df498c8b024218a2949fcae4b1ace2226b39ba3ddb4706c1bb76f2fce2f49,BENIGN
102662,2777a93f72aa26c6ea1c395283b6aa8ba21a548f60647801d14e98b9152831de,BENIGN
54050,61098fdd45c59c9b3cc0152783d81b3bdeb5a1a4fb31b44d8a3531a33887ee4d,BENIGN
61481,bd8ba6ed002a0abe92383e568bae98b598189b5643ea9401026123a64b08f0aa,BENIGN
81261,3d277dca9c88f00459641d26790d27553e7f07cde7d4ee183386d3100a73a1b4,BENIGN
208095,20e2410847b94aca98f76bf2ce7670a58bd234e5de15b4860431b8c6ac5d4d3f,DDoS
35238,45620c6e531418dabb5a49d0fa604180cf1900db391d899c9951aee18b4b87a2,BENIGN
180074,b00bbf55c017b8e681d0c79bbc9b20f8e2ff7dab144696e2114b30615e68321b,BENIGN
57235,9c5dbe9e06e9977190ea42a386298e07f26939f9268da2a82939c802218ecfbf,BENIGN
171417,8b98b49f6656fcbf25590b29207efe5ea846471d66a49d699f0038612f6d2c9b,BENIGN
85062,2f68106b3ad43113eceb629e9f1d6097ad888ba216666b70252411b67e2ec3ed,BENIGN
171949,2a148a2ba9bda67bb8118dc7ef7e71716f3b6fc64d536f637b62c93e5674996d,BENIGN
40678,6bb24d365d3938539782ef712f34807a15c439d51da62140d5b6d751b092c905,BENIGN
126333,cf447d43b9421b16b0581d5fd954b230a2afa38a7c610e1739fc500bee346de3,BENIGN
17538,0648d775cb5705f10593148e5aa99b2529e678f564a3531d9606d7db5ef17705,DDoS
47024,da0d802255b97766ac1aa409dd65455c50fca5cf97629c7f1ca775f97b3ab2e5,BENIGN
161438,d3fe5d152420a15669a19b68cffe00f5ec75cc5adf29865f5bb05b713a35af43,BENIGN
124716,9ab3ddf009636ebaf23c901ecb4c13053023555dd7f519c4f14fdb58b01b41af,BENIGN
126837,2dea873ccc9969a4e97103e9aa9913a4e922cc77c771e856a1c061ee7a4b7c1e,BENIGN
85488,27319b443773b6ecaf0b7b501106b5320b2e3c87aeccf253c45e724fdd5e4b83,BENIGN
78455,209413804962ce8c44288c33bd7d3306631420d42ff566bbd3316c6e0d91e760,BENIGN
22541,7f6f9720e424b1a03db384127f7fbc0c8a546dd8a818c2262b4e2fb4c3b93055,DDoS
199666,4c3f3e72dd84300c04548430130f2d8be340fb92d7ee066f0e2a2afa8db7bda2,BENIGN
5586,4feb58783e45dc8153cd487d474a90784efa5e86ae546b01598bb890cdac324b,BENIGN
176366,c2b75faf1dc527fc09ecc47503239835d08d1d3d5fe51d2bb2f91d0cb89f9f07,BENIGN
61588,f1f19e5e827ba6a1b0d8580cfddaaea0c978a0f4bee45a702a9f66817f99edf4,BENIGN
10526,4c506cabc0342805e58794d4194999f99a4977bbb9e353a84ac33375eeeb10b2,BENIGN
198571,c675e302cd917a749359d7cffd0147338017d43ef61736e2c7873339b03e65fa,BENIGN
42282,1bc43edd93606bea9d1fd6708d0f16e29433c223659d63b34fcd3ad06b167a7f,BENIGN
120311,7cbc287ce9da5f1ac805640e2ec10cdf3c3f701ec2005dbc6936377cc8875a16,BENIGN
143879,d7e4971e3f626c7fe68d53d0343e978c719c4c01d6109a1f402a13e15282cf76,BENIGN
138518,76d2853a8be102cc39874c82541b95a725740e93b18881ad1f84f8ff4dc0a86e,BENIGN
96472,912f40ae8cebbf4a66544f2a166df95ec728b159d83036f560e8aa2050e96c3d,BENIGN
63433,6fde81d4d18ee309d2fd4eb9311ab707c0aa8723aec4a5c52a7bfee6fab9ec11,BENIGN
112222,91f5e571c412e92766e568a0cee4fa277c050e2667191213b899b05e78db5576,BENIGN
5101,dab57566a3aa664c28b00d0414d0e0aad5784c304cfc2fca14717aec3acfab11,BENIGN
53699,325ae2d9db689c2021696094c3c1af57881e1e7b07d36a682cd8505c4d6ea0d3,BENIGN
141401,c89d842ef685cfd35f9bbd0ba20765deea0d8e953c59f43d2ab5d6ee3358d43e,DDoS
121034,49140577a11db49bec913314709083084cacc49d438451a64bcf19efc3818489,DDoS
38729,8f24226333f7bcd0553e7e8a6fdc2aa349b6abbc01160affcc4da264e63813fb,BENIGN
54861,ccb1e101f26dbff17cfd8e2d0a175c790c8e2c8503927e56e6404152e02e09a7,BENIGN
12967,1220638d6eef586472bab04e5d7307be32b3aaa617c0fda226de11aec2d89a52,BENIGN
18805,76e23f6a4239b13d359d4d2558e211de2e5d16d9ea23b0788e548c59784300d3,DDoS
186212,4cb6863302ac2004b19abd5af5ed418947b965a7321d262f70352277fc478a83,DDoS
172871,8b798be4533296019a384808c16480e30d21638f4a925c8aec636925a1181323,BENIGN
24159,e4a0de0694ebe298bf1879af3bd4398a7ab18ed3eecb996d204568acde417345,BENIGN
34162,60fbd91a23ea7b357245e2f147fb482562c43e52dd5db58365f940d8c69790e9,BENIGN
153553,ca9a63bd1c41f61d0cc6e12f62dec43e981fc1f1854fa90b247b6194e557c47b,BENIGN
13352,990a6281244f630291487b64180f7dbe7b2c02f0e27d9698fa2bd2a2b4ca3374,BENIGN
84721,33522c7c751b2526dcaf907ca99cbcf0a732f2a7d68c9879b9304b41e078d2d7,BENIGN
9509,f80962b207be133b3a336c791642ddea5e66674fa92b050a1a150ad20fd315d0,BENIGN
46343,74859d3f1bc7f7e9c609decf9e69cb9bb81cf46521d17414faca6380dc37bf01,BENIGN
190737,33829bc90f31112e5d53e500bd4dc6acd55d4cf5c3d5a9f3b919572aaedd7d5f,BENIGN
189483,0c5db8f385cbe5231911fb8b0280a26225ae6dda6997878b3d68461d3f44f31d,BENIGN
123310,11b390679046fdc0e0b552bbbcf2a82abed8ce8840849a4a0d7873b398d9ec13,BENIGN
121282,09471801f367f541872eff55461ebd5f9d274ce80c9b59644352b26c7aca36fa,BENIGN
38247,74b269305ed507e37133da919e1af9bf2a0bd87891bdec5d5887aedff8785ff7,BENIGN
203804,d08be5aada8b1d5b9ba1e1af4c9cd5b04bbc30320dcac61a88f7a711ff53a4f1,BENIGN
177958,cedc8dcfdd465070d3a5e6d0f65d30b500e145b3109f9b71a8ec636c2bf665fd,BENIGN
178722,0ef5cd0cea63395b047b63f3b9c5633ec000a11370f0cdb92c3e60d2dedd57b4,BENIGN
190688,b120ca6dea229dd04ca1c163cb4415d3e60e2f61ccd532f07cacb4f9e23b8efd,DDoS
202797,e8275af3bf48d9ff07b1b1c2913510dfacf74783da61fd5b5e86b4eee91e2a83,BENIGN
155019,56fbb7763d33392d4405f3615d290d152705029a24010c00eb82155b6c7cdca1,BENIGN
145903,bc77f550af466cb0de1bd02c9df838a5c22f63c2d42ee8ac2676fc3430905500,BENIGN
173980,ce60ce465d273ee0fd461cdc646fd83728de67364dbb0cd68232b5bd4b2aeaec,BENIGN
155052,76df8eb94cd951167202598c568b47cfc0bc370ec43a2faae02f569e06c0baef,DDoS
170342,cc1a5a087934f9fe069bd663556af6269aeb65afe0cb43293dcd7acfe865f1e8,BENIGN
143825,2c9a31ba0a0f0983ff8c97ea1972ecf4daa400fe0e5b11776784bdc52c1c00f3,BENIGN
19242,3791bf73205aba09a947eb80eca3c8060aee01e1f98b9f38558f8a341eadbfcb,DDoS
65361,a95340a953d04c4c43a0fbf30787f07c69792f060a3289dd9b851a8861b01a25,DDoS
173297,a3a03679f370ed85481c0bf8bd69009f8595a8716cf680adc2bd417733f24a85,BENIGN
131923,06bcda4b486615b9bfad8f8ab81b579cde013653a948ebf6f9812bbe372f7111,DDoS
135283,626d6818cf85e060c08dcd3d1cc2963c2af10a870baf3e85a128a9fc18a39e16,BENIGN
16529,be2aee39c44361d6b874bf185d3b6638dd8a9ca7c9be671622844304b5b93eb3,DDoS
147230,38883b5714d9cf3399b00a3f7def77f7868f3e2e93f61dfb2fc90c110c40e419,BENIGN
130045,b89e2f55a73e991d4be6cfd8e2bdd91c4c5710af5feefa181b5b265a134b3bc8,DDoS
14967,bb99515308914f776708e1277425788212a4335d924e31a0c0481cdba18075e6,DDoS
18826,241f0a484351ab3fd866ad5f8485bc3af0351142dcdbbf4cfd165d20250a7e06,BENIGN
143638,202d11616761594fa3ce6ec08fa1619e91a70404b406837abfa5a51f98f69b38,BENIGN
12434,c518132c29546b1510a62902cee8338e2561ff0fe754f7aed0380353ecb78422,DDoS
164134,afc2df9821779f3c0e51b5ae0bf443bd58593f04ca18a0e496aa4080e192bfaf,DDoS
86060,04e73a39876ddf9991bbbbff6379397c7c993b958e16c690ae31d931048b0346,BENIGN
141384,0fc848efc881e37b04b7217613b24f6bac175612e3732427c1ba8c3caa1ea01e,DDoS
150850,ceea344599531548db7fd1e3fee5c4eb94e7de377d2c57d562d486d04f964abd,DDoS
71977,955dae01f2936b0392ddf686e69166f2da29b369b93d5e832f29a2c6a36bbe24,BENIGN
197273,dd407755308fbfebada9eb072fceea0d4176b2c00841661884eb7fbcb17232e5,DDoS
108568,ebdea7d8f691c572771797b3350a438c0dcfb809fafc739ecfaecdd52a399b8e,BENIGN
109004,a1d6702d540ccac33f9970ddeecaf423b64975ef12fe1de9d47cfbe2ad3e3885,BENIGN
165966,8cccd80ecfd3ffedfa133f2da9db627fac3af7e0aec2e54f58b4ca8e929940e9,BENIGN
77735,41034333cca2a37d5bc553151a853f6c2a4841f85ded03ba004b563dcf68c04f,BENIGN
83204,eef15e8927e7dcb2453695f9bbb4be0e1a4186ff079db81c145600bfd6c9167d,BENIGN
36417,d086a097b4ef1dfd422bbf5e87bfc2f5f8159978bdb4b91f947296192ee4102c,BENIGN
115205,7ead0d79f65efff5598c48ca870eced3269fe701cda54cf5ac627f31bcb21ade,BENIGN
30697,a87f56f9cefbe010886c85af2b528cbc586cd3ad61e2415d69ee871a85e2be86,BENIGN
189958,e5b73dd09709ecbf5a1a08fc708c934a5c173f8691c65bfa8e7b4c582c1a5272,BENIGN
137019,df322739d095e09e4945bd9dd16ef967cc4ebfa450b9d16a8d2888c3ce7e3be2,BENIGN
168122,a468435bbf8bed2872a6a682d85ab7dda525663b6f260dd59a48b01bad04aae2,BENIGN
201049,41e35e935a68487674836f93bb6ccea4f59a5371baf21515ef9e7703af671dc5,DDoS
179622,2bb955e2e3f3c19122e81137eb93132285ad9ade113c41b890c129e5120a282a,BENIGN
64477,7f899a7e36395de60e77259b6d22adcde39f3585ac670262dc73ff2291ae97ec,BENIGN
34174,62a27a89898f5242045f3504955fedbd8921d49967c827f21fbfbf96c82dad39,BENIGN
62619,69c70ceb321ed48a08b390f6b582c7c313be7a2d096d8badc177ca4d192f73e5,BENIGN
70246,e28405a3563bd44ccda39ec1ebfbc276f5c0ee0e673dcbf118a039bccb3e4956,BENIGN
116849,cb23ccd14b7cd7795d6f37a428e6eebf6a5b2e6e841969b81eb2d77139958ef6,DDoS
126359,6461a30c402bead6218f57f8acba9c040e7dda9e9656b7c38233719077f907fe,DDoS
154420,7276e51f60107c0f0d287204f13b304f339d136d40768594f253aa28a33d0249,DDoS
8203,7b9548cabfe36b922ab968fdb79cb995ea239b1d669debafc72fa3722a0c520d,BENIGN
51174,22678ad8bf8067a1c8a9a785c72624393c1f0e40fefb5119c5d8df19ef80709f,DDoS
67766,40b5f973aec0f17e6527579aee846109bee0bd8b31f9730ace09c48a1e352d81,BENIGN
82977,c65db4c84f2f3dc4a19caf13ddd58926ab1ad4194a8ded3d4e683bd0a4832905,DDoS
51051,74143e55d3b370f242434f86c11437cf971327efcf9803d7569462f32aaba063,BENIGN
31158,e4b1ce12e2fefa3c00c49559d4bdecb535a9ff60866dcdeb0786d770925450b8,BENIGN
116090,30fbf0dee3c12f4df24b7c5887acc7925dd40fb00a20f46c818e1ff39833edb0,BENIGN
137421,7c4e77e31aafd6e2058e941661a00bb11b7a5cf7bd65f99b7fcaaf90f21d7329,BENIGN
120047,c116b4017dbe1b98deafdaec92c4a1adc04a0d31a3d5e398290bd15d118a9edf,DDoS
83841,4da543204e4dc0ef51ff0b5199276565b85636d70fc40edab2266d0679751357,BENIGN
33305,1c6d880e2dcf3b24decff464581b660affd5a897ada247a6facfc049d89dd323,DDoS
75495,f20e6ee482fb147560cf2975fb38cfcc3868d5dc0027867200b4baadbbadfb66,BENIGN
182366,57d943dcfe70fe11c260ec4a1f672560a3174f93fe5d0f19e2f06c31b67aea51,BENIGN
36173,cb205b16c1a2c51161101f135d346a40dcdfbc5b7d357c82769abc2083f49895,BENIGN
182898,2a22990f135821a026e7a6da9415ee9b8cda6810387bb4834359af126e835f30,BENIGN
94002,ec187eef6d9bff042d51ecbbe9621f3197ce2b003153f517a561672e4dc547ca,BENIGN
28330,ab338ec51ef98a19cfdfb826b84901f96a684b05e9d08dcd5361972218fa951d,BENIGN
138491,ad03f18ec80490a5ad66ace41efaaf783d4a7768c4d627dc75aded2f4c8ff034,BENIGN
144670,457142dc6b7e63b55a7816116657be31243111c37b7e455ed06fa5a386530ab9,DDoS
102121,200c074e17b3304d81501018e3982d2594406a1cf72f5b54be9cf6ad40c80ead,BENIGN
90304,d9f65962b0f6f201671414172d527ef7d700a78dd921998d139f8f27332f5a15,BENIGN
122298,0e341efb6bf0835e5fd3178ef1fa201324595485e9eb5bb69387f4c59b0b7a4d,BENIGN
160914,44feb880ffa9a4ac3a908a8cdd7f770fb4b87a2e62c958ece68a3c9c5e9806b6,DDoS
27982,94c852168f6f478360dd4e5009284716e2f671dd39b5b198dcb642dab9e4886f,BENIGN
186799,b93ef29fad4cbc48bd004b1a541488c1c09e0fe9d00a3faf6c657516405dc95a,DDoS
12886,fe4166f625bb67978462b928284d2447dc7b19e2d349a0ea8a44c4c23084941f,DDoS
123915,7e66a2f78e25343b6fe919216fef47c980ae682a70abd6f129a0ce92d5c163fb,DDoS
145479,6c80d0311307af50b7e3603d0170a04d3a055e48177aebfa410baacdff6cbc1f,DDoS
161619,b31a04adb88ed8abd4207e4e641bbf98f1fb249cbde936be7f0f2285ef5f0bf9,BENIGN
202980,ed09656f5b860ca463634257a6757714c51b0fba4f64014363c5dbce7119d79f,BENIGN
28217,9d0fc5ba9fdfe32f68579d8692bbb18473a43e110d984b64099aa064ca084793,BENIGN
155823,d97e1bfe50f922f3d1151453c80783147621f582ecad540f8ad8191195f863f0,BENIGN
66794,1323fec35868f1cd54779cf47069a96bfb6a05dfef204047091a6678052fff79,DDoS
26996,a7015f60b780dee450cf14099a1a5e2188779f0db3c2b57f8a5b875450a6abb0,DDoS
40463,349d99d7c0e106767f5af4d6fb4cc9d3f6625920488c3c536b72570249ad6f4c,BENIGN
188606,db35fab308ff014fff894ad10b6fb9229f5501e7f35f7a24df22f2862eb367ac,BENIGN
148927,16d2f7b40b2d48b5717eef217573b4570c80334892a72959a2a6bdf9a566e6af,DDoS
737,6c9877270213168fe401e9068a172cb598e170c6f4159925d6ccdcda4f2cff8d,BENIGN
2068,7f0129eea646a256a14173485e92c2b0a793945b510098b3b25839f1eb2c8224,BENIGN
106112,28a3c3889a76e32c49a1bf8cf98a7c22bfff32eba5789378ccaf0ee4ff917ba5,BENIGN
107166,7047f7e822a0c182e7870d911a10e6627732115caebcf65f0417d872ddd8aec4,BENIGN
49935,86ca413aabec7af5a8ba940879267d70758c3e1bb24258cc468eaba38652f341,BENIGN
55769,a0304e1094d1142989fd0ce8020cacf5598865235d0fb0df8847ca007fbd4971,DDoS
72275,2adfc3c5d6b9b9d2c31b7eaa569d2ab0a7c8b3d60b2d1fa2bf57748a1041c689,BENIGN
209363,3ac9e8a54c417f8595927d0756ac9c28378b93df27c20997273f28b7809d5a82,BENIGN
10789,f337a418fb3c226b50deac8aa4cfa49d4a8b3c8beda6593ece3c384ee436c70d,BENIGN
48869,f837885339854b79e2396cbde06b0f5802d82fd3d04215cc6858eb574b5c20a7,BENIGN
26368,9c48e7bdac0f9a0ea7af86f37d5d7c3731edf51c8cdc3bf19a04fc39326040ff,BENIGN
75295,c343a60fb046901f4a619fde7f70b721c65006a6e383862d70252caee7b5ff3b,BENIGN
209854,252f4187bcd3e90ba538d50066bf79953d1e486c1a9234e1279ca4be5f2c9974,BENIGN
121121,be95bbce78275afb77be18df294051901586b4fbf4d624d9140267074738965b,BENIGN
108657,d6d2ed3cc2aded9b5bb0fb6f95468ca03d33b57fec6f1e66774ca2478649e881,DDoS
122574,f276f8ae4c822ddd7cc0cdc4bc45af102534c2b5030a13bb6d6461a816776e43,BENIGN
90275,12a90e761d500892b47181a226a43b1161533e739acee6ecd90551302971f899,BENIGN
53227,09689c966bf0353c620e8e5bccda101e2f652c03e9f935fb22f11769869348c0,DDoS
37192,e0f073ecebd0cbad9e7c36fde52b3ea5b362d972952095ba826dd23023425dd1,DDoS
183326,ceefea4ab0ccb79160e27b416fe99ed96f64200f684ab044d7ccb197b174571f,BENIGN
64428,0f0aeb4a13f664d4debd96017cdf4e2274302243ee482967fcc32041aa757985,BENIGN
21667,fbeae6fde4ca0e36f088df4010f177cf2b9731f4f3f0b80958d460d451ee085d,BENIGN
178472,6835f06fc7b19a7312902ddc662e2025e93383070d15ffafd59f7842e46f498b,BENIGN
156833,7cde255e43aca69e8facd85659d0eaed4789be4306ccb84afe9111161434c764,BENIGN
176408,f01114caaaa2ac452068a6064ae64bb0b0fdc8e163a7ecca732f4bccb2ec4c59,BENIGN
55236,072a4d8f373a2e75f9a655ba7afa1a44bd9636243b76993bf953574288790aff,BENIGN
88202,62eeca144d0de9b8fa11c3b293dfca7d72404b9c9c49d8084d49212ae8249fd7,DDoS
195227,dbb31c6560af8617ac31bd0e67d6516abfd657abe7bae06f9a2606020142b1f1,BENIGN
128052,5f0a06dfd7ba1defdc171dd83e2b6bbf1b6e5fa3126973f334229c33a2a4b7fc,BENIGN
190063,a5e8e4f1a7f3182f90211ffacaf674058c25f07fbc4a971d832a3ad0c9ea643d,DDoS
172395,03584178d2ffc2e65b364f8aa517826d323dc839d83cf6dfa2e667b6351f69fb,BENIGN
152642,2de16d49249d9ac8eeaf402b159f932a856c59ba31ed9968df2d75363c9b1fe5,BENIGN
1366,e0608cb5f422db0867d9a302c1c2558a44fe27440a790dc4def4aaed6027823a,DDoS
206284,0239c3702cb12fbe8329e6d6ec99a2cf205f2577169c22556f4d3f0d144bf627,DDoS
39022,f3762cc9c5e4debd01a8cedb31e9f4e3f137cb0e76666247f3f05f8b7f91040a,DDoS
12067,05bd03a5baa0ea4db5d9bb3052d0f5732fd223a02f7525599d17d826c7435cc4,BENIGN
200153,41a965fc4391b54220429ed66ffa0576e872ec0670846ff8280a24ff2198a690,DDoS
86226,f02ede9e55e65ad23a160bfbcdd090c2e904fe8eba1af2ac844a192ece02b099,BENIGN
164823,09c079ab0e70bef44bb581be665abd1c2d6187786ddf53f4d7382ebb509cee4b,DDoS
75434,86908160053563adf750f2d8aa920e3be5c99adaf9dcbeaef0b8c65629996d6e,DDoS
144544,099d3984b10cf3df34cc783ffc8525cb969a44d30399a4bad1de76025e5c8214,DDoS
39895,359286888834cd20dae86e812bae2b0f3cffae89066770e09e995288c8e88527,BENIGN
106827,4623bc93c298bc1f7dc0078961df30ca42ad8be845d17f9938282e324da1e644,BENIGN
113824,a5dd30f7bf1519e49fbe5f7eb63479b8181c47a51c358ed88006c138042f2988,BENIGN
205657,382446a6bd1d1b965fd370a170922e02993dfb3ea21e13bba703df353fdafc2b,BENIGN
116369,f6bb6c243a584847913a8775a3c68923e6cee23299d5709ae2433424971de6ed,BENIGN
20025,222ff4f7c372312e7a24be8c381c3997f70068c9ddd81fdffc2dc0b87727f7e1,DDoS
136685,68c2602b9fa2322eb190518f1fdac6dc8e9aadc9dd6dab78fa5bf6cb71245af6,BENIGN
68111,fca2857e2e2728c199072e5a806c9ad96afdad2e7211e98ed0554fa2aebd0a38,BENIGN
137613,0abd5498f8ca71771289ecff4947be15d0b1377c5bd841e077894d227a8aebed,BENIGN
108706,ad1b8ef5e83de3c49a836f7dcde81fc938c1b99a200b63b822ea240de0f1bc3d,BENIGN
99863,69646d4d61dbd83b6aaa05e87aaf72db2f51016a329349fba302d05d82da1308,BENIGN
158325,52f0b8744691664188eee8f57ed8a1553c7dd3bbfc3125ac2a31428fc13e6586,BENIGN
136572,319a2e84129a68197fadee51d54e123d7844d089be54725d9ef69ee28604bfd6,BENIGN
160102,a651e988368245c92eb8b9ede60c3091a8cd4132fb4ce69c8eab8f84674d8264,BENIGN
143372,b519bdeac0eacdd43432adc72164d9bbf42465efb98e181f47f9c48e0eb012a8,BENIGN
30736,82caeef32550ee500b9b7fbb61ad01ea769f2109b5c292cc571d63634f6131de,DDoS
90196,70a868a5b7bf7d57b6ec14c619b43791d626ad5a150a51a67be40d2ef4dfe688,BENIGN
149880,98093d47f55f0ffc3f7aa0d51ab92fb717dedc290af1b78621771e2cc6fdeb37,DDoS
82104,0ed5cfcb43b9669378ae249e82c81a63d750bb0c2a6321a5480a1ba527fe1a82,BENIGN
205836,70c74e6211e2cfd7854dbc5a1cb0772811fe8fd1c8f251f231eb4bd4ea2426ca,DDoS
204059,47adaa24653a03a6055e2d8f2dc79bf86894419a53d845439478d965e1d8db6e,DDoS
47860,d8d41fe52c0364a2002f45046efd93c990133e357941fd86a0d40103099cf249,BENIGN
196962,0a44b88792c9c9e9871fcad1752e4b03afc0264165beb04b290d888280e87875,BENIGN
195571,e9da3e29abec0099aa113616031d9d7cb02f33335799da6d40bc3f35351549f2,BENIGN
17435,1fd44145445e595fb341f694bd37317ec1b9ce5547c5090c5315239483f18dfd,BENIGN
149769,ea0a67e87e4410e94da4c36d6bb38d00655f68720fe01d4cbeebae98802eef47,BENIGN
115417,53be81794557719ab85f640f1ec74a02ab645bffb943317c2b170b88303aaae1,BENIGN
3889,5aa566c3f248047b5f8f3f2a732a7523e81dec2f5ad5abc5336ee43b260cba9d,BENIGN
200804,557d5b61176a3fab7ad1a6c7b823db33a059f3024ab5a404f959fc80466e26d3,DDoS
161911,4c62dcd5df0446a4e480d20e2b716301080416150fde3adee9077ac246390250,BENIGN
15272,ed26ec9531f66aa1c82f4e61aea914e049808c37ff1e860f9d1cac30411b17a7,DDoS
194662,b84dba9cc05b01d8936ef39bef273c7c1a3820f0a8daa5e79e4366bac37c8e1a,DDoS
124792,25c8189a45bb26508b77c29c2a10c00d71d2b297f897a32106a6a38aaaa11f2c,BENIGN
109537,2c59c3dbdeff77798ade08154bf18f6192d420d23e9a0310103a5237f964cb46,BENIGN
71177,e162a6410262b6f50608d8cff45232f5cd07ea0bfa74e517982fb358019a832c,DDoS
196459,46fd5815a553008bd7f9ad2581b77661d234203d14ccd23fc119abc4c71f88c8,DDoS
122668,db5fcba9ebd751867ece823f614ff9b22eea5ebaf9c74b9de572bf1ad2c20b72,DDoS
38688,54051612cb7f1ec7a299be4151456f3397ca809e9bb6b62936149b68647154c8,BENIGN
144860,0459775f150d69bb258ee97046b7def910b079a6df865803888bcb4b1a4eb805,BENIGN
199016,75c596c5bfb9b3654bff0d6f92d406e51cc26d1a68e22cd84e8caf2a125f8388,BENIGN
196763,1ec44e4ca3b8f71b0879bb4de248b8aac23ed54da1f9e094ec33580a321650b3,BENIGN
178821,941d8e2396fd2f48cfb44133efb591821212aade6f4efc690ca72d4dbc9a9a1a,BENIGN
88502,22c759fab2d8274b138c0d682b150db857c0661196e3eb638ff12a4dcf7571ac,DDoS
103646,54e174b823effc1d9476553b7058a6b666de3bac1756d5626dd80345fcf5f31b,BENIGN
20917,c3b15a1d698730d41f252100c57a4515edc64cd9e2faa162c3944c46290acb23,DDoS
45291,e2326622568602cefeced007b077b89c4facdc2b6b03b1429745306aa55050ec,DDoS
64324,37c2e2dff34c383c8ed2549db06707fd517a912cf8983a3dd64ccd298aa2c625,BENIGN
208383,8b622dccaa966bb85cca760e75af4dd5496bb04be31b24378c0c9c93b5b1886e,DDoS
73982,1f020d313355c707505f0de18e5cd4b9920c900af02604c735b8f9d121f759a8,BENIGN
185001,6a722cbfe3b3d6b619743d6ffd605948bda53f8f77ef136683b8c59df11ede4f,BENIGN
114076,cfe647af3b815b547289978150a5d5a669c424b0543caa4954741b6480673c37,BENIGN
73617,51ef4b785fb1b165d6bb07dc30bd4e158bd83e405aac03ac51a68f52149f3898,DDoS
92162,3ce308f90a4fea21a43228a85e88e694b090676c5c160c5f07f2934339399a5e,BENIGN
95633,19207ad8e7e0453bcceb02a89765660b6f3ddba66b19cdda7d1b29f80f3bd3a0,BENIGN
19727,9baf2a2889d0fb2556cd8047a38b55a702e7be2f7121ba73c0a3122248bd5f76,BENIGN
134393,0c1d2bea9b654f04e5fd7436f4c16324d759d8fce9f22702dbe8a74b1cc7a4e1,DDoS
132053,9dd5efc3ab4b55152f712a6e1281e5b143a4351fc1b82b5badae286e50873cce,DDoS
121418,47557999dbdf3c656f1bc3bf5e1e81751f390d1327d76cf0d2d3b18b87075dfe,DDoS
135917,e3a1d3e75907c81fd6221611b370a22820c39cf82fcd67efec0083bb02aa9476,DDoS
35180,5bec2e2d581e90b157ccdf275981694563785766d43eb60f08f93d36e97bc91a,BENIGN
100156,f28935ebb85746e003cccd8dd0bbf53145a919dafaf167eeadb3531a1d1b3690,BENIGN
589,6d693c7a8105d649c22d00381570ec31adddf4dab4f5295c70c6418cf740de8e,BENIGN
136062,a7bac740b4a1cc1c9fe326a209b93da27f781174696a563ad44c0814798e82fe,BENIGN
168983,2bc9e71c241328e8f2de3d9968311ffc57ac7fdf188bb144f3f5263943aa28c3,DDoS
73540,8c246aa45b35f95131c9adc844d4bd6465ebbd51b41c70e39d9f859913bf1faa,BENIGN
28639,f0119a85540f33da98e6ff7010af94f017bf2b74452f6edcdf88b199459bdadb,BENIGN
82591,64978282ad6406d09eecdc3c07e19055b4dcd198c138d3d38ebadb11cbb890b9,DDoS
8606,40cc33fa8d4807f493663f743d06f86d1fb1523f5b99e33e7ab01cb11979bfb8,BENIGN
115507,1e2c731a19469439fa98b804c4ef901d607a6e60217d94c7d369f4801df75708,BENIGN
8723,3989ec4206cb44395bf7777101018fb4b652f1c57fe6c28c44af167802d7df1f,BENIGN
102702,0fc6e3d980e9f02ead5a8118c2dbb77417446508c3616831fdf8db4116745471,DDoS
26539,a582734772b7aa5626f64968735afb7d5aecf0ef8ea3ccb040b5a11490458a8b,DDoS
199879,e27bd5064cdb46f5228e46c831d3663795a0943db3d8b85b90f6ae89b3865d70,BENIGN
151641,843b43912bf4b79300e1b3946dc1458b3025c2872866b605406889dfd3eece31,BENIGN
10993,26650240ab9fc72c7d5e9fe458db9eae76ee85742321a9f6a8a7ce49014c6369,DDoS
178668,a99454d76784af4187355c0db1aee571e847c43efa7f13b24009cc161e1c211b,DDoS
8176,a182eb950017bbd31e144bcdeacaec5e87f16de98af147e5d4329e2c5148b42b,BENIGN
151514,77545692f31c69fc8c99da1a36394e44f878b0142b5d4b33ea2b05e6aeec697b,BENIGN
109399,dc9492cb0087a147fdf54ee98efb02da280c7d270c969611608714f2398bd6ae,DDoS
47770,d88647a4cb9b7ee3b13cdf5fbfb948b8c39a564e8c6bba3843d56fdbc9742e7e,DDoS
165783,c8c4687433318b17a5694756ffa094384e4aa994a24e8328a6f4f7b434f04b17,BENIGN
58610,23aabd773abd078a09c08f4d018ba86c164246bded4c2d22fbc879639d84d357,BENIGN
199479,50af0b7ca88c4f4b2a17ce26506dc12d2fc06d7b31cac9f6de1880354fc8a3e9,BENIGN
15518,462157654bff4445668be7ef38c160aac80b845e7330afb99835a49383121b0d,DDoS
72278,c8249cfbb0e13a3aa8f3fb4dcf17a4f9a695ee934d822e71cdff3b934fcf6281,BENIGN
114334,337d176526549b5b441688b9c6125db9d1a92e6f41af91c18863d26593b598aa,DDoS
124153,9e2bd5be00a09c664a683eda7c403b380d8918a30a4b2c24f9d8102c175ff5e7,DDoS
24059,c155dd9301207bc7cd7a1484fd2c70e18828160595b59fb972e972cbc05a08d9,BENIGN
179332,e3235fa4206ee504e64b898194f36adaec4e30ec7eada14f99c2e8026906287a,BENIGN
80264,80faf90d9713a0ab9e03902f8bf1ddbd38e41adafc88b9d24fccb00d3518f5a7,DDoS
199680,188a81b65a45cedb1ebf79215aedc2be5f45c95785f13cccbc708fcc0372d6b6,DDoS
187458,804f86b74352b18ecfc95b8d0a2ffeb8fd04a23a13440eafe794fe47bba850df,DDoS
114399,0b441c9541854d7bed2622e4cd768c51939d734a89d42ed6eb7cbc6fd9537e0b,DDoS
139748,7a532e9ba538a463de719081c589ec15f88c3e2ecb5c4d9956c6be80f561d9c0,DDoS
14064,58059ac5421064fc75ffe34246030fe69a45b4a8960eb601bdcd990d4fc49c6d,BENIGN
166710,81af2255f6864a6b807dddeda8226e32e532cb28ce7c0f5dd14efd2fa07db9ef,BENIGN
69615,617f8f05c984770956f859cef7627ec71eb7294f1ac7e34f1eece64771b5d2c8,BENIGN
133841,1791fa54d964962e5e3d69f0e0dbb682893c2ad93197b36fe7439e7c610e527d,DDoS
112692,487cf61a2d9b86130cf093df5a1e8caabf22eb2f7829c7c32687728d5e52b714,BENIGN
49529,558b69a63010786a8ff4f9f91a256648a9d3ad139b824c7a7478e3f85caf478f,DDoS
46922,79ce3c1b8694ea742da773c03308019d6600cd18884fa4678c05ad58927b5ba3,DDoS
196770,ab8f40ca991fba0d58f60e7c1ba42914c92109295bef16420bacf14502e50276,DDoS
5253,e66ae270164d5fc5f96a0c102302bb8e9ed8a0ddbae3c89950680bb8f8e64911,DDoS
51585,bd8018f29dfae8864affb687a9b86c88a482458852a33b5df7d74a2ceac5d870,BENIGN
29428,48979c80182e96301249a02e8495874a7bf8fd1255cc1df5facba9b8bf0497f1,BENIGN
6144,73eca7a6bffafa7a9fa12905f27919fbf95dd5e347df3f446fbc42428f4156e0,BENIGN
122904,554c5cf389b4b342a15158fff9c8060d12eee199f9bc1936041612d265b0e339,BENIGN
94882,d2bd6713b49f55419ea1f9d002285ba88505c5fa5ec1e927d5528230345ec19d,DDoS
174873,8a9cadccde772ebfa146c4a1e5e5b702851737671353fdfccf1d28ff6ef41192,DDoS
142934,4fe0f6cd42e80066fbe42be40cd443d104c2f220dc03d4fe79ebd43c258ab401,BENIGN
157137,f46d47a5544f5614b8c6748428849b8c9a9777801d15d4810d6bcc309fbd372a,BENIGN
183023,b51847cdfb760258d8e4134d11a7bfdedda0599362b3889afc2b68031d4537eb,BENIGN
57080,f43c49557a75febba0ee3a231992c1055640f866a660e8eeb1518295c3c02924,BENIGN
17694,1f694946feebf5c27ae6bb2c8556ddb4fbcb9b4112c94a788a1d88348bf0accb,BENIGN
183870,81570264675904704a39bd8799e9e8cd6ba12cb2fbc048ce26d78e7b8d7800ae,BENIGN
150388,e02e638e2d669455522203a28190ee8d7fb3320dd5053289014154ab84beeb27,BENIGN
104520,3db60bda015a4b7bff23a742d6d6a7244c45c50966abd0c3d0b3dc6a44523164,DDoS
26002,8627de6568b31e122cf2aeb2c275349b9b374770b07a1ae2df95ffdbd2790883,BENIGN
96433,691f9a3e2af61654ea4c948fe49afd026f90b920396b4170d0221541d2d13b25,BENIGN
186388,9d97f75fad7602acd257100b772b07ad10e2d9b146d40a4d8272c247e8ee0715,BENIGN
43211,34197bc60f7d5d3c1703c7ae3a82528559a7412fefa1a3ada2726ac2d8422637,BENIGN
51460,6f10fbf4e25bd205623374da36eb98d12d4b57bd1afb4e5ace5455d3a4b87515,BENIGN
7185,3a1126b5808aa1b7963374e8d51b75eade7947295120e05c324b8deb9b965fc5,BENIGN
75147,7da96a4cea0b211009e250383cfa8c9047e01bf3458434a4d3877119261c8cef,BENIGN
110235,8c305e57407f385e19752d3342470e895681bd8bc42ab180ae6dd2359c847f37,DDoS
192570,9e211129ee205e8c82c4cbcea133b26b331b017ddb04b3f441dd115ab76868f2,BENIGN
141034,1b3c4eafd628e6a1dbf8750179f436b4434c05f1356db890fceccef91c23025a,DDoS
110332,9430c389c9201b9580b0142fe3d7ebefd592d9845c443805b3edabf3008171e9,BENIGN
188743,9e50be6ed3e79490d4ca70f8d5306663916ac0baffe7582883f86858ff557a64,BENIGN
28419,7d575634ee0b4c2d18fb932c5247527567eecb7241ba0ed118d8dbdd07d0a416,BENIGN
86354,80966464c88c342e908be9a4b6cbfa10c1c04d38c100c23770dfe467a2f32311,BENIGN
36754,e86cc9834cc5eabf4ce5c7de3fee5678b4e232bf44919a14dce54be8927921c2,BENIGN
133290,456e7c0b8668e789d6b3e13c1c561cfdcd9be6c6a44ca2f38c3bebd21b0d05de,BENIGN
194158,7ace718df8481a4e9a7f95b7e4377e22bc3e4b04f58858cce91372062a51b8de,BENIGN
150742,eaac8295f3a3a11b0e5c1b7f6dd9feb5a193cb91d8b05b37d13cded7f1bc4fbe,DDoS
113348,9799981791473d717195fdbee5a6bc91f5ecb6a84aa8b562bea402ef22f67bc4,BENIGN
1192,13d34f4ac1c5af5ae1ff4c0dc0edb669e82b945d4f91d6d90b35671ab3288ed8,DDoS
18204,cd1ae9c6e3a800a48fda5b81acfc953774baeb6abc96bb6858772bef0dd710e4,BENIGN
86249,c4af276bb353a79d365a7ed1dfcd154571920227bd5970b6f39d29049e45d308,BENIGN
27084,9e07882f9577ed94ebf8076eeeb34b02843e7854a055083806754490ec61fd8a,BENIGN
34269,52eaf2d8d9a31cbd019e9776f3beedf24213a422be5e75c4d9b0310562dc5e67,DDoS
26839,f18134ae98b29e8c96bc81a3f9585390cf1c6f154a04d3d23dae2b06d48016cc,DDoS
207194,d09e2417ed4bc201cf58096f9b4518beb31dc6fd4b9dccabb849aafce63463ec,BENIGN
33408,2f5ae2f0390efbfe7343ba9180858805712201b74c10784c1b63c018a74e0e1c,BENIGN
118099,d35a950f8c41a30d03b342d298d590d17015de29feb359255dd667566421de86,BENIGN
115229,93e5c53c36d498199ee5131ba17a777fb03ea76aef35184807c344083f97fd9b,BENIGN
105038,521d6706a7f2d1bd558d2dd14379c8c1fd28449b9f95e6ab14817e164a5b09f5,DDoS
105509,0e93c70a07df76ba6ba5282fccde275ed3bc1aa997e28d077b2644d703e61b9d,DDoS
25653,71b9175ea327bd862f1937af84eae9c1b55ca4e0b7f15b091d5d26fb427261dc,BENIGN
20530,36132388375b478b1a66e214ece96fdab56a6f1226ff168a2dd84b5ad8950ba8,BENIGN
110695,c15738036e77c985b5d1e15ef56106363b32609c9aad1bd0e9d836ee2c9f3fb1,BENIGN
85904,1bc0df54d9e6dd23d76fc9873804dcc5a8d29db897f61409b54b9539eca8f1a6,DDoS
147554,cce767d362f18d8c3b10435ecbf7ed80bbc73d945d2ac84b64a9815697a0927a,DDoS
110185,ffefd5fbfef43afb772f375b75c54860bbeda904c7d52541d9f4fe4191a12ad2,BENIGN
162621,6105b8db372540963aba8ccb4a81f67137dae01468a68a39b460c22b8bba0e28,BENIGN
170615,85b740186743ae2ffaf27467529597d206d8ac0fb5f82ba15176eaaa95e74357,BENIGN
150535,fffdeaeb87962cd06823f51c5e3ee0daf8829abf928a7f20228a532421f2156d,BENIGN
95206,94b6069b1ff8d7146c2dd45fbe197a23e0fea1632d5cd35dc926263d1488fb04,BENIGN
48917,87d581d32e7ac115b6823f33768d67b239f73d6ec3bfd41757cda844914d7583,BENIGN
85725,8a2b81d1cc1e23b89c5b620532baac453b3d12a7097726bdc1546e7e8c90343e,BENIGN
105547,0b2dd35f24e7ff965201d4241c8481694b17e74962ec450af94e3f4496917744,DDoS
132043,0af14d50c63665e10749221b779b9af4e775bb584d796a70ef9672b1693975ad,BENIGN
134190,ed88b62e05dd22cb8e7e003d3039c157ad4baef3dcf407f182542ef927fee54a,BENIGN
115825,d454633f4e64f5ed081885df628f15475e4e9ddc9abe87cbe7f06f293e39e9a3,BENIGN
89847,b1d639243f4bc3ce138fa2cd4af2407ed0ef3fa07e6a9da3a0904f76498a14ac,DDoS
126516,932db2140c4e5394a80de62a0f4abea64b620552353001facafb8ecc88e2a51c,BENIGN
78935,e858057a8a5450654979797e8b41b1e871f1a81ee0a30cc448aee5696137f679,BENIGN
3953,cc403d3153d90b0ac7cd0c3c0f9cef488c7e67adee21980c6a93ae28c05e0916,BENIGN
173663,07e109bd821576fca3625a9523a406b0ec6ece816bd9ebca3574fdcc934c19f1,BENIGN
163099,5690f8376cfe302fa58028b258831ee4a91a09374177080852e12463224825c4,BENIGN
161617,205109bc964897586088c7f3cd65d1632c524e01a3ce2aaf0bd0a47b944472e9,BENIGN
47994,6bf8199ddd705f175cc2429f8839d68ea41e8714dcc5b5837b761f9ada0b75b2,BENIGN
41526,70f456f169e009687060b78245ff9c4152dfca917a68d0b207d2b62249d3ff22,DDoS
75467,201805f288957883b0d5b12c05af68f2f38ec3ffd055cb1ed95fef417a56e22b,DDoS
116370,f477700a87d4034b440f2352afb20f70b3ba73cdbc1fcf0520a0aed6a76394d2,DDoS
69598,f0e2c30bf9a1adfe66b03aabdbf602086087230ba7efbd194085807f9cb98b34,BENIGN
23536,5618f792954429eef1a60d0104d35346046f62bd83256a3c0f908ce5d31ff0e3,BENIGN
615,3f257af9ba88459cedbd49d78d4e43739d680d76cceeef4c6ec14fe50d649e68,DDoS
200156,49702b66b5f5b2f5144b8ee7643eb5c404cfc449013345bb0523e79ed316a6f9,BENIGN
85586,e166e7cd6461c3a7d83880a522b2bcd625bde2c26db53f65c2909388cbfc3b55,BENIGN
197402,2c3b27d42ada525568944383bfa1873bfc4a7f9350e6bb2fa2573c7c3ce536ba,BENIGN
185772,28ae53ff7e7b812b7edcb73be8eaba18d4f45cd76400d48e0a99aa1f0b58a9d3,BENIGN
112312,a67b2ecf769c3008d8ab26bce0aef35c8ec20708697dbf6d7023aa63f30bfdd2,BENIGN
114592,2f9ca7c74e899757c2e45bf81664c4e7aa2a0680a343adef4669eef26cf7d791,BENIGN
13449,9a6181c543c09b2a51e8ca8f2fb2f72cfb4735361d9c3329c69513a02ac9031d,DDoS
186292,d7fe129a5104c7eb47155ed1ff45155ed195d7c0f889daf2a84383915e49abbc,BENIGN
150039,197ed9f048693fc88358e7217177523c5a1d0de2c83371dfec6c97a02802fb2c,BENIGN
134189,dc39076d1c6f3d1acf6627e0c001894420b45e887784f95dd3a795fad9e160f8,BENIGN
178011,c7f7247f1ef2eb6a9842e772f50c3951af8cf48d947d4930768259c2aa40a06e,DDoS
193061,e69e981e5dd201484982d09a3b423b098a0acf4085fbf1ef662ebe9991879413,BENIGN
137996,ff8263cc7ba80c344e568fa750dcb25896ad11139837dd667d6706d1241540c0,BENIGN
175620,e9076a1ec9f2674f6b72ed1b24aea6ce0d5fd2db19ada89505deda5e8319e63c,BENIGN
79351,f594eac7e244d17ff52313709a2209e14c072fd7b23e2027f6230ac6af3f3d82,DDoS
139715,f075b6c118cd4a8b4a573e33583d26fd02d02c55269a1d17600f02701a7a9752,DDoS
14614,a0f0f1c5d1b13beff483094421c7ad5f950e8512c2b03cb6d4d95905eebc292d,DDoS
170773,2d279a17f3e5d28a5c6523f69cc56ad851293f948dcd5542ae352f055c56c97f,DDoS
128483,537b5d173857e2dbca1d4c634d1efa4c646368fda4af9f4fc3a8cd63e27375e4,DDoS
11867,c16e0f119c669f1b7fca8c1d7253056e3c289116c46161d1e4aaa0be10ca1d85,BENIGN
205559,109070dd312e3e6051a9a4e6d6d9bbbba30d4fda83ec9d4ad4a567b4293ca3e7,BENIGN
173173,acb67a23d9ad473f7c8904695067a3ac80a0e40326fc70fdbafab5d6764d3bd5,BENIGN
86504,4afe96773b1d8b00d9fade06332e0667a84fe7d46590862a416485847ff3dde2,DDoS
154728,6008e0eaad25ac217ac94a71b4d41012e54886340a9b760113a17e62cab37f2c,BENIGN
177050,e8aaeeb54d9595e03aa3f1d8ec584d6fdb296ee2264c074b1f5165aba9654bbd,BENIGN
91665,38dd15d4c8c62c71e029898acf2af84a801adf2f0376dcba952dac468fa26920,DDoS
117946,c777f5375fb4e361aa25b39d279d47c37e3d4e365cd6b2f643d90027d399e206,DDoS
46198,cdc0ae6ed649dfa00bf5f7c34bb3d9e465ecacf5e14653746984ccb1d3f630e9,BENIGN
1696,80abab9712a35dade9504aae465c802dd12c06a8e1c54fbd9da99042aec47839,BENIGN
32502,4c4e60a9478bd31b4396ed6e0afec356b4006e07b08db4440e5ccc94eb9b2627,BENIGN
81273,c008268eae2da49bce92e4cc5f8c86ffdfa08cbaac8a86a9c607312825992fae,DDoS
17977,798841de44ed94083bbf62ab1c2aa4dca6665083852e5773b98ba947111e9164,BENIGN
22351,6882a3265c778f8eef77a8c4169153152285411bb0ac6547231cee99217565e1,DDoS
163361,1412d89660dc190b44c69dc63f0b0a0b7fde108e3ba97716ea13ac21be1be7f9,DDoS
175567,1295dd8180eef33f02d44a2138aa05de82291beea7ae690b3ba9c0494a406dd7,BENIGN
87829,40e263c6baa3eed10d550f0afa8c144cc44248b51088df9aca000ad1369ce987,DDoS
187886,7e56f16cd91be32a557e370fd18f990826eeb70df6ab7025d4f0b3a0731b605c,BENIGN
122336,c689ffdfcc9d0abbd0349d4e8d1061c08db00351d3f0f76edb0d12cef0b8b76c,BENIGN
47495,834b5a8ff169a5d0e8eae0665dd602ea6650935f184db29e322374716b11cfb1,BENIGN
66992,c557905a2887e43466312e0445eb06b9c3a3fc6a7ca6963dc291d76c67a7d925,BENIGN
25333,0071b8f20f49131a3265b7ebaf820162dc009add3e278bc6005d1b71002fb0f4,BENIGN
41094,5385534649ae4af365f5a76533555440a805c9133355b87144b2c238a047a05d,BENIGN
109583,e87d41afb896d51c6b75d3ced413553865cad4e58a18c44067d3f89b2daef3be,BENIGN
189588,e618e022adb7a3590691ccf264e3d490f77ff9a5297422398e4adbcf72b9c971,DDoS
79693,3ad1d1acc335e22012e32d11d9bc65347b13a83a46551b93e9490a2776cce46f,BENIGN
159722,ba3c8406d349927b9f5a6a33e464bb7b7fc001ac62161dbcecce1de03a0e278a,DDoS
104259,e8fcc50058ea8d43933378b1ed1aba4cfe54b17de680ee1a51ef4f4aa0ad7899,BENIGN
74137,2dc2cded66d66f2b5c621e0bdafdee6ba5f97b99f07b475aacd99c039b9df29c,DDoS
120405,96360b103e61a23615823faef05c0865484fbb843072c9fa9d3db91c0d00b338,BENIGN
54103,27bcf4f77b6cc3ebf6e66ce675c84138b4f6d12229479e996dbc748e28b468ec,DDoS
132568,77e04204fca32b8343662b5269ad14f5aa2ed34458d5e226c05655d988c0ce0b,BENIGN
43261,f11adf379cd854e33ec3a371eecef623d168b084f1648579d2b23a2a6817a98f,DDoS
78274,71586c1860b0b7d73ee795fa990c64365b9525bf4f3835bf17314464c69f2337,BENIGN
69737,20d21a21af5133e7ea36a0d4e789bf7bbf11e934436221d185d27ca75cd94bdd,BENIGN
15512,d5a5d67dc13feceaedd96d1aada9d54edfec61dc4c589464404893a9ca7553ed,BENIGN
20629,9b2c27c14f6515a0e3ada530c651d3a6bf16579166bb3155304934c293cfc939,DDoS
52222,2e2a47dcf23f800eac9d1e68904958914136dcb460229685225cf6dd286fa4f2,DDoS
5869,45bc1c0aaaa582993dafe1c32ff483076ae63ded4db520c7beb71e78e7dfb5a7,BENIGN
96299,c5aee005e9af82f4de03e7c4c4f6076b00dfbe9f2d78774648370c64e63d01d4,BENIGN
17950,1efe97f16bec761bb767476e01fe9dd1a88edf17cb15b169340bad1426366496,BENIGN
156618,31bdb949cfbf2e260d548c9c0443e43b034f5cdf92c7e5d513d2ffc87ed2ecc4,DDoS
44876,3b683c9a5ad3b0925e8244d7d97aa1077ceebe16550598333c6a7736be64bbc4,BENIGN
39691,2bb5f35ea9d54626333389a70d526814a34b52210b71517782e1065a29630244,BENIGN
208698,7f0d7627db9f43deefc1b0734bb78b6d8c121e0ac6e46ec362884b6056c5f4e9,BENIGN
191539,116dcf87dca8abdace447b0a78498c14bd9d2a63f09411a330d9241c179202de,BENIGN
29559,d763814e8e950bac7a9a7572c31da6d525c98a984e2427bcd5e017b06bd838a6,BENIGN
196491,189101eef4fb7175853f74858e717c3d53567cbd6dd3a97957ea698007e81918,BENIGN
14368,f5faf5f2aad11e7881590b68e586823235756f9751cc31122aa8fe77388e908c,DDoS
111738,91aef630985052f6b3ef0870ff16018cf197803f6e20c6b5018c7e6eca056d64,BENIGN
97703,d0fdc7f5edc967d695936c0ae570d1a2ea7d58d22e5eb6073c26242a43c8ef8a,DDoS
45955,14e778ed5f3ce410dede64408176e512f776ed7b836a536beef01bbeda91441f,BENIGN
205203,d475769871f368d739d6169daca509eaa7a895bf4d2e5e9668c76cc1a2e96e9d,BENIGN
138639,93bdd233e8d54863d4ad1480e75e03596d03c63dea0dc9ec331645be84049ed0,DDoS
27486,0a927348984db7b565a3b3a4422758c86b7ab1a0a19eb68aa975a38b8c8877d2,DDoS
114512,7a07e58e00664878a191afbfee92303fbb0291fc0096c71420faf20a778d5939,BENIGN
113162,aec36f963dcb1a3c59dd52a500c1dce0a9349e4f1f36ffe180eba62f03b8ff44,BENIGN
65731,669ccee35975bfb27088942cf19a8d6b28aff355300055b013404ab13958238d,DDoS
52330,956fe608961a41d70ca66a5a18ae08c50b21669a1993aae26d077b4e9097f847,BENIGN
199710,7160fb474f6e7d951d131cd07368ec4ad0f2294dcedabecc294d6f4fd94763a3,DDoS
122293,120d7ddd0dceb2bfbd3e78ba1e6b29ba910c69ed4abbc313170c7c9cf13fe832,DDoS
131642,ae01c0d490cc54f6e8c7ee46d0921dd9842fb81d6a7b5b7c302ca23608f719e4,BENIGN
158538,b03567a73c3bab1c5c89fdbd63c130d33913d13b86a5a794b39757e235ab6fa8,DDoS
30653,259775aed6df893cd97e2db396304880f7f97e79d7156cc2f373c9de337864d5,BENIGN
160355,a3de6e2c9af05c2fa03ea516161b0fe11a86d65f0b350d23144e7d99b4030656,BENIGN
207641,11e3ec18380ee2d20a4f0b59dcc23a7f82052bfda47e6853d8eda9ccced80fa2,DDoS
103926,1c29c9fce98f5131d086e5086a9f63900d5d950792ba259b9deebe06318e4934,BENIGN
64840,5889ccab6b7c584ab4666a85f84f1db4fecba893d906ad5540ed74621e552c6c,BENIGN
118512,6d11cdc17ee7c220d3d915afb91a15314b5433c2a3e651df2a8d8d8b9d1b8014,BENIGN
10891,18598812b27cddbb591e474904da23536e3f00ab4f06ac653aac0b3f51c5707f,BENIGN
3214,f1faef933790a5acb7a2ddb6a890005e310b87c8c7d58c59a14b203be9adb2fb,BENIGN
72310,a71f6f6673c4578879e22c1fd93e8014bb233390def06b39446d6ffa0c516e37,BENIGN
35421,4ab1ba44bd89db4bfe5ede9d8280278796d2e8b098d3006d7aade591da061801,BENIGN
117434,746145b6a95d2236e8958add116212f0e7b0f0d719fe2552fb3581f8074bdc86,BENIGN
12408,fe7ea647c01fb32e606d58dc93e98f6ebca33ed8421bce896a63e06ee48c93bb,BENIGN
169026,20ab9b1b1c245db29b7e8b911a6092b397499c07f3a41bee679d699b7aef06a5,DDoS
96622,9e44c28a25a7596f8136ee6af31d75a9acd27144e077896e833437e6a954e92a,BENIGN
111671,7d191eb97366dd5c9b3f32e092031c4808518dff7832f6f1c56baf4a69dc7df9,BENIGN
46372,b0ae7edddecc852a4ff7759e3c3296e533296db6d53875b0e43239533ad1b8c2,BENIGN
90588,ce9adc849b23b04a728a821dc9faa321d6a790ee0a8b630f3b9f8db03868017a,DDoS
64109,ac0991e43a84056a27f46391ece2633e651c943690d8fc9b38ebe634a26d26e6,DDoS
108040,2f1f5ca09293dc4c7ddd5f852dcd50eef039ef57fa57ecd50a1a0e4138f43a84,DDoS
96748,98d39f1d1a521d2b32cc69d8f20fef0bce2848c91b00590d98837542e4ce56ae,BENIGN
60080,2914ec3dc121fc37f4c2ea4beebdbc05e6ca337406889a7ac74059ef882392bb,BENIGN
5497,7dae0653212102a9f6cea321ef4b29273217741d82f91de9da7160815f6c6c4f,BENIGN
70873,d509b264799fbab8bfe426201942d44655ff0c2b560c84e0994d6f4f43fc9a23,BENIGN
14912,a8cf3b520d1f3ab4e1791159808e36a2279131334132934339901a4dfb9de9a6,BENIGN
94211,e2158e21bbef4568cac23443c6c0fe0afcbb8add07573e3658038bd8131daae8,BENIGN
16577,2d096b2ed2920d2556fc6ce1b17732734420c4b08e069e41f884648c9c2ffae1,BENIGN
132960,d447ebb83b90647ea53bbedf26e578289c7a8578edfde76ce1c19225f2986894,BENIGN
66194,11a6e14ebdd628b3a8eb81fabba34c30be56d72dabd710e918d63914dda1a427,DDoS
60161,68d5642255033586d96725557be1b10defb8c26e5a9ca9f8dae95e477ba72e07,BENIGN
176227,994d4eb13d6e4bb524eae7b2fdaccfc3df3165db8a51cedf8af93a3e6a44735c,BENIGN
156123,ee896143718e5da42242383ee70bd1e8c997903f9d9a11a457be365cecb4b9aa,BENIGN
43854,d07943c21b05b89387583c49dcac8179baaf8671cc21bd3fe0feba12d3aabc55,BENIGN
145217,ee888b286da67ce57351f617ab0a1e6d8ae91ad4368bd36d64fe2ab1c3aef254,BENIGN
186918,fbfcca899387285b450d1ea2f3c371f07f3b9701a924f901577018158583ea4b,DDoS
63320,cf73ef4baa6c7e8e65d913e8eb16ab57d581f9babe98b9dc43a7a2bd38697943,DDoS
13004,2bb04492399bfe721c2288c04ce3544e3b17634313d4ff7fbd2bc66a120e0adf,DDoS
94080,51b68a137ac2fa560dd1a854e74129fd919dc7faf22decd726c9dcf8c2f913fd,BENIGN
41240,f8943aed4e5ace1a47835f0d1718a56e52d800c9325612d1514b74e03100bf5c,BENIGN
71410,e96ce2c3911a8f6d48f849f9b866dc6f53f5049875292c1b152798d42c51e0ec,BENIGN
208847,9ab93aa7d42e1eab3f3d0996f44358992457515a3fb1c477a99794b2bb78798e,BENIGN
128118,9d1f4679873531d32ba44492b48cf8307a3fcaf26f05aab599c42bc4f0cb0552,BENIGN
122907,5b5535162f68bda130f0fa78b94709a9bd61feea8ee58e55e88cb96616ba934c,DDoS
134341,b2463ec9928ccb3e141818001582d7813967d6868168aef6670c1b5dac387cf2,BENIGN
198967,e5051b1e4b1cac87fc338415bf36a2c51a769079e63320f75c2742a6c39ef2d2,BENIGN
206913,4c618610c39fd6e07267708d606a2b550e132897d4a40b41aaa69a50f7a5a1d0,DDoS
26309,398f3cda6475132a5149d2a26420cbbd2e043451c83dd903c26e63d1cf95d58a,BENIGN
202723,b57a6be0004032c67fb7cdf1ee314470e673364807d96d41c7c137b491e341e5,BENIGN
163404,1f71115d36a58d080436e9cb9c2e24765cdd019c3546fefc9c07dfe522d4aacf,DDoS
131485,4aab2c6c687be73386caa06aefd908499ba5411fbb45d4c91a49486451625c7c,DDoS
125547,de99dfa7838e5d7761b8d297aa849610c4392543d0e4776e7f86ae054e75623e,BENIGN
186747,d61be13fb1c69f9ba00133945149613aa40bdd0c5f45d9acfa90386c759caba3,BENIGN
7213,cf793fa09877467964abde73bfb7863972b9758abdab366ffca353e4da2d73ec,DDoS
118707,0c21787c56b57f821936b23adbb8502801b545568559d85261e0d1f8cbef7363,DDoS
22807,6ff83e3f914d98de86e22050e3ae9bfc79ef028d447e2156274a7eb40969705e,DDoS
22613,508079ba5724c96fb73d2440fe38ca80ac5a6e84052b422aa1fff9c21a1282bb,BENIGN
63547,79df9a178fd3c3a653e25c058b56c4f04205f02d7471303fbff211f73e121d50,BENIGN
4981,2babadf804b020345a24a110b7af164b3c9fd861636aceb22e9d5b32176fb9e5,BENIGN
69684,7368ff18da6a34a78f3a91af27598edb7b0576baebd51cef17f6968fea0347a1,DDoS
84407,96a850aaaf13cfb3f7768108ee5ab61ba381ccd0c1d48b39286da3270468ab0a,BENIGN
16787,d00d5771d925581af6d162f69487c90ddb749a78952fe909f3becaacf9f95a6f,DDoS
46673,113b7b24182a8cd55ba9c4feb45ad429bd77ffb42d73f72832e6e5d398ff078d,BENIGN
22722,6f3e1a5ae7a358ae2ae50a38bc1189b5970fbd5d0432bf5a7c0492d23dd6e142,BENIGN
30453,7788b0cfc3d18247b4496bf9be5b36094e8387c7eca7524e74622e4ae77ee1bd,DDoS
94441,6dacb4839c97939655bb5957ec207ad7fcbcefa77db5f09a347587ce7b57d632,DDoS
188005,56fc8b160b4e24863fb70180021f9ce31651ae8ffbfa88f7c02419548f49511c,DDoS
96712,27ced8a3f7ff1ae7376e8793309ea8675e05dd9db5412ccb6a57c64799c4cc8e,BENIGN
52981,44746cc8529b5bbf75198d33f584bf7bd9d3683bed7708eda021fa7ba60d8bbe,DDoS
71654,ba4e42d18d4577509e57072dd63e79424a27f21ce1bd05001c113e9353380ad7,DDoS
100713,f55a1321da053c3a3456d9d94b980d256c7f3d86aeeb3af6a769b2e8938caf62,BENIGN
206792,e120c0b8bb5c7df22d18bf1d99f2df161dd552e9d3207c2f3c5af741b5314e65,DDoS
141166,d7012cc3667421f0bca5cedc7ed02cb69d8410eb41103f15732bb690ca15f584,DDoS
29540,7590fd5422bd41b5e0d71cc0ae913d0281b23d76a2253bc055969bc97688946c,DDoS
186325,5c924f133033e3424effbf73c959784b94ef9eccec24e2d896eb5738695ee65a,BENIGN
150230,005edd30d9dbcbc41524a5499a1eb71e24bcbc7041cf043d81f5bf4724994781,DDoS
197776,0a496d570f8f3511d24c73398d7fa89445c43c014138fd8d5984d4eba396cf5d,BENIGN
14598,045f92c2f870fac162c0481e3dc653b5b16fa51bca32cb88318d842aac7e3750,DDoS
105139,ef745e2b7406fd8886abdfbcd53c77e462b9405e0bad6373b376a3d1fe603613,DDoS
158260,d632cafa40dacc0eba9e1e27a72b200e81c715aef058c8bdfee280781df38cf8,DDoS
21301,4349726edaed8ed67d1175251d0af5210e5dadcebfeb09d05a2ce607961b579f,BENIGN
595,db3011f779ad0b70c9881ef007111acfcb02836b5eaf70de11a854d3652dc86f,BENIGN
137971,b98854898e5a7b3533c654f636d4bfbd3ecad62e18061d6aa9e880866515542b,BENIGN
11028,57554180564813ae34d6e80f34818304983f2d325ceeafe05bb6878035e736f2,BENIGN
43161,18aacdd11a93e135ba1ead13bb32edd11e592264685a301775928c4b4bc44667,DDoS
12388,5ad177a0df8dcd8aa56cab09a39dd0e24b624347c390ff3b4ab32f6f4e35db09,BENIGN
67284,ae3d621707dd1915965599ed0b11d96383ea328b43c16ccaf7baf98400853085,BENIGN
156202,d780752edee51dae17c10c1bcf7b6493883a842bd8e3963f870c996874e984e7,BENIGN
7587,58ac7ac2a876a5e9016d3811e215d40299235c7ba85a38d28f526400430af413,BENIGN
184094,deec3da4eb3b31e6fc57d1f50024211ba353214388b4bd7e1ed8fd7097e8de10,DDoS
15979,102bbbf39acee5972bd14e0af63545208ce46d19fdd5e9d6c60e48c11e3bd38d,DDoS
189645,dfc9f1a181197aa993cc6d76cdd2798175dcb32e78b4b56288e544a1ac97b12a,BENIGN
140488,d3eab4d2e65accbcbca2c62dcfe7a7af68965f580f0058e7e952d5b14a8ce0b5,DDoS
189736,e306b4fc7fc4d56f02a08d2b1c5c80e5f4bf3375bd5ecf604c8165b94f4f7c1e,BENIGN
66605,002530defe5326cc56358cb88f0f1cecf84ce89142b1cbe446b67cfcd5609042,DDoS
149373,7daa109c33c4450016811a842046d86dc5b6669f86e5be9c4c5d086c7d00878b,BENIGN
119867,041c35e2993947113da117e281f530aef3a8d41b9ac395b254d6f1ae636a34e5,BENIGN
31257,c9a371fcf59a549ab2f45b24a3f896f6edf7b24b5cba4c96725e9e1f7e31a262,BENIGN
175623,a3a5cdff83c6b054c5da79a3236dd4307e8e6f2565ddc9e5d4f6fe5b172d1f08,BENIGN
179214,3f532e6be95ec7f1bb6b8628e0aa104593839135dc88c96e55da3a2a4d556306,BENIGN
104331,889b4fd1a974b328a8d47b4bb5c7bf0357b95519f83bfd05e7735e93314b33bd,DDoS
167366,7b58b8e3b6d028ea3e908287d8ef0174f4203df9ae90f325040625e5c46d8779,DDoS
168053,b7d15ef78d0649327a0d91880e8122e1a162cca7d43faffc1dfba52327dd54f3,BENIGN
140070,060e17030dd4613eab29c5011377dbe58eaa6170f07296349daa965d7ba2efdd,BENIGN
42973,b567c917a00bf9d1302990b190357dd6b96d6a125ce1711db0230e6fba73e78d,DDoS
130106,fc4312713f777851a9dd48a98bf5efba7d6ff7476fb78c0f4251d499ffa365b3,DDoS
57216,56d4288cf442de2a34ee8a30b5fc2166cabee9025e9ff68fa849bf8a1b445f9d,BENIGN
17373,37cf7117c1f506ae407be1e999b7c7c43428dd88864e97f82174472b39e51db1,BENIGN
29571,662f18a5c4eab11992cf2e2cd0355fd9db9fed456fd7184e51b4de931a0d2ec8,BENIGN
26935,a0dadfb432dafd79e9a0b19775de44ec3446d42eb51aa402ceedd3b3d5f36d0e,DDoS
117215,4da690adb2211a34ebe3d6b2abd41c8392269d0c1cdf4c251e66877dca750315,BENIGN
27646,95c2dc452651dedd386ea093e78efe3a8ec85567e7b31579f33b9c27c27a440e,BENIGN
146936,c20acaf43e84a8984f30477674e571cf544a1099230c5a06bf0c91eb8903bda3,BENIGN
137113,2281f2c025bc227467c7cba5ed3849bbc3d8069821bb161d4adeea0b3674cd02,DDoS
154121,fe2d00b23f8eea8a44c49a30b7a89d0bc231bbd7355e3780e0ad2047021a76b1,BENIGN
163681,21605a6a783925cf7a996fc73c02eef1dc2b0e6c55eaa1996d618efb442ceffe,DDoS
34055,7d1eea23fb706d32ed98351456dac7e3fb9d2e4758b80ded8e80495808aaa663,DDoS
103662,f15ffa938d61a86780ad5a58da61c49be5d7879564633b52ca042613c0615f1e,BENIGN
100876,573634008dc3893291126184fa12f4ada3e48b1202e263bc1fbe90358d4f678d,DDoS
99195,3234b57401a643d938ad6277858a07c8f675151f136aa7c5bc287b8f49ce94f5,BENIGN
186687,124ee96db9e6aadfbc558227ca59ae07a2bb0f77b029f1d8161def10348865cf,DDoS
168178,020e2ebf039da3d5b656758d1951d2c40ccc071f4c0968540475840a09012a43,DDoS
100080,3a450ff57f0f00d96c5ed1170bb6ec7e489e881d984c8fcf08751444d2d9743a,BENIGN
49565,0b117ca300726e59e9a8e6016ba15a4d5dd937faf0c35f87d391aa3ceda57706,BENIGN
180348,a121b9b22c79c40c9dc5081e85793e3fb1fef948a5ca97a346e49ba5dfcb2d9b,BENIGN
38134,69ed494760e9f2ff25355fe2610d3d5bfc9930694ab123f35a087f759718132b,DDoS
95224,320c72f979e1445ba115404eb68f87f56bd27f23bd1ac29152afac85c102179c,BENIGN
142785,6792c7417fc8ef2c04883504b18183f7bc7f4198097beb1b327ae810978f548d,DDoS
168501,b481b72da12d1a8f3e330324cfb86fe85abd35312de854a86cc25fd4c04da7ef,BENIGN
194580,95f6c88d8bddec20a6e77435206de13462bd4a7bbe894010d8404d767ddf0e5e,BENIGN
129372,8e9f72079be87288ff5ba50a76ebddb8bed933c3567fce33e818c2e4e9ca0fba,BENIGN
84970,b16b0e000f5fe3a8895ba0340f908438f96df1806feaa1b2f9d35aee2702caf1,DDoS
89517,293b05de06a1b8dba7afd81f821ea170c09d4b396bb29f6b7e76c7146363f3c9,BENIGN
132061,50513b5a9eaccf54bc7e1db66633bcb557561af653b19a303a5e69fc50123881,DDoS
193153,a87d039c8aae87db9b14a55bd95ceb74653f5bcdc566a4ce34d2cc2e3bb3b1bf,DDoS
195480,f09f138535fffaf736dc6a082cfed0c8a3d60b48bf6343dfa6025ec18159ffa9,BENIGN
132371,9d369f5685b2e99af03711c01965e3d28ce4656f0aec2128f84de378f06dc97a,BENIGN
20150,1976d7c9b2d814e799bb92a5f9b33b855100b768aa63645ff93fc64f814d0dad,BENIGN
115902,fbad1219e7cc6e52f832d26dbe92ccbfae8a2a685e641fea0d27310c0377b4c4,DDoS
106684,c8c2a29546ec6eb573975f077c4b8af3a9d8f0e5eb3204241ac643e7781cbdb0,BENIGN
100807,98ce78738bd7bc1b067ced116f19540d5f3b6dd9930b01608a107dc4813102ba,BENIGN
147308,d39b612c9742d9df0feb1d2fd45d47e44f0a54166b2f23f4d1960bf60ec6a9c6,BENIGN
145702,719b22c0d8deae33390c81e970c036dad0ffcbf43ebfe4e85d225c9b602cc280,DDoS
49861,abead303139707fc008867e0b6986c62aa524790f5b08840a3394f0f7e64bdd0,BENIGN
21787,7094a86f4af8ab9e423eb7b2db699c4f58689d741b2583c75794e213d789fa3a,DDoS
158545,42baaf467353213757eacb164d00305e43b09ca3bc96b7aa4ed95b784862a141,BENIGN
745,1955a5429ea0bf514ab10a2714b8135f4eb0d9cb577090ae2174e1b40400f8d9,BENIGN
123140,f2f761d952e392601e52b761faad0c71a8b78fc8b9c2c57ba886689f9c389594,BENIGN
174505,a3d838bfaf9316300f9779afcd628f6437647e5b23094a90dd38b0a71f792cb5,BENIGN
80237,74b39c46088d9bda7fe08a9971e36228635fff8b74da9f1e347bc6a09155f65e,BENIGN
57963,845a745a4481d0d737c4201e7119ddc9e58c7864601838683420468b99f79c0b,BENIGN
197891,b37f4c2118f0bc5fca562fe4f5ee5ed34a4e04214705338d2c80151018c09029,DDoS
44101,70b643a7ce5ba3bff198aead129588939ff0f7b10cd5b3567d1f1aa5a2b10f19,BENIGN
176162,10e43963eba1df325c03ef2ea3c5e9875db3499a95cb5ff1aee9a16980b16b35,BENIGN
19870,6ab9a3e95ef06defccb5017e88a203915de7b607b696c216dea9ed5d36d11fd7,BENIGN
82218,cf717e7405ce95a54fda5fb357b354215009fcce2f7fb2c4329d3a9d57fe103c,DDoS
123369,2b657d3e492c5e6f0e9db415eb29e93a20e058952e2032ad1c8c0e10b8cb2e88,BENIGN
185496,1d3a5cc01b8759267b88501cf4d63b6d54c2fc67167af5a3f5fb35b752de99f6,BENIGN
95410,84ba53c862b53c11d41f760798975172ecf6fd62f6cb1608e060fdd032ba3905,BENIGN
139233,43c151e42f3fb7e8a98c89badc15968c07f86dde89f6ed8dd1c858f16a8a76d0,BENIGN
181624,86611a4e8412ee5786454707fb99ba7550e71f202cb927c08892837556bc5829,BENIGN
149979,8977207cf5fb57d2dde45ec96f4962b779e8d13cb3a504c0765a4cb3130c7407,BENIGN
27462,b027bf977e931605817507e0ed7cf9ece8676c41df0fe2ddcb2afb7b7b89d5bc,DDoS
75689,b1b4fb102ec4b928c25780eaadd368bfdfb20a8f08b8189391f33ba7571353b7,BENIGN
101149,d351ae671f49579681cc7fe085233c5d9803596a29390cec5d7fd7189d190b54,BENIGN
116992,ad06b6499c760c23ae723ad0424c185969cb03ff6a948017104e31cd2e32ac73,DDoS
58847,21edef2b6ef57bc7df90004ad2a9db07445bd95e424edf48328d06d6c8c72c6e,BENIGN
201118,a0840d2f1c0c0c5aeec950af029c42cfe4b8d9269ca6a1b26eb7ed9d0f331a5a,BENIGN
193276,d9a6b94b46c9e10e4836e2f685b9354db9879a4d0a47cc6148c4c7a226f21473,DDoS
174037,37b277a048f699e588fcdce418e1a33c1b1607ee6bb20c4f29bea75488f352da,BENIGN
5839,4896f492c82af6583fe308145fcc08235a9a21ce2c374bead5d36b99c97d939e,DDoS
30626,42b0e931c9255357de7f3a56c4bcbde84c143b0955d065645af60df158899784,BENIGN
40099,3e3911a15aecbdd977a268eb28519eb1d6bf2191bf4a270cfb83ea21848b20ea,BENIGN
61109,dc94a8fb2bf4d1234a53eb86a8b71e26170956478cec7f86a76eb3b57159b2fa,BENIGN
93843,6463b54e94a63b6df2adca51a061205e7c913c496a56cdda2fb6c27226aa8467,BENIGN
126942,2475b97d8086d0a14fef63881ad247f0b88b9d28352686a89d2a092d466c5e69,DDoS
164496,a390ab38afc925fc8e210c8eaf1589d996c2eb68037b48ece2b8b5cbe39decf6,BENIGN
61148,8bac8ca119973c5691d3511bf2bc2eaadc90acd09f03ab8c9c7bb97d723d22a3,DDoS
165185,ed07f84d12e65354472fcb95d36e5db54660e09a3999acdf343a13996bfc12b6,BENIGN
58031,fe331ddfc73c8f7b0e90c2b323f5e7774d198c91ca3d6fed113a0cc50353839b,DDoS
110363,2b2a0311c27913d08f75947865754a2b0032780d5fa9185076bcf5c986285543,BENIGN
86217,4a3fecc62d063dff2f5ed70869b108895bd53311f376b487806f7c6f3b058aa5,BENIGN
46660,98cca7059e9d2793edbc4e5d938401c502cca7c35ee24033ec879d3e701785cc,DDoS
143238,e815232a4169daa1961863f28ca64381013465b6b4280fe1044535628e6cff3b,DDoS
189676,0ee58d5b0462484a3097d3b46228451cf1ea7c793552d55f0ef1e3869d32df6a,BENIGN
81380,5eda4be73c0899ba23dffd21bb3bb5208bcc95f85615ea5ffb9f78480a7d1e82,BENIGN
148647,1e1a0f88a832e23948055e3011612274dc6b64b3ae0edf24d833265caa8fbf6c,DDoS
86844,d032b76fb3f4c0e63c879113b5502d8cbb29fde89e0cd855eb2e2d2b7a8b4bfe,BENIGN
92328,e07094193c3df23aae405935030d243d04a34f992b2f3e808db1435e74a89a54,BENIGN
102188,f4d32408f0c181a2b982c08da4a39cf6f143a3036bbdd6e00311a0ba81a9a4ed,DDoS
51365,61d8ead0941f579c3a0139e1d0c145bfdc590f1f8896f029043b4dcfe86bbe5d,DDoS
80284,07a0d8eb4233cf78c86b6c14533430f6b2498ea2ad0968c9cc2b7b9781dd3dc6,BENIGN
135270,6d944181146ed047687a84adfe590314cd88eaefb0883dbe75e6f018405fe6a4,DDoS
149652,133ab68895386ef4b65e44a70395224b3b27e48b2af2afd2826a229427d8907d,BENIGN
200940,f4e7f56ec0fcb7a6854640e5ef4de2c4f824ae1bae71a346f8bea4d460d6f4e6,BENIGN
11043,93c0d50a93e1270142f9fecb1ccd151c4063c96d2dfd20988b4fa75deae90b12,DDoS
95333,7a351d798921b6acb3906a64c9b5e12da74cf3aa4a3d2baf241356a3b633fbd8,BENIGN
12198,fdef055ab009acc90a817938deddc93fc7539fab87eb34f8f597858aaea72fbc,DDoS
203808,7b24c81e6bf787e4865afe4138e598a6fa34df3514ffa26a46c2b810cd4d40d6,BENIGN
71183,275eb62e63d05d20f51f342dd0a1810adf553fb4a1c87578aa4f5e873ef89dd9,BENIGN
122658,3ca38129d55c01448d5744d00e92b2f73486596b08fb3c225c93ba7e4a247885,BENIGN
174385,0e5d663e65df35943213e323b5772d1d7253986bac41074a66aed833aa1e2a6e,BENIGN
166667,f389a92be4a84ec83c80e26aa02d7889ae8f7de612ea5c818847a85e6b35563d,BENIGN
14333,51d4555075e6e2126cf6484762cd94b81f80995fdc0e56a16d6b69cd8f1fe17e,BENIGN
109334,6ae6fe5d3a2a68cea9621077b941d64f14db27a26cca3eb3e968809bd37e47f0,BENIGN
62414,40e4425264bf608d313016c1280bd9c28f14a3c183c86bd66276c995429ac4ab,BENIGN
76190,df6004663afb179d39c135d153d63220722ad41fa2cdd175d646005d96007ba8,BENIGN
8783,7e745d8ce11ad200d46f897f71bf31f73bae92ac7eee1f1e4e4d1199744577ff,BENIGN
74682,1ddce61d8ae6e2ed2e2172d08b01b1904bf35f78ddbbc748cd137a9765faffa9,DDoS
41618,e33ca4104f8082d32561b8d292826afa7469b4fdfd2c3c3819fb3475a294104f,BENIGN
89607,c13589375ba0541f374e8e0de691aa0f4e49ee04ab5da83d3c16722e4d5ac61f,BENIGN
189757,bd3501d3f751d13ae2c55a295d88ab4dc1cce67b1bf502b921d69452f21b36a6,BENIGN
127214,e8fb1242dfbe8d8027c1fbcc7853ee7e387b0499377d547dfca103c83dbbc8d4,BENIGN
38887,ec379a5279df7c79293035f4129e3eebf300a06cf3e358f6579456ff318f7dc7,DDoS
31258,61eefbd184e289b0cc888f81b869baf6e6cb2afdbe746bab450d9a044cdf6315,BENIGN
161400,e97410c12e4243cab16081d3cc25fd5f4261519974248bc8da966e485c9c8c15,BENIGN
103867,439033f73d71782541b30056d63c12298350c2a41ea10a71d197a093218a4b2f,BENIGN
38754,88c37c000a10422b418da1836b859e0cda64432bd2f576e21633b3305c6ec86f,BENIGN
182759,7c8ea47ca7495bd793eb5ada6be34080d92faf7a794199c6aeb0763930c08e2b,BENIGN
74649,6beb36ac62a805434a6559997da74c9cbe80c7603236837456e097d66a721f10,BENIGN
209610,0e7a57c70113a2f3b45f1007bf08e576f40a1b451f7ff4ae2baeb00cf458ae2c,DDoS
160963,e5ce9b6267462e96b30645e677680aeebbb451e69be47a3537b546416c9198e1,BENIGN
167119,c4cb81a32bbd936ff1725c7222ce423be767f1b16c040f64a287315ce852bedb,DDoS
17987,a57b6b2c38b3a399c4c1b384f1b68c605bdf9ce1b8e4befba98dd050bc30f727,DDoS
80438,81cdd7494c309c1435f0a1152891084bb9fa98a0f4662263f0c11bb3c2be332e,BENIGN
6318,31fa83233fc6c086a68d989ce045645e10398b67308152cb63a3e8d10fdf452d,BENIGN
174441,b5da8615b4f164ae5205ce6b7356293e9c31684daf049620f1456e082b672ed5,DDoS
16280,7d036052007cc7c65673972d60b6773c14f8bd387fdcc4f3f0a94f7334eb1055,BENIGN
137003,a093b49511d85a1d31935adb112a446124a60147f3bab9174eaa3645b7563757,BENIGN
135837,75645de2e840bffdf4d7ed9ff0cc3bc6d3e0582c42c8961b84ccf43181886515,DDoS
12661,eff8cb7611583dd004424a6924feafdf6822cc3458e66d93d46ef8105b822cc6,BENIGN
41386,977832f42c4b891058957ffb9328872d2578b8327991060429522fa670bb7c4d,BENIGN
19125,5f8b35e6866eb26a309ffc6005ae2b3f313ae3cf60e647898497d79630ab2846,BENIGN
87606,65d8978002f8a044335c30c09e0efc762a1e4cbb427469728e26b274467491c7,DDoS
164454,c2e90196621359c4a7a4a1fc07e0d0fffc615279cbf9c251c05b96323289f877,DDoS
154619,48dd0fe3736305003312baefb104692a233bbb1b0097ee1f252a89699f1ad4f9,DDoS
111799,396a7cf128075e1490afde393da828a824fc9d4667275c2a6ece313b1f809634,BENIGN
24591,941afbe49e3ab0c225929a62a7facd205922a86b987dcb2b79245a3831150bd2,BENIGN
138190,2b5a768c39873143f8450d853acb9702e9a9dfca63b59ebe17689dd0f711d1b5,BENIGN
130709,96a0a14570aa5ac94c244ef26b5e238253de1ff3d40f9fce96c8be70ea674f9c,DDoS
161500,e800abea513813db789227e5380c892053c07cf2801971bf354e38225813a330,BENIGN
209727,ef3a86f524365c5cacec4655c93822c5ef2f83b5ce74ad5eb3dc05a91ce20a86,BENIGN
145259,85234ccffa70e5481d7c0e9641869ee9ed08845258e6b8ead51eca2b55a8e18a,DDoS
135042,583ba74c388c80d9e2d7c2838e8adfc6cfa2796ba2c9673e8850747cf5d67fb3,BENIGN
162022,49766dd9e75a88c0a3221f7e57e9b4a3b8688e73f088865135407b139a0f7a84,BENIGN
89872,a87b025d2205806d1f0f515984a05b3e77af7977cc61a86580fcb4f599fa9297,DDoS
148855,4cfac69a421125abc535fa1980c7dd81a87aa345ffdbe06610232354c6b5dfca,BENIGN
40072,cbd0c43fa7f9c4dbe117298b2c256e0e9ecc889a9666a0b08d42ebbb2029631c,DDoS
38595,357edca10f92bf91b767c2f1169989af2ca05db215c2e50170e352d0a45c0f28,BENIGN
24601,c439d9df17e2cac40bcf8d085be8262d7008937e93f926313b69cb27c301d2f3,BENIGN
31170,3d85552d65883f5954a77ef90d54c8e1d86f3a44a804f910de707d9723fd2105,DDoS
116296,95b45f5578628be7ee27409fac0b1aca7b4db31d67680b139fdeeb14124863d9,BENIGN
60825,488f22a0d7168ff3d2d41759f8730173a75984d7910d1e25c92771e4626c2c81,BENIGN
162878,ea094b69a4c8287cdb3b7ede3e3fda7fea70ec1990358f8d9f7a6c42f3091c65,BENIGN
35982,e7f8ef859091f261d3feccad5cd632c51321c596a08d943f8993a775441c8a81,DDoS
18241,bfedc503bbc83a4bde6a3782f637f22c4322777b3686e0627d4e14af0bd44e50,DDoS
205488,e7ab9cc4ee4224c5cd429e5302615d0b6f2f6ae33e6c855b70fd244dd5ffd557,BENIGN
178791,ff72260fb639c656166ebd836ab8310034329c027a83b77c4ece1f9725f6ee5b,BENIGN
190476,3f1471f3b9e9049befc7de4230311cf54d8ba9c66c41dd20ad18abc74aeb2adc,BENIGN
39065,6d7ee026d2b51a9ae58191b521dce3ba9d8195cbbec31d2739d3e4b072347d5f,BENIGN
104959,30cf180de1491f05139599314110b171d31230522cec339b1020b6cd23be6e6c,DDoS
42941,93f8ae7e2ef189f6128ec3ff4c8d2150313e2f68f56528bb5fcdc0c283ca7e60,DDoS
46490,c48d3ef41eb5e434c28a35256d28a9c323edecfda173627fe09792c67cf9bf59,BENIGN
150474,9bc0cf9c9622ff7b40184441c70f9ed567c7fabfa98b8bd51818bb25fd05d409,DDoS
119430,691256787c46dcb5d9f0d02559e33fc27e866c1e77ff0acddfcc14a75bbda9ca,BENIGN
60572,8d57b17ddbb1e96f4da77c7b0a6464b6658950b131fba00c26ae1680626fb027,DDoS
143849,749c20f8e41f63fb54802c155d2aca1416786732acc928edc2d536701e89cd72,BENIGN
68596,ec15c81d9098b14a5ca10ed56abbd86e593028e0f1e967793320a7bf10a3dde4,BENIGN
80845,5ebcbb761e734872e21edc186bf350ce7d4a0d87379ffc5f8c844cd0a08efd58,BENIGN
8015,cd055ca8bc4122129a4ffd365edac4e748e800e941416e0c882e644812236be2,BENIGN
209759,3d005ed0c6301c902f1fe429424d31028e0c3326522bf7d1ee7b1ae809530dc8,DDoS
75000,08aa32bb0dde452e1906cf2ccd5b87d171bf049ca2f13197975d694be837c7b3,DDoS
36372,0b975bab82cb6b33f77c1c5909b5b3707e2c4f37ff7e3c667ac6b7645613773b,BENIGN
74,7d4a578909917629d782638790453463c8c4896e341d5ee34ec2b6b26d59b179,BENIGN
139096,cf2547bf1d9d3b600623afa481eec8e709509c2693ade233f81eccb4b4913aa8,DDoS
63992,94dfb36fffb1f2ae2010a230a6742a665f3c3d2efcbf019300a16caa867bbb1e,BENIGN
156582,0cbac2905fd4c27b7894db7086e4ce979be17198625c9c4ae4907fcc0eec6f35,BENIGN
69543,6387be4fd71dd9019ec104e5625f489c412d5683f5996cf3ddd7acd714045567,BENIGN
90006,047893cd659657e7ab2e7f4d8448cd68de5e2efefdfde626b06923f9d4a786f9,BENIGN
129477,4de75aca385255736fb1aa3710f283e76c4d8b47fb13345659a4c5299c85390c,BENIGN
18586,8e5f3b9b2a2b7a0f185429a3af838295af9ba933395304e8bec986a99de9c25e,DDoS
99190,078f75cb5bc2336b1edc3145248d71e3fa75f3de7c196ed7858e182424b7685a,BENIGN
63334,85e13eda4323dbc9819e0e32e42a8783370bb5cfab7b6d53c5a46c23afa4430e,BENIGN
118169,9057ea3540dd3710ed55ea5b322934ab0a8337c20baaee7abbe3a45dd9853b5b,BENIGN
81200,a8f99270ac4d590d110a531739a19057e6772bb8ab953beba4415a01911d9395,BENIGN
30991,5a04cdd988f96eb3b0be5647b8ec160ee3404ee5ca69be286ab5982ea90fbfdc,BENIGN
161190,fd5d0e1e622f88976c0838623abcbd53b41dbe21685368233d7025bb3db2c5fe,BENIGN
206002,af20b2290eccee01f873fc82a29b1a0d4752477168f0c55da49c6b9d60854b6b,BENIGN
31454,ec28149ea7f3a0aeb4c8c8eef4ab47e0c7753160d3ee8ba6faaa9c5501365ca6,BENIGN
71336,3a1a164eb9fda1552ef2dd33a30eaae4ecf216e5952d281eb215dd00ab70ee4c,DDoS
76462,be4e5d086e6c4a95da03afacef7f18639e18ee4edc8cae26f8991b0dfe2f2acc,DDoS
100097,c575f59521d41dd41f18c9aa8c9f54e7bea3d157d16dae6b37d9f03cfe61c015,BENIGN
124666,fc06e6b8f993c27e22d55d60b5d872d164b28b9e78ba672e0dcb1f04c2bcdf87,BENIGN
88380,89fea4720a4e956e74dec70263c610ecdc46a17c0a22d398aa94503546734a29,DDoS
173306,7028eec8db5a7d6f1a5a1dff758e2113fdb7eb59fb34c12097187f3e571276c1,BENIGN
51041,f567c779adb3ae211095fe34ecbdc8ec5f2e57f56f406bda4d09ae343642bdcf,DDoS
112448,65d53dfc822b4e7514ee0d8c858cb80402b83574aa176f4ad26e731ccbb3507d,BENIGN
116856,832a1ec2f453695ac9bd42d9776694e2965cbbdea6422ceb377a84bc4439d15d,BENIGN
68624,71534e8cdf8a632fe95d8f4bb6753509e6bd5c614307dc5bf5c20903ff23fa42,BENIGN
34352,65f1146e6cc47e583fa5d97b7c40e817b48679e50a1eb3b4e73fdd38520befc2,DDoS
150702,d13c8586c088d3d9f68a5b032900007d0d337e799097c48c0a3bd1aff18b7aa7,BENIGN
108781,3b7c37cabc09981d861ddd831455a30de70f4b1a6d69769c6009cc11965d1426,DDoS
117428,a111f940a1078e803cd8a96011fdf7c0b4bbcff3df821668f280ca53c8cc26fe,BENIGN
157565,4299cd8b2bc26042f7a40b2dc9a442a8be597294440110f69970cb6b94b87c85,DDoS
168220,bcb735ed45a0f7747edd82901fcf06bd98ca7e3add7d9b3eabfcfe0cea01841f,BENIGN
33938,518770ea1620b7d65254253e4be2e78c1d2a32b65c4156a5baaba6c4f4b7225e,BENIGN
168289,41d398a15dcdb489910fea5efeeb9acd73eba3bbb536a12605b8248c1843ae35,DDoS
104402,114030b19b237b7b412992f95c2b56175b9401c3943df29a4da9b8972936c22b,DDoS
205907,5a64f52e5f8e0ef570c255d1778dbc95a3bfd864db79f768f344cecd3c5a1a30,DDoS
47308,638c25d1cd1e394b3d7a4ec2ff4455f2f81db9e347a8f84a8dcc11afa4c437ab,BENIGN
198748,783d03264f3c6cc52337a0f019af853cf7e84ac01bed2bee1febd8226e75c0fc,BENIGN
143543,a17c01eae6f9c25f572bd88ce3d7990d6e25f2aa093f19d5ddf83bf4574ff1f4,BENIGN
112399,4c285f5245df8326e92f7bfc7f292517154d44197990a6a84a0720866015ea4f,DDoS
208179,7cc3f309ab0474ce886eb187b30dde1ffeb0c011720d7d4523fe646a3abef23a,BENIGN
74592,807d47bcce3f7637d6326c2abeba222f5b2e909e93a6d6e660f37b035831c92d,DDoS
41207,d0f82ffad420d408535351e8db411823e5a7eb1a255064c44294ff4ba827f91f,DDoS
186434,1b43fb0777130ac176bf3d0fbcefa0f3e1d64f5fe2466705ebf3b7a027df137e,BENIGN
197772,bc38ee4d9d1eb032489175fd001b1e9fa97bb29b56205c9fbf39f26282f65998,BENIGN
93822,d773b24ee76d3d73399c646ea403304b1e4af353121778bea23a3c99bb9761e3,BENIGN
121435,78bbb48f6aadc7578e79a11631d7d5be194aeec7fa81f2f4250272110277f771,BENIGN
74030,1d5d42a0a3f5ecad1f3588b24997e1666f4d0b1210187302e43d144eb6947db2,BENIGN
207715,41f907f8939dcb5f4b4d929b6538f14afcb225a7e5798673b3a8ed0ff518b030,BENIGN
145505,8047e5d77869b98996917cff8cf97ae413adadddc951e173d7449c7a795b08b3,BENIGN
96950,66ce38db14faf32c0bed9473cece378581d7051774133784d79da81492dc2c1b,DDoS
160591,417df7ac095233eb53cdb60de912dc12af6933c0fb82ae1e5c360f865b21ef83,BENIGN
117788,1616ac94d3d5517fa3457e2d716aa11ba6c8edf087aacfecadf2bd06082276aa,BENIGN
39828,4eab0de4df034e4138f68a49b73bec1569cef436a7e422e0da033864db6c5cec,BENIGN
123733,3e7afe325cabd796e1855018352f0bf3ae201755e40d7bc9a75e466d7f4e5d4e,DDoS
132771,83b17d8161f90785887eac75cd81ec0f6f89f5b14d153473ee677a36e63dc01b,BENIGN
193473,4a413c1805d23d8413904893f170258abd8d1047c9f45f298d216f11fca5fe8f,BENIGN
85396,a76fb10a07fdd69b2fa990d27e233764b623be9462e712934cac035d0f359226,DDoS
117835,0c2bbc0a3b465bf930804df6109d7b87d80c6aba7cb9a1727849e1e2824ffa36,DDoS
196797,788ea2f73aedba547e81f0b97bdc791f458542e657287ecbaf57b0d70970ca24,BENIGN
38798,2f56e96b77bb68311f6d92cba33f8e46ef3513c5176cb9ffccd764562b3b1831,BENIGN
47407,9c6120996761be503600d1b0499756d4841306821e00d91656c556b5f1714696,DDoS
75259,186a1abc62c2c7b3dd6ebfb2de0946407caf1c9464c6d4a78c0c1cdcccbe046c,BENIGN
83945,f95961d8885195ce428d3a3304ec50dcb3d590760288c581c50ab00b029b1fbb,BENIGN
190319,6bcfce9fb87fdb4ae8af96e29669279b6e9a7447d524a2313d50a7d6288758cf,BENIGN
52720,c3652394ccd9b86a70d8bc7faccf3c2646b6b623a324ce1d5efd4707feb20310,BENIGN
113655,cf10598f987f025482c768f7531741998a19d5b67571aecd5093563fc081935d,BENIGN
48852,7060aa79e0067cb32c8cbd5b1d1b8fe682cb0a5b8efdfeb60b6063fa89e35223,DDoS
128412,dbab18b2fa10e86ac421bc37af8e42d2e3eb5a4f86bd8061494f65185d278342,BENIGN
110260,c3f844773494e8c4b5a736a56dcea8a7a298f4e32726ae5f488bc0dd1aeb8db5,DDoS
151898,7922942c4823dba39624c433655b0d98c7e242c650af3ab9cad1b8707d602a5a,BENIGN
149440,0f0e697ba04a576c5e257d52d79b346eb52c38fef5eb2152eaf845e55fe0d1cb,BENIGN
46029,f7c8a1f4bac46fdbdc5fe5ff0af93986613befff8392225fbd757ba68b706866,DDoS
923,f3ceb1769f42c415d6660533f8bd9d5607498f0a4e6fad1166080c99c026ddf4,BENIGN
182379,ec122e2fd72b72141b50e6375501201c00c8878c658548c25eaba11f576beab8,BENIGN
9628,c1be6084c965f97103324b4395ecafeacac113d462b534b589705bfd3ca3ce04,DDoS
117151,988e9b181ece4011a1142f4d4fbbc9eb08666beadbf3e058279c5d08e96f23d1,BENIGN
112943,d5374200e2a49d772439d36883434930ae1edde8c826f1b1b50fc873bdd63b60,BENIGN
25207,87d7ed6b6313ccccff595ab3ed5e23d2def58573d54993d1cd059118718afee4,BENIGN
188624,04583ca7c65f27736d1434705caa9ee351ef192e8c939c23cf342ef16c9e8359,BENIGN
192456,abcea68aeb1787670e3b886246201d3993a906e358370bd9daa3405eeabe482c,DDoS
189172,25e3667db1b2e7580a5a59bd1f49e5683549ed255e27ae0b9963e7888f518c53,BENIGN
36866,2e102cddc17beac9d1f57a4710e4bb61f33b86615097f45d4fc034b6b5ddaa09,DDoS
195152,7f54ce19660e035960b7f1d5528dbe1eadbc3142cb84da67868f54f31076a614,BENIGN
195201,d46787c4ade2a624ea8e2ffecd0f1ac0362930ef13f9bb56affa06968a96040f,BENIGN
128495,5f705c333ea1967a9b273ef0d4d842ce55f86294c04dc5edfa59838495dbd0ed,BENIGN
109505,5cf7b4c830ea248cb1cfb5f253aa9b6d32860498f33585d0c2d0e928416075aa,DDoS
64253,3c58c96a73ed0226c42f81a887d975268158d8fdfb73da346b44331e8c32e633,BENIGN
185262,89a0516ed34a5c53fa4b05f77908d778d9d0c681c7f82573816c8edc8616239b,BENIGN
132418,8b752a67c787f16b9d38a3149e82a7a5fc6eca5d131df1a9ed0737da7815ebde,BENIGN
185426,eff9644772507dc43f9d3eeddb17f8464e0e23dbe1f94dbc572ffe71960b946f,DDoS
130093,5bc0257d414f1b38aad69c10aaafa460876e2d986bc194422a3c998184264cb1,BENIGN
33941,037d86bb2cf94986aa2c9a2e43e3758a37f3b8aa1e0c11d2d67b72b44d95e20b,BENIGN
139453,92d1699630a3d537da9b9ac05b567ce35ddb1f5f3a974921b2287b8402ab8193,BENIGN
11045,58e9c1edb4f7cb5aa479511cf2ae4ca8e8905348d326bda5fd61edd449f9d2f7,BENIGN
62779,8f409d9beee90a8c90f0014f232bdb05241adebb5d3f57808b4e0f61a7e2d652,BENIGN
106897,cdb84791bb42f4f19fd657e96e1ccd5fcadc1cfe587df1681eb9dbf8fccb6972,BENIGN
138993,b260fe5a84a2d7f01c806c20cb7c342ae95ccad41122b37df02a7ad23c059f85,BENIGN
168270,1f4e98165f9933c083acef41a07c1b14b02573de6c33f24507f5dcca92718edb,BENIGN
191076,2664c28f37e05bdd78a2e0c17b81a34f6bb66fa5e1592f9340d24019221c4228,BENIGN
196488,9ae0fe1bbbe18e3953bf638d6ce410a10a9b5245da0435965ebdb9788053b6c1,DDoS
205243,005f3db56c7bfb8a9f583c763c66d8d17b20ecf50481a67ce05da8ac69b87eb0,BENIGN
112577,0e424bfbc2c4a044eabb6112f4ed8cec6180d763028e8b885888036304ae2601,BENIGN
160751,a7113c21a22eadb1636125085a9fa45cc377eb6eaaddfe86cfc2deaf63ac0264,BENIGN
147467,659f49e4748ef34ae30164228c77e1e04c547493e2a0194b0fb0cf526721c038,BENIGN
68812,47955bfc45c8dac55694425a0c39eaf27f8ce48570fee4afe407d076aaf7bb63,BENIGN
42143,4aee5b39c8d3434dff92bb5e5bf6fe4f8857354da027dcfe3830f01d610f157c,BENIGN
180500,ee7872115761b206673ddc3de514e630997bedfdedd128224dbd9379dd44c1f1,BENIGN
151378,898944914090ee1fcb601c5a6f14c58cef4a03a583701c2f75e659df5efb2b56,BENIGN
91600,29ee28b1dc81df655f1557b99419192091a1d48df93c59ef498552ba2dc92fac,DDoS
153373,5ea6e6bbf14078ec95bdac6a247c8e903d700b78f7f59cc0456668ff97ed81fb,DDoS
99748,dd05bc33fcbeac39af6011b21e69b7ca54cc5367bc6c8e97e36857d523996105,BENIGN
36119,0666477a4e0642237a6f4294c8d2a66b2cd215c0dcb05be5a2fc175792f13293,BENIGN
193598,c7bd62fd2115a58529d34beddb4163a590aec6d7b0b0fa02037d8b45b9366b74,DDoS
65278,34159595ed0346ba5638179ef179152d673882fb7f2ba9edbde9e48f6bcb922b,BENIGN
20728,c1f77a852f4a12a00ab727792b236e550189dd32db4b0760d7b5b662e4ca2925,BENIGN
106488,0668c88f18034ccbea68a56f5c63b73a2b517b9fb6ed4b141a926dafb0432014,BENIGN
110281,ce3ab1dda85b38bb54a19417f008ac778fd164eab140d051d7b7c69e49b3913b,BENIGN
173499,6b8a07db8f818d80825785b14ee586d3b536d6d4f637af27e3e934071ad9bcd5,BENIGN
124870,ce15c7c83c93f0c1cb86cbb4f3ca6102cd6ee6d37d955a8f0544cc99cc1cd89f,BENIGN
124840,a6b6310112654818f2bef27b7c8a8db6db92df177273ba178f6b7bc74388062a,BENIGN
174112,93c3b2f5a8ebb59e085a7f3f1fe74f34a2115d1cc4be3f3f4a6f97a51bdaedee,DDoS
150914,f7c1e5a09943e03cf49df172ff3c63982088fc83f8f615151a8c78107e275151,BENIGN
84501,e186bc48b932a0950e67963a4fd15b62f1da577c109b4859c6174b02264d592f,DDoS
103415,d3c99bd376a6193d6fe8832f30fe7fe86a77fdd41e6ad849b3d9982de20e754d,BENIGN
5162,64cc5d5a46015d8ee9cb56273e4c64c34092f9cf09641c01b338a2a8836dce68,BENIGN
207869,40e21a679a2f65417bddba3c945ec99e70f0ed1046273449fb3dcdb0cd613f57,BENIGN
63719,421aeca97564c8fb6a01d08bd6c4ae35d16a0bb8fa73188a4938a50320942785,BENIGN
129096,eaece37a98dd5da65f106de90693f546f35f42c1c89a11db77bea94973607810,BENIGN
190702,6a71ab2156d3bb3f3350e6193536dd7e9a1422a5e3487526d35f2aba06356146,BENIGN
59133,0eaebc3ade75bc594674f6ba3eb400d131579db38f72fc76940e622e61a9c926,BENIGN
85352,176a9ad3efcfdab0b218b2846c933781bafdde27116e04e5aa82ec5bbd832a79,DDoS
107906,b85860167ce010c5d7c9761e8d99ab3818d4361bc86751494d79dd726f6f3ba1,DDoS
172001,241be8f4f2b2665cfc55c06fcf50e05c08ccd3d4deea26144d25f7a3f2a7d3dc,DDoS
181692,9a3a88ebd770ad236e23d5eb43f22015f197295908822708eb71c9a93a408b71,BENIGN
163787,0d7db576d8064f8b663245b886c37ecd65936f1834c8f2098d3a334a10f42127,BENIGN
20902,97d566b0cfe6a98a082e575f5d60f53e9c55532b31e9c3068c4563519c9f11d1,BENIGN
19633,eca1c06f71689267cd6a60d6376a4a166211aa65eee24253f6e93eadac605c3d,BENIGN
197081,0460d8d443cb28638f06aed6863fd734d13a7ca0cccd4ca2c92c9f0535267fda,BENIGN
149856,5cd6c277044ad2f2a510b2dbb29d7ff637309a1c263cdb242f3df90d0495f8f2,DDoS
123625,b31aa6dc2536741bb5cdec0ebacb07670b556f84a48821b4c8fb5077f983b7dc,BENIGN
103548,c3288f51187c155dcc1c901cea4e2b841305b1190300ddfdff43a5114ea6b009,BENIGN
58597,afc73ad6748ec1b1f12c2390fdf2216bc328fdb8e8612b24c82229f14d66346c,BENIGN
36052,34a3f382e103aec15cc06e8e9a0c579433fc009c5f1d456aa4d5b00c960e2d0e,BENIGN
4681,c4ebe112425580ef1d39f746228757f04d90d1d4622b3df0caeab2ac957175d4,BENIGN
87727,12265c89c53d5e7b3efc4d1be5504d99f7889f4a6c939f5cd555c79b88ba2daf,BENIGN
163259,4c958609012886d134980f0f95147867976ad6c23bce157449b58fa8e8511ef0,BENIGN
39366,d3c5af528c70de2e613dbbceebaf2fbbe0a9740204070d6a0814289bd81cd5d1,BENIGN
203850,c6c3b614f53f9a613cab543c7afd30ac2c81cf26163ef3270a9a6198550deb04,BENIGN
68788,8ffaf0c23de665837d3884405cc6930d04a43c7848a120d2caa3bfb0ae2f09ed,BENIGN
27158,22795471cb1d5b875603961855110a187c6595ccc2b2038c5b7f98a856deec61,BENIGN
201645,8f22b16f47de6d1d17e3298cecd12b0f767001d4638196bf16b6b567b1306ae0,BENIGN
30500,9c0f4ab864a8a263579bb665e5edf88ed35ee7870978ab6fbd3ad1cf3a0ea942,BENIGN
74730,9aa933a81cf9d2daea00a33c5b226f91c8a35876809ab69f0106eb53428ceb40,BENIGN
5508,b0bf76096747a7955b512f70c733081cae65c2d524722637d9d3a5124ae6fa18,BENIGN
138192,18ed59581ac3a6eb88d013a1bc2a5ec84d2a6c01757126fbe2733c6e4e05b518,BENIGN
48151,8c6f9dc69e1239d6feaeafa263d60d92d35fc82b4b4e34298e2118ce695d18bb,BENIGN
203655,f70e8b5b927a1ea1647791e02300a82cf84346989ef3af8c521de7bf20f75b5f,BENIGN
38345,d5654c84fdcd6f78e32d1aaaedb37c36bf8878431cf5302a6056f75702135bbe,BENIGN
10573,edec565142403db4fcc9e2609788807604b247b82842d6e76bb41c30f1dae165,BENIGN
45883,cb11717d893da97cf45a2a12ab28987f185eb6df62da49a7dc40ed58326ba9d0,DDoS
31452,c9184bbe664cf6723c6af4559375b9b65e5acad2cfc9a8ab1150ce985935cd69,DDoS
122167,086e20660b9d35f211abaa26d7e6c46742d73636e3aea1e3795e973b1e7f92da,BENIGN
113683,826f98c4d033ccee5fba17fde0c73db4f577e72c549f8d2c96b88884d7e46dbd,BENIGN
166080,a3ccfe2b4143069e10e7c06b6856ac439253b0d1b24912b20e1b1f180910d19e,DDoS
174450,f517f89f1529ae18b7521ffd8dbe0aec69d1dccfe66fc389786984ffcf8b5edc,BENIGN
185778,a81501f0165de697102d9aaa6eaf2dfed9bb0ec217665dd2ed3774dd55a12cb5,BENIGN
116916,fe310142d87874094c3271e3d9c306f813f6b62111a5657a53af870f4987c345,BENIGN
8541,066e22673764c5e6d2dbc405245e66cd44ec53bba447ede5ea0d9f0b5cf0345c,BENIGN
135669,e59c22b5f087df463ca2cdede67da0410f65b5c4e883c5b0657b805ffeb62586,DDoS
39969,8e265e520259fb29c520f80dae2aee7b0e7719bdf88591c9386f284818de655b,DDoS
156034,21eb4fb142e759ad3c9e10b9bc787349645f1c004744ed40e2699cc441a8904e,BENIGN
149081,47a470493015f66b8bde9b131395d1eba6fbf564af4978766b16de9098309833,BENIGN
61083,fe7f70efff99093b9087cc3773387a95bc7d8fa020cfeb97c40af9e6fdc2a5b9,BENIGN
145860,698be5e11cbef862bfbd4d12e08a5820cfcbc0a4176289ad291f302914dfbc37,DDoS
203407,91a66055cc6dae68131613abea6c225f92316d90207a4e033488f2947675c4cd,DDoS
65028,b73058aa82d75a60b5fafee59370a6612cac296faa18ffc2c31c99543e399d01,BENIGN
105158,cb5ba61b3524c5ab513d3162f4373226fdf4c1cb310393608f7d041fc7e3311a,BENIGN
33452,24df357a1fc3306083b224095aef51b8b93b4f33ea97fa86517d655bc827a6e3,BENIGN
73356,71af7a27b042f7251e34a5c24ab5e827f6bab180f0ec314b0d1b9eedbc459dc1,BENIGN
59790,395b234ee7e53c5c326303d6bfb22f5c7eb5c951eeb1ebd3a139dc5044569249,BENIGN
113349,008dc8a9e6f3e557c30910b2fe4088d38722a390e33226430e5625a26de320c6,DDoS
156745,8b743a629ad1f6b47a10bcbf64127831babd9e16b15e5a0def0849095a6bbd44,BENIGN
141010,57add89b63d68fbef09f8e8267278d6b03f3405de379bba377852aafe2ee8987,BENIGN
164746,20b7138581d0d5cf576dce0fb6e75753609e5523938f0b9fb360ad5520162ca6,BENIGN
175776,3429d35f3ae094acb6d6cc0e8f288012ceea7da53f519bcebea41eac5fb646fc,DDoS
23572,483113b3e181697c5cc71bf172e7c78c30f88a0c118e8e90a8ad7036b009df7d,DDoS
170639,e7ad0cd85ce726ec8da45a175d9e33c0860ea07fb346a9467d8dd60ddfb9f3c7,BENIGN
144666,b5ad939243aaa0d02f86cda2474f514339ce24bf44f374c3c4a2ac7ec7a39793,BENIGN
53150,4a32e12411ab0dde5e4e35db4945ef690dd99a088ed829979513e45a1a62b6d3,DDoS
44364,5b9f2c64b7620f6fafbb34cca1e50f5a8771147ef32e26968ed2674ca72914ef,BENIGN
87896,051373d449ae894b493c8b5a0f77da374fd67caddf88601810eaca693d0567bd,BENIGN
180494,df6dcfc90036bb2a4151841877f6907b8a6ae52b214db945a413025ae3249d36,BENIGN
5418,a9a0da9abc47e2ed3c84159bbf2487c0e8fa2dadc84d8aa517c24191a587666d,BENIGN
72155,12702a1d57595ab216fb55e83aca37c83593a4b2e232e3ed8729c01bb886812c,BENIGN
70204,eccaebc2c0aaf29b578c8e18af2a22d59058131275f4427dd970052a2c0914c4,BENIGN
64221,f3835c0aa74cd5bb910e966154ae103cb4c0ea3fc515c6f2654e43b05ae71b52,BENIGN
40068,e061a25256621546d9cd25a532e7e2f2a372d6636bf5c6ca84d5361c309cb504,BENIGN
142374,e57453099b7b00f07319d0332908afcbbcb16c304e94289dd07f46900d2d2281,BENIGN
34086,586c7b3c77b4f3f2ccb09f03e5dd1d215551d91ed9bec93e068620b849ca42b2,DDoS
98210,f743e043828e885051fa21fa7638be9f880b6161595e4a6453098cd65372dd71,BENIGN
73336,47e2f44833056f461cfa522daf83b111175269d6da2a4ea8b97ac6a4b54bc59b,DDoS
2192,50a440f9338c4f555e20317aeb06c0b6c82c9f5fa162de46ddde4c3ef23d4df2,DDoS
1948,decf32d2af8a13c3a87eb77f3a3a8faa33a929294d01191b612b7c9b45fed80c,BENIGN
196479,3a1079d144b1efb396d20749d22b9ac7a248bad5621fdb524f692cfda5034d04,BENIGN
36099,cd1ef8939dd78f33ce7041f35b01a6104d72aaa3d051902aa894e48029f266c0,BENIGN
188996,1ffa922022a8a906bffbeff834c7649d2c8a8fe5e1954f2f692fa61cb3ddf6c4,BENIGN
181693,b48158fefb25760795ac79820649b9870b6f24baa98e0b34ac649ff58900fb1d,BENIGN
161968,6b190ac1a17635ab581bb3fab29897fa6cc959349a5cdb03be497e7e67c78e4a,DDoS
173169,e51197e230585dee85c2f1f250801a1b494b61544575d060c4f43bd3ee29ab41,DDoS
45705,74cfcc874293e677175ccfa9219bf66e8422c01deb05afce788477d8731ca473,BENIGN
174239,dda82578f9b1f2fc8e9f1134f1214b09e2156012b3a4a302945ee9e4b8834978,BENIGN
201068,14b15dd490c2db9792fb77d6c9a9addd576675d0f066d887ffa528b00dfcadab,BENIGN
52124,dc45ebf0bbf145f282d55e9dd45410c0efe8e5748f69a9c2b6dfe2af5e008f9c,BENIGN
75890,462ced9acb038ff38af1dee0f6a62cd2dea1ebb18d02764e5178582ce583826a,BENIGN
67912,6b208df8f855f0eda97601d36113ba4f0059cc6f447e58447cd55c1d4ab46beb,BENIGN
187946,908df300d73a49290d181e5b3966dcd289f49ce4f15aba5009c5b44259717fe5,BENIGN
3636,b2aced08dc1f5aff73231b4ad7f15a67a63e34f6aa5600095fec4c61f916109f,DDoS
99375,e073083435a65ca86e11d92ec6ddb266d93a77a1ee4e2242e2fec0e89f843d85,BENIGN
146225,da7a622f678da9d95f02556dfc4f7e8b21786a38341684676839ce706ff2060c,DDoS
124532,3acd7f479941b78b047876cc566f7a6db5b8587b9d0e800e0b535b63597e1aac,BENIGN
13661,537c4eaa8b459292407a7d95981d698ffb6719a169d7c63ed0462a2e3a1ffd32,BENIGN
73771,13bb0e84fb9db85b60ce195951151e4ebf8c46e708fbd3450df3f9395048de07,DDoS
8858,37ea7276ffe6bcc26388be895263e1aec8373791420d621f61b9007e288cc649,BENIGN
143144,f9aaf891bf00a8153349ea245940e675c51fa87f3fbedc378efd1c6ae6f54b65,DDoS
190065,10c23952f221753c8c7d4bf43099446633ac4018d4e8139f9d3d25e9af2925be,BENIGN
185180,a9d2b2f26921ce890ef6a2f8739a92ddeab80b36930afb10d55bc7940dd6af21,BENIGN
147139,128bf56f08e0033186665092e93eea6e2b4aeb932722ce4781c4522c3d6aac0f,DDoS
85585,a82fe74e0ccc8b683a65c1b3353ec8a102703c7cebc7d16d8c6c3ec999b52df1,DDoS
169699,11ea4ae1e62150563d74279b7813777378913a62f94bf8d6698e8c2d072736b1,DDoS
79989,431b096d5299829ba6a4f966178555e105eda3be0a857d56aa432acfbbae0ce7,DDoS
68138,193a74473dbb58219cb2755afc3624b58dca308eb55daaa8357b8ad511b35da9,DDoS
58552,d24f40c2395f151aac5b5c9301eb07041803c2298e39cb70b463744e8b3852d7,DDoS
118327,8d64b1ea81a90b22d62a1132716d760a76da1d342ed7a5bf3168f63176ddfbe4,DDoS
47166,f9961904ce51a175112dbe00e697a2ac81485f8b7efb7c73849e1135521fd592,BENIGN
110750,2139071ae5311882b2b7132224a2ca7377667c116328c74e396dfa866593446a,BENIGN
11135,60e575cf4d3da23a0be64e75da77cf1edf1f25ba685fbba86d29dab834b936e0,DDoS
196218,3b8286c470c0c4229f2d426b461dc4e3034c94101ef986dfa08d3e71087186d0,BENIGN
55074,012909f1fb78df73684ef2b9a2a2f90fdd6dc70c7333e5abe9b12eb0f6b49da7,DDoS
26988,8a4cf3f545cae3e718a9414a5c88017924f36c999c10adb20817fce88235c7f5,BENIGN
21304,ac01961e024cbac95598e8b11fdbc53cee56c5e1132bd4db642fcd7bbbacda46,DDoS
171054,2e40411b45701a1670f94568201e7fc9e129c6f90cd416a3cadccd84e70e279a,DDoS
39590,d8a7e75a514366fe3fac3b3c3ddb623ec56e24d20e5d400fbd25ed72ec951e85,BENIGN
109435,f59950a5cdcc0d509381dc63846d00a74d62e7f522083a197fdb7b2d1043efdb,DDoS
111618,c7ef9a9bfbc2bcaa507c3d7d97db664df51d1d3e801c33382bf0f6a295fe2f4e,BENIGN
51823,211e2e3fbe52000967161d2c8822be2c530c5e8cae2c12e259de2b562d59d028,BENIGN
194698,abe328ac62c23c5c384c7d53eef9e18646ead538763b8858d19442ee0ba981a8,BENIGN
90053,1225f4a8bbfad03fc563c5f388b151500e8dd0be38a24a042b0601a2e78e18e2,DDoS
76748,1fb1aac718ec05fbc108f6a835c550235bf68da9c71f1a4cba5eb06d4fce826b,BENIGN
90383,edcceaf60df0540a7051ff94a0dc3fcb96ef5a0a0fcb14090882ef21a9b4f15f,DDoS
202759,1ee3d4ab9629e560f21be4a782fed20989127f855b1a499a57aedeb0563c6fd1,DDoS
131882,1987e2fdc48ebbdba247970c4787d1767cca98ab0d47a5f4d5502a79f52dcb21,BENIGN
160700,1c59c3e7677cdd89b367c62e1d36efab7184c41d20a1e23a0a058e27d15821db,DDoS
67811,155150a5fb0e7937adc1bd14e151dce1e4425321fa2df8586d3b01052494d675,BENIGN
199737,ae833ef759c3ed9041cb10037d3f376b832b4d93d8bf55e908331cab8ed6d3bf,BENIGN
129359,daffed925201e664c3a52aebad2f05f5e36dad8dadf749eaf651a64c3a54071e,BENIGN
187497,8a4d038bfc5a79a4a6a47c3419fd6ae7b5659095e93b8c6b70842bba9e03a771,BENIGN
50460,7540f7e409ac9a93202f0f2c9a38d59f26d6a8deeb889b7b5881d0f56a9920d9,DDoS
25258,f7e9112540cff09ab089993c78f4b364eb53efc5513b2bcf22fc0b6504fe962d,DDoS
96300,53ff6edb14eebf360bebe3305a941cbd2165cfb7d46756ab60081ae01b38ddcf,BENIGN
58481,cc1ca7592b2161fd8fb382671713dd47bd836bc8cd00e597ef70fbd508b9a0e5,BENIGN
30762,d8fdaec02c3d9f629565a21939859feea7b345469c74bfc8180d7eb06a79fe05,BENIGN
129656,15a7d8df905b93c98a0c3e7f4301294f8d3dab4e28998acd360e7585cd71cd98,BENIGN
163168,28a6c65ae598852f63a4b807337e4821e0aa53f8432a9c11bd6b01b016bc61ca,BENIGN
41197,36c346289fa3640484234d1ae14225fe1aab37b3a8bba63b72276458a4db8256,BENIGN
207885,19ff8d7c7acaa815a29e85f7bb55cb3a901c9a6777ef74dddaa1e20e6781d5a3,BENIGN
41069,9aaeda1ba396f0bdbd2288d7b9b1489c429f316a20223f2f38ce10c7ac1a492d,DDoS
96668,aa71f8b3dacb549d0250a57b2734df891a9995b585d26adba3f8543a5b03a849,BENIGN
174165,50f735b8c16dd94e479c9dd4588aaf4df2277b639b953723b8bf41e68eeda7c9,BENIGN
47938,f59d270afb8649d2ac2e6974c734c858581023d40077698b0bf4975ed16816e7,BENIGN
183364,7153bef8fbefb615f25c02b4ed47eeff819a1cd48dadb53e3975eae3ff640c6e,BENIGN
84088,8e1229b5880979f8322c510d4ec5f60ef09586033ab9f1994f4e6195e18a2fdf,BENIGN
143655,1a2d3a533f882d99b028e9e194efb6351fdb46325fbc8c3e7b262d852854c632,BENIGN
161399,a998af6bed2727c9973a2f49da9bc10b9d336a37e790762a80e901d41bb9e65a,BENIGN
122646,fc161862b2fb5e2e92c5e3999ca4ddc34c51fea013ac3501d52088ba4f20e069,DDoS
175312,7200df29588b95bbcb48e1a14ed3e0a963efe2cc7d544c613a0cbc97c1f541e0,DDoS
182453,d951570a55f451f43aecfe8d1c881499dfa9e8f14c124ff8acaa31f90db64845,DDoS
198230,eca556ba584ebc7cf94221b9908ec1178aabd9e86e2b406def76f54d750fc15e,DDoS
117269,74d916d8f28222af9a73256d8b0b1e8691f3254649a619f77e602381761f8da7,BENIGN
146432,bcf0274948f9a1d2beab43a1e09f798c35091e384c2e741d4536d7016b5a5145,BENIGN
121363,fdaf92fee00450f330d230a878fc4aea2759bc46be76d30a898c7610bcaec12a,BENIGN
82011,ac7e5d0ecaa7b24556322eda631b169c8386764468359b8ecdee9d2e2691c6a8,BENIGN
183434,6b68e8d899d767be26946a69fe495eafc1f340970f95fc745966c0f18785199e,BENIGN
165308,67a3b5eacdf70a382a9b48881392c14f8615fade50367503d58170ace77e8569,BENIGN
24962,75cf2f3fa64e4b2d07cdeb5564f04cd851a5b9fda5c2d6a75c90cf6ae3a4c571,BENIGN
202036,0c7dcc623562f30f337607f50ee0b4fa751e0dd5b210f13fa0ef7ba0e1763209,BENIGN
183904,8088dc4f8863ddce39429d4921102a613ad937989c4a1f2362642a13755cb4f1,BENIGN
7024,649cb8bf17e2a4baf592e0050d94de43d64f6cd436d9ac023a743bc05b390e1e,BENIGN
95123,1c21750da156839714f5585c4aabf34c67a6785e4d5ca0a44ab9158f4ae0d4a8,BENIGN
27258,6a99c69e20e2acc8f4ef66ba8404d55bb9a03a8dbe116a5ec1363a89106c3e7c,BENIGN
119603,832422fce10ad33bfa85baf317b2ea668f81cbd6a4d419a99024a5fbfe6630b3,BENIGN
27711,24bde5a8429c2da81f94a26817098248f576c375652c45dee3a98b10e63101df,DDoS
153447,964e7c80e9f9e1ef264d3d29cfa3e6f8853e938d0df5ea67f609b97c47d3f48d,BENIGN
156190,31a2359e96558b39e3b8a3f4dbdb529e6cd56ea036daeaa5888023fab802e2ca,BENIGN
200908,dcce8bb6581afd682201fc90e5d617ac1e79a20f710a865d1dc6cd136e430872,BENIGN
143137,d408aa565ca2d3c5132626a3fbd5666112a7513c1a34c2086f880b2700d202b6,BENIGN
203993,3810fb487c72626acfeb87dec796fdc5f5996f7708f2e25bd413d29d3da0913b,BENIGN
179754,b3f9d190855adb83a15ebeaf6f55752300ac81e877c4de500efc8b039ad2c190,BENIGN
198299,41e8f126379645c45d07cccd03e5dfdd5183576eca57ccfa9713964a89687393,DDoS
101687,c276d5bc0bdf4e09b30d2d1e5a3cd3b581ced1925b2ab0507d99c146b62dea78,DDoS
179094,ae9753c92e9b6bb967baaff9c0bb2b9885df814010ed5fd90f95df6bae6f341b,DDoS
152475,8b86e515916b9049b7cb9291e1d5ce5264ba1d5114fd17f435ae010f503dd136,BENIGN
161267,b8bba4bebf5cfc41c4c0745b76284ee378449b1548b8fdc33b39fcfd696a8a66,DDoS
78264,7c8f12d1d438c861ea2fdc8ce0331d15f95685c2cbcfbaaeca157995f21394ed,DDoS
85672,35b4dea0af8ee7dc8613ba2c33533cdf61f37de5b0da97bc6c1fdc8d54840aab,BENIGN
102965,e9cbe4c2daaf0db4a3c898579ab8a04c44f8add95132f77c24377ddc188482e7,DDoS
116524,d46d3efc5391c8c9bec88b69ce2fca06bf7a3e35c4984d23213540da186c43e9,DDoS
199935,d6b5a848e289ca0142410b87ba800e822091fff253131de3c722e19bf2298fc0,BENIGN
123304,39b17b4937bb01f451bc3695ef7779916f2425d268595fdf1182ed432a485e37,DDoS
130964,9b6cf620f1dff8bdc7e17f86b773dd7facf17cd583f25e17ac75bebeb5b9f3d9,BENIGN
76977,960198719c9b32e467f774c05f7365a2daa1261f07c9b61956380b5de9468323,BENIGN
185538,70d2858865a19ef0266a72ddddaedccec4ef3bc3f6d5c53bcdb27ab660c1e4ec,BENIGN
163921,abbc0f5fe05c4e1b96ddcb77b963b60d5ea0b64b27ae1e824b972f705c192e6a,BENIGN
80252,2d4f8554874d7ff785851e580247d95dc5e872d26c32d9d1df6b0a414c977305,BENIGN
105629,5a818df189732b04c2efa8fab89dce02be2348e41052be810b4d27dca81e45c7,DDoS
14507,1a46420b9ab010a99c77e62a061902e98be271b2e8ca760450267e5abc7db959,DDoS
445,ee46b06c3a3069c2ef338848756ca9fb1f4815294c03a366aae58aa72d61007c,DDoS
15780,b8c2156ff3244f81755bc946cdb9bdafa0bc07104d97e8e5928be2e32bbe0557,BENIGN
111002,a99f129805f863da5ace5b8e786c88ac12de52de13d5684285964160920fc146,BENIGN
123181,73f3ad28bdf91e13e4bbe7d18d90c8cbe3faa87b9a3833571739b11c6ca76578,BENIGN
192998,4d74d8728ceea3945c427dbb49afb43f265dabafc734448f78252440e1ae84b8,BENIGN
22985,11a8732e3ecc28f6e338960d45d7ee0dc178c41d94d699589d30ed8d320b6d89,BENIGN
96204,50fa9d49dfc64673ba24712a28253a0bfa0df9e296925eab43e1a5449a91d51a,DDoS
80024,891b6f4fc7becb634d334e2c48fb7ccfe76923dc49d5227def4318b8068ad9ee,DDoS
63074,556c567c6fe0c9709e7738b1b649f889cab50a3b93d175d7d2e542080ccc1a12,BENIGN
55453,b247d6ddb92e5eb6ac47b7ce58934b4272cb3849109545133c5560d7e43a8ca7,DDoS
201134,308d26f534cd2f603b5e8efa7516d14da873f24bb65590e53f5bf40a50f3428e,DDoS
128436,60a0cf2247e34e9cdf1f2128d057ff5d6c5c9b6052d56fcf9db30663ddc91c6b,BENIGN
132727,43d9457918c997781d68c6028570f27160379c14ff62be169ab17b3123dfec18,BENIGN
124774,0cf799fe4bd9165497355ffe300f478c212c36d340290c1541df9b2b7baafbdf,BENIGN
106389,ea6a50bf5848d2c02924ca606d114a1a8883af01a325ab74b9fbdb89881a1242,BENIGN
47193,5d3f82b73b55f7f51eb2045413733aa27eb30f9699773edb1e2d82cc05d82ef5,BENIGN
125620,ef53c9f8dc7ad7267d3acbc93e7378a47d29db84d4a9b7dac6bd36d2689416e1,BENIGN
139467,91a8a45a51c68d3ad91c0d81ac31afd1fbacd5bc7d62a7f6e47db39372ceb64d,BENIGN
141769,4a91a3e21d9868fb27d3ddb98db669823068ac8a311c16d5eee783af701223c0,BENIGN
72397,16b84a4023140c637c1980f1674d35da77083b060a15ceb9126d5d2a49e370ec,BENIGN
53672,38434062d8398e1212826bc80c75b27e3a3a853d22aa0d4a12636ece5f27b714,BENIGN
142835,5e28494aa601ae4b18c652086b2a404036089e54263d62421298c5262a6259bf,BENIGN
161537,2a1a5b10388070d638e18512e02fd78e7d8fcee943d9ccecf69c1996453411e9,DDoS
85224,f601864cfc468e476622dd8fb938187ed3f723209d0e650446e0ff684d613591,DDoS
170200,64587373f3b74a745c4975caf46f2347dfae51599df6a4f0495f779dd64a76c5,DDoS
166141,fc4a4f3e63319e54b01c610cfbeb2f0f598544c4c4ce44c273619a8b19a38554,BENIGN
189967,9b96b9f0baf68e98f88ccd80c284464eb1d5ef4eb198649b301503f3ed2028b0,BENIGN
35227,392cdd8fe29fa9f5d743bd62947c2a00f66fc5fd8c4474929ad71ec6cba005ad,DDoS
41418,2f79bedba54dbfec090cd71e60869f8f9cbb5c6c20768cbac042fdad4ad6eae7,DDoS
175723,71c80d66690a6d293a1cac05504d2978f3c65f2b6ae11945d405e86db67ba55b,DDoS
204185,bab06d45f511483ee9117d9c1d83de22e4ead0aee11a32ffbb2c9232f6496da5,BENIGN
196104,f894b5379bed795d2bae55f77ef679b034d70a0fe8e93b2756318d6a7f1394e1,BENIGN
97570,1d495b876a751921054e99a1bb63d8638e32048fb986e5c3e2a8b959abbdd799,DDoS
8348,c68b07eff28c19a15c8288d619a6ed1f48fc37457314e2a9826fbd258e19eaf0,DDoS
169498,d922e26eb2d359acb27f90a6738b2fa3825ce62474c963706cd8c1fce651d959,BENIGN
143038,97e55ae32ec2172165791fa7097ccc9602fd4e08e1c3c6fc251682f551d8c805,BENIGN
197950,afa9a3c7dc444e4514c0744bab494f93c90527ac3bd48402e4df833d0371e44b,BENIGN
56073,3ccb7ce42b7a3aed15fa099e9c4f3d9e044b0c142de5fd183287514eec4a9058,BENIGN
127814,9168a99eaf00a42a8660fb17b9f8f953b3b892d18442a07e27d9367c5e381275,BENIGN
135651,2596dca52607208770494ce5618cdf8a3f8005cb5ec81094f3d8c866d1ccf6a8,DDoS
191555,7155a91e8446a7d1bd82b71ce1d83ba1eaacf3523ef0bd3da3188cce58aca89b,BENIGN
201130,c3daeee2a9360cd860c84b6515d14d3b67c73ff891db4c19e704069ee1b129dc,BENIGN
186213,cd02e26e10dd0c35810a50d9dd400b92ce4fc6e538ccd3243c46c198985b175e,BENIGN
95407,9bd88caa3c11321ea9d849ba42b8ec0e59db1d7e313e36ba8f66ad1cf85cc680,BENIGN
86419,c1d3f98a5072bbff6231d765d7addf9ff68d8f6cee9189616da36f24d4f30c34,DDoS
187457,4d231f3d3826ade5a5024dd577b5d3c171dcd671f9127b9792f1e3e9444fe006,BENIGN
72564,53e0392e9a0a0114632360796a66b00cb425fcee12ab297acf9683cc878a0e69,DDoS
174191,ec4b02db288267c45dd3011400b0bb2db8f5fc1b36d97833c6c4f946a1ce8b26,BENIGN
177398,d159d97edbadb0471236cb109078685fea387e61e3d0e5808ede56134e357adc,BENIGN
69018,4bbb82e38ca3ad62bb946ab4fd1dcd29a0d0faf2be25b0d526fcf9ba2a984cae,BENIGN
144711,888bb4789e76500c73e5c50ef6d971305129cad606273f2f39aa70c980d06447,DDoS
154993,78a7a1bccb86924fb129af6c57997df6186e9b189772728fd03054908950058d,BENIGN
188224,fbc80b44a5a33ede5516f2768a0e04eea742c3a1eee9752b0637093cf4f9394f,BENIGN
194616,45060914dbea456b2d6093188e82974bb09ee5bf3a6643fef804ac859df5b9cd,DDoS
114669,3f1611cf584451cacd1fe6abc4e392219b8953e6a057f1c662c4cf9fa5833570,BENIGN
45249,aa90e4d725ac118351c4ca813ac175efd8426ed48e739b4be962fecbb8dad5a7,BENIGN
194096,c2634002904de312514bbf0f86575d5a321f56010d28a728f13bc72868e36a08,DDoS
58418,fe92404f0b86a62d59e085c1cfd4ddbc671ab876c4725f8334749401b39b8121,BENIGN
117849,e423887e0eece299c87d520d48b31744ccb45c7438397b79e8f43350d906147d,DDoS
7978,8851fe8d1458281e130e6d19c68c454057a0008e87190333171994ec2997b694,DDoS
26186,51b7ea77320c78c1223a4f1d89d7328f13acdfe77a7b1609a8e3fa02a3d40352,BENIGN
49087,12892e219199f33f00f5bfe57f20cc6c8b2bd3b19f9007b2418580a0ba557309,BENIGN
31685,4bd710961a1bc468f959336282d28dff97802e425832f1b311c0525a9e813863,DDoS
22524,2f39d35a38da9c25ed81de252e91381bc75e405de2d7a1edd72e06661e88b327,DDoS
173417,51be0f4c658056cf883722575a619f67eb69fde9e30b5eae8dd92e3fa56448b8,BENIGN
21514,1abde7674dace2f70a122b8748c3ad9f2786508ca006821ec8747f1f431e8133,BENIGN
4109,a14d266e863a36b0f285738914bb5461f23421aa654d652f5edf16fa080242b4,BENIGN
40764,c7f3be00afa810282927dca05eb9523c7d02220b45efd1f4516387e2401f5d48,DDoS
46019,125dd198e2018f565a9319128d8e0494005832543b188706a6f91edefcdc428a,BENIGN
162083,42e80779016f557d01c8a80f1ca925ae7252e4468791b142f4ae88c87531331d,BENIGN
93389,eba22dbf974b8a644b8787b632416579ad6dd3d7fa9f9318286aaabb40d04ea9,DDoS
71743,dc215a4e6df5e633e7f552f9de77d272f4deadf9d29277a46bd56333d2c63b65,BENIGN
36323,23c8bf4a336cafcdffefb0b308a8a0dd343568de37ef17f0e5bfbeb7d9a50512,BENIGN
97263,91e39aa10d9a9f5aae96af8b32a9a6a5aa8441b79fcc8bed52049f17de9d176a,BENIGN
78729,ac5166954d85fa4dd210f60f8764e82e9d67efd529a815bf5ee4a8e05e8e27ec,BENIGN
111995,f8159e8d03d61150f28b3bc769b3fecf664b2da49faa8cd470b1f271cbd0f14c,DDoS
34134,4cd3f44883bffce09448a7d942a10ab68fbc742c92a693c022b0290f21582f1c,DDoS
108296,ed1741ac24252bdc4a908071ae6aa7f63e555dcd43b6349a69ccdaf352e017b8,BENIGN
142213,d98b7501b3ed9cb529f1116fe15afbe0b9adde939f4104b53fdbaf1737c17d67,BENIGN
123364,c35b2573047c9b31524e00636aae89f5babe5e49a22a3b8cfdb202d385bbee0d,BENIGN
19298,5c04adb487a17aea268499ae11c22e6222708e91f8ff319c7bc85844e3b6c1a4,BENIGN
3563,b6b6f8712d7c58e396ef0118eb660520ccd36a087d64ccb3ffacc651214ff9a0,BENIGN
39295,199d145fa5c2f91044900889e8f212cd5ff57909852df62ddec540d793883702,DDoS
107106,76905828cde5973e4017c271edb98cb00be565f4112430a074e4bf7bd60d7164,BENIGN
123017,7fd75188f4e84641466d6bc2d9c7eae692851fde7fc0baa66cb47b89307d4afa,DDoS
65200,b6ada2edcc8b834dca617c6454a722eda3afff980e8c7a80d2c76f50945ff182,BENIGN
175974,73f20b308e9985f19b1aadab6aeb058a1f92ccfa7da7cb9c51f9ed7b275cad04,BENIGN
50921,b2dfa55efb40127f766cc0fd608c23445718dec9e1ef18e1f1ad0f1455b48b02,DDoS
52617,682de0d2b4b950b6f39c47252b3839997e06046429b51cc9ade608daed3b2305,BENIGN
190637,7662c503791ba29594726f57852207e2d70797e710c55974dd8079d961955b22,BENIGN
92480,d2ec645e5043398162f5ba580375c718a29da857599e0a149b6724c4c36f6978,BENIGN
54904,b64357d072d89d4d82bf7fe6a2ddc5ecbd4201c9d6be45fdb5651485e2b114b4,BENIGN
136952,6642f74a29c39f021cf442c28881a5639502bad56cda164feb366dcea2ff6576,BENIGN
4403,8cf6b645015753854814f6758b505a6a4de9b4715faf64b5a76f7577b1ba4fee,BENIGN
56987,c256696ec567ae4b5107c9c5f8d535d2d0200f62ca51ef75b41462e26a1a5c44,DDoS
113855,725e03ac3b34758e6107b2b32f99e69b3a23dc0c89a76c5cc82535e58575b4c4,BENIGN
114647,08f9aeb9c1aa3b0f7520163bedd899a2a135584a97717fed6ec18cc00f188177,BENIGN
7855,903eaa0ace0e155926ed37db11349be84bacfac7dee775550cf7ff4c1b448b9e,DDoS
197431,0e1b291a61b21227ac062c48cc0bff782d02f29c9fb8905ff329de2c1dde849f,DDoS
185240,16f3123287c282e2e8f836a716fe48734b5a4b211c1168542d0fe0699affa6f3,DDoS
142166,db4a7ff6ae0222e0ae57e9c550fd47ca5166e7bd49f1be2c4483ae10632ac082,BENIGN
164975,d1008099cd4beada02537c5f2a0dae5b63cab3253be84af6722373ecb4002a27,BENIGN
93828,29fc805ae003d4f05f50572207830d1fc53ae6f022b6322603a874b30a72a0b5,DDoS
109112,01744034ad4e19a09956188c80b5aee6734a0985377bb2ff2d8b7a9482bef32d,BENIGN
189755,818b45d4413a2e315bfb739774817fac6a4371301b66304d7015c0e7017738a0,DDoS
103039,d6f66686e6178e8f5d703b9eab719bc83247884d94f539d7cec46f4228a9d861,BENIGN
109003,55beee49e36ec08ddd3bff4843f1651ac919d527aa664eca5d892cf4fe2cf411,BENIGN
198185,e18e4a1021bb82f60406ac41b97cbdb1dfdf30072b5e5b2d07a574ed6f8852ee,BENIGN
162899,acd24565b1ffc162f458c68608236d494828636fb873b934783c3132e6547517,BENIGN
81122,fbdb1f01d8d48f8e18d4b1c88f6b956d9563e02a02279423258bdb131d8586d2,BENIGN
12730,5edf9d157949dab1cf3ba0529d551dcb218413727be2f0923b1d5c7e427d2b7d,DDoS
189693,4015dceb82e9ede63c343a1c46e31f9808bef603070e012b6f522658ab387168,BENIGN
61770,009310c608df19e37319f1257b2bfd31f98c8fa6f2595b425508abcbd9f90aa3,BENIGN
117671,05b0dc150a68eca20f10dfc8dc5377f93bc6d4535a721caf2ddecef047a2564a,BENIGN
32165,8a68a07daee42f2d2831dcc65263fac753fd563043bdf28110839cf48b42a4c1,BENIGN
81554,9cc4cae55455defbdf20a773232d8374eeb6539ce6ed225049b9bffde6858ea9,BENIGN
131776,06e1090ef72361a99cbf3614135915572616c67b41fe1a8282f5a4eee58b0597,BENIGN
91758,e547b3a52dbdb02c290cfabe46e07aded25db78ba45caad09e693a15b6a87ddd,BENIGN
160436,aec69fd1213a26ae434218fb648f57e3bb255ac6496b5b44ffeacbdb6b25c77c,BENIGN
14822,598e6730f7e804b903bd96917be2cd00afd360be08f975a8f77f4a2775836f31,BENIGN
162198,c6c54210075c91db9f91fb80aaa1dfa97783b7c3806457bbad7d0c4d4c1b52f6,BENIGN
155456,13aa92a07d07faa100bdc4fbf7b45f8aaaad3b6d21c77cebe075e6adf97803f3,BENIGN
74772,4d9c3e9e063d09e0ecc0b11ea528e4ec4d4ee3bda200f7b58ee1a0921b3596ad,DDoS
131409,7c03eb1402a4d3b4715bdd6212e9bd7fbf100e33cb3612e7f800b0d42d84a2fb,BENIGN
20226,44ee450149310aa50e8ac972e984e0a259cd6ceb77dd663f95dfae313ddf24c5,BENIGN
129567,1c4c0f99add2fa09140fdfe12f9674cc35eda7af530d80c6398c2a93916cb5c7,DDoS
66122,be51f77756a40d661f8dbf26ec73c0f954373c7847fba773dc1b00994ba88a8f,DDoS
44701,523061082c88a5608dbc4dec251d463066e76e4cce191dbd17fb5d3a62ca2a8e,DDoS
148817,3336cf71fe2c75a6fb05b960eb8e916ea91484852f4e8cc36af095718ee80b5b,DDoS
195559,b38070ed9db15720a781906d5eb9b8afc7c93a5c85aee82a7115a2b60689cc35,DDoS
54884,5aaab8df6d0e1e8c6cd8f27e8abb64e86755da495d36d3a857ba7e455a590c14,BENIGN
94450,4532f684830e37855aacc7751712e6e4b1381169ac53d1a02f59d013a7f7cb78,BENIGN
72895,acadb07c41574e98b5e847d83d01544ba4ac699e8ff4398ab7fadb3affaa7ff0,BENIGN
145414,f02e02756e8dee98ea4004e02f737afc0f5215bb420cf7bd6cf247b27866a81c,BENIGN
2805,32ced13c5c3511ae2992b9bd29960a169dda79f0f780dc9fd5fe549414bd55b7,BENIGN
170890,09b00732436a072875e1223295d62772551648673613754e94e6ec1d889678de,BENIGN
158433,1db1e504e65a7df18d5362ac084cfbbebb99f01b6c58bd991009e89ce1fd5493,BENIGN
132180,a2c94754a14855226653153ddc763231c964d89bfb823b9703fe090d8454c990,BENIGN
78799,6d80795cbc828cf43db844ae3eec8f160809956bc65a900c5207f4c910216e66,BENIGN
15382,91e8b6f2c7f54ba603d747f41d324ce24365a106550530e008bf3de16c203d07,DDoS
145313,b05360a147abe30ee73316a3c2e298644ffd96f44b52d37ff6155bd71a5f8d47,DDoS
90419,a2fbc0b9410f5e96f420cdc1ef515841f0261dda6ed2fcd147dc50bdd0633f03,DDoS
62613,d161b799bbc7b035af84fc993f9f4db7f5123fa674c7e06bf352f874f7b40df3,BENIGN
95998,19997c7840b6d8923a27c4ad5801eba34091e83b07f54dc3a4ff796065d54ee1,DDoS
118300,e61ad206f09a9a2a8e984a984e619a33cbd40a59175d6a3f98222ebbbd2170bf,BENIGN
19564,13e69a5506c2c4c631ddc69d51ebaf30b675b787e7aac5a017d9b79edc34365c,BENIGN
34959,09c0359d2ebf53035a50737363c1d9aac2939e6d35d110218201ddb9266c94b7,DDoS
50819,34bc4f32e774bf4cef7f057399dcc8384bf7a85da62c3323515fbc64570cb3c7,BENIGN
60490,eebf066357435ed4e9d4721f123d2a01430b971cb5bdc322263e66f8fd6c282a,DDoS
169632,b3238000f7af06979b42789c634a2f879bddd8243fd7a318b98d34ba21c1c20e,BENIGN
175171,301704263b5b6897564fda16c5207bec849331698d1f46b309337df6e77b6eee,BENIGN
99205,fb21f007f34bd437e5409e9d54c415cbc7442bc8a0ca1758df2d7aca26fe5c6b,BENIGN
79765,d9233b683ea3340714396f2bb74e50a6794c8f97ae0cb8aa64c788d90990f666,BENIGN
207230,1093e976762fde36db951564ab66645d09102e62fac55d8db0b6e63ffefc4479,BENIGN
50666,f78a4aaa1df93cd9fe809eb5fda833d29bdb1dea86b22aeb1cc060f09c337efb,DDoS
21292,a11cb83e2d9f327f8a2d6661037435f65a2adfaf86b7987b58eacfe4b9406b5a,DDoS
207156,cd43c033a98b759326676a6597b6bed2e2fba6d588e31d420fc827099e1908af,BENIGN
64902,f2f00ee6ee0c65e2e0719581b046b64a027aaafe24578abddf7d5d81586cd281,BENIGN
51164,71d1da9e5c7362a969261aeae8791d8a9e01892c11e810adf7a740d846e68467,BENIGN
137404,522a9d88a7bc15ba65d5bb22a18add080809c740b39fee6effe46f74dc9abbfd,BENIGN
147468,fbc73ffb2abd7f71425e62e905c9d5e5ac96896cd1e9177810c3f4941b0095f3,BENIGN
38537,b50dbc5d28d847b75f191f767879ac3726c46ea72587d9c6eb77dd90344fedf5,BENIGN
133737,9b3572e7185a01d380fd98dbcdcd938596cd69b0a1ebe9097129a68a5c7bf3d5,DDoS
153348,0d28bf636cb30d560a8f75069d14317750238b1420e0b5183406d38b5d1aa626,BENIGN
3216,060e963507c9cba2fcec74693fc43dd0dada8fcd267705f7528d971bdfd5ed8e,BENIGN
112615,f92821dda7707ba0b3659f070767e6f7a8a81df27c3a7f9ae4e82552a33b3534,BENIGN
45502,54aeb78a9009016fe15363f135f394e73aa5253c0a85519317f8a1d72c7f6f6e,BENIGN
12373,74b90183ab1814f74b78e73d84a1ac2d746af6a12eda0ac34e532652647993c8,DDoS
167643,922498b90fdce36038021f343d2ae6f001c16f186831b2f1d289d26fae01b1b7,BENIGN
26983,72f20879abdfc8158a917316708733e4c0d7893bda11cb8fa06b0616a224a7d4,BENIGN
28535,e313d70d5fa4a47ca4aac00116c498620488b7e8665fbe4127100f2bf827d9f2,DDoS
186258,f325c923127d9d0e9cd44f9fc2ac77d836b8da20b3a072a9c0ff16f006777ffe,BENIGN
22976,8e261eab9f24b942017859ef1337aa95457b3e6ba01f5d980195fd7e4f007c86,DDoS
103656,f63684a5b1375b6f75b4b74d87aa16232cd109711cdfd9c5f3878530e6c22bf3,BENIGN
11463,8821da65429b1fa5041694616de339fea599f2a666a726194859380704baa304,BENIGN
90681,7f89adb24b5ad6172d4680d08ef407f1cc4de7065304bf3ec03809166383bb7e,DDoS
48052,3487af54b91f12a068da8b7d1fa93727b64103d45e285318a5ee2618a46c6d9f,BENIGN
69600,4cd4bcbdbb076e7851f0106141d92ad52e08d606f537585b6e7b1922d91e5d54,BENIGN
16400,090a6720b45e16cfedf4959db4b69516a0581a0430a3ccaa794dc68c5f97e8a0,DDoS
79723,bd4e9c63c8a0f25e82e81a7939ecaa4b60b97c48b9be67a208d14f77d1fb262a,BENIGN
201906,e8ff7e8cd9cf584291c081303063feef6f16cb280d597c9cdbd6d1a07ad1b900,BENIGN
4839,488b7258581bbd689f3e08d24eb1f34c1e9d3f161a47f4d47f3978c8a88a5b2f,DDoS
149625,a7bbba97ce75849f884e8b25e6131af5aa2b52b8888b36b82cfa5449a451b594,DDoS
137236,735dde1864884042babbd97e3aa3517fa63684cb139875adaa8d15110d24dedd,BENIGN
136343,66b0f94befbaea5c693c8a133ec563c7abeb65b1e8c90b7a98b0168028b8b3c8,BENIGN
43409,b838c93243b194b650beada01482a98d8780a6071110dadea2fbd53d2fa08284,BENIGN
28246,8d76c6f8b6cf91468d4282dd0998aa4c5e6f9951d203c230b9b7a2fe770cd77a,BENIGN
64582,538aadc0457e6aa595173f7e17641b38e0970e693a57c4d44dc94adffaef8449,BENIGN
141779,e8ca24c4f2a1fb4a4e7b55efe73511f9140c1e2213c1a939108e02f55b11ff52,BENIGN
40438,a562706dc999d76959f3328bed657b0449549f8db5852f45dc8d937f27aec2c1,DDoS
67213,3fedfcf267bebca7a5344bf2150c8be4a1e32e93019a79d107417acfe98171ca,DDoS
145436,0c500cd83b99f19d45a79c19bf5cb5439cfe05e9132d0047e245e482b6628033,BENIGN
200349,c4c73934b121012d8da81ad19373bf8125aa5aae9ca8b1965daed72fafa0b2d7,DDoS
143092,bd477f5b1592237dee5c07f9e6522fe99d08a446cd66c665cc3a0c0767b9d167,BENIGN
61269,bc418ab873e6607a25905596f171cf50c1dcd498eb55930cde1b53b2a3e3918a,DDoS
60792,6a7feb62d2f7a0e974785dd08f1492f3b47d33ef729924c6fecd3bfa13361d10,BENIGN
63203,7d2a61bd664ce9297c5daccba59c792e27c42962e41d25d4ae7f5f400253f0de,BENIGN
71407,f936bc12cfa4c0a94bf77227942fb9ec1e8e0a0516b1a71d1252821a15577c90,BENIGN
127980,1855646cdd5a29d353b0b022f67e2056659b8581c0e589830cd94fec4a70cf37,BENIGN
192617,5780a60f51fced7c4ddf4c967708a2de19a7d009ab6816688bed956302bf82d3,BENIGN
135331,8b7e656596859827afdf87e990b8183c9c33e7133708f7e1db50b2176a7539f8,BENIGN
40023,8770f87b3345ccd9fbbc61cedcd00398a6b036ee6b2d491f73601dd30fbb29e5,BENIGN
180060,92123fc1041b3df6e71d772287a05b9c479314f8ea7cd4ef81956838c90dfce5,BENIGN
107149,2d1b709ee6e697634b87e61d30c1e44055bf1f1e04e9314a0bd4a4806de090df,BENIGN
171591,d058f078286269adf97b1fcbff1b9fb66de6c8a8f7b89dd5262da0bcab6b9d0b,DDoS
83113,3fc09ba97421aacab339015f4594bde0280f9fcf0ecff1708673b5c08e79df7a,BENIGN
95468,f9a6e3877f96858ba386339e34d463403d8dbadc62098d4e64ff1e9c64cd9c9b,BENIGN
85437,085ae97e8e729da45d7a4e2af6d94a7b7587b4c1f749da047d5d5c664cf71e61,DDoS
190199,076593c3bfdc4050bc63f3bcf69ddf2a8a0a82f1a81ac5240a63c6f03892e3bf,BENIGN
137020,43f83d290dd5d9ca37381efc3b403ea6ff7b81ad69b71397086bb3693d8dd4ce,BENIGN
134166,aaad34a4d56e28852a44fe70711021d4428f43556342817986a9daa9fa58f0f3,DDoS
91534,f5d21f5a06d391f183848912b643f19ad535de1a0bd8505645b3e2466370428e,BENIGN
124501,1f188f55d5a1dc3aee5a215f9cb0d6061f202bc2b0826742483167c4000b8545,BENIGN
112238,c4401fbb06d5123449618d003bf90482ddad92861adf873369f431ad0e738524,BENIGN
117908,565269137b7c7c7318f1345cfb897ced343468049577aa7c80c191959cde7f33,DDoS
200936,4ec151a27ee2ee403eefaae0d7725008b18a10d95f536857b2c928382cad3d1b,BENIGN
37664,2efb0cb78de5e0b490e08292baceb63824464648e40f8eda764d8680d60416ca,DDoS
180472,7e568682e1ae95c5a7a375f054046ecde8532811d985375034792cdc51856695,BENIGN
33073,40e004c2edd0507b251773165d858dcfe36198d94b7e55bd48496a223f8696be,BENIGN
56365,6d386210d1d2413572e0a2f55eef2931d3f2a0369cd7664df129428e03e300a1,BENIGN
203125,d4f6f39dda71c543b37851c1513950389b137f5208ee6db7b4201d96a8d220b9,BENIGN
205841,9b5d3c72f2e5609c799e7f8f270d7ae87d65596cb8fed1402602549118a3689b,DDoS
120609,c802ac3c56a07fa7ce323ad6b8fa1f3fc9d266acc5a1f03c69357e10234591bd,BENIGN
11946,e238a486d6b7d7d51ee906bad2ab2812acbd3ed32ff87d17757b4cd0e906cf61,BENIGN
72773,3c26652e96f78fc6f04994447adfc7d274264e283d7416d565ef353fdfe01c92,BENIGN
17569,7f7ad0187f2f73162287d7f9a2f86aec20e5cbfc01478b6323a54a49a3a2d73a,BENIGN
4254,5181f60547f611a793cba498c3b2d730e576a28289918e75c01344785596a788,BENIGN
195803,450ec81d2bbddb46f2030a1cdc22fc9925ba3df69546c9bacd4bc46dc4c793a4,DDoS
135908,6577d6a009e8145fbab2f64be3b6dbd065d4766ad44c4b0d5bca903ef463be01,BENIGN
104058,bb05262e0f436a779206a2e388c7e4dd2c4c0e8839830604c27b7d42829b9910,DDoS
66912,9a93a2517fe688f4091817a9abddded65248c9ca2db03f6ed93469c738762a73,DDoS
27165,a160955c71771b5f880fb720bdd4f02bf67dc911a9694fd794238c1e16101c57,BENIGN
53751,93aa59430908943e7ba19843e9593c5f68d581dc99625deb7d5f765789072073,BENIGN
108027,6535e018de13682a956adfea50379562f81c3623a19f18b61a178a8993a130c4,BENIGN
77814,05dad2572b3df06a134692bf3025677647480fa5f466649dc07f63a2db197929,BENIGN
122909,2a082d3d56f0b864d6b99a9bdbe60a41dbf009240f78fa4d4788353379cb92b0,BENIGN
104262,f425c084f8ef63f06466e9ae1a7acdda1cc6ab707c24bf90ab8a59355e06aaed,DDoS
81829,b68b6e90f05105d1a94b0375227de9bb2a3eab9ac887a2decd787e1ecad4201e,BENIGN
131696,acb5782377bc3d272689c7749023494a351dc2c04f33e55f1da21bd40e4bb156,DDoS
190988,a1b25774299b86efe0fc28894de3fc3f0b1d524e3493b4bbde886d139d03e79b,DDoS
39476,8c2cddc829ce1b1e31578396ccb693ad6b139c5ec95d9594b8652d97c5df4058,BENIGN
80973,ba52e4b5a7b00f3283e536b40ab22112625eca720315781acfaec8dd50e8ed42,BENIGN
65575,25e544fa5c49dc1887b2469cff68e95f8a36ad15467119ed1641e0ff433b5c84,DDoS
60178,3a49d29fff916e2241b891de4c4fab282918c6e39da4d5c1ca243eefc0884b28,BENIGN
184919,bc1166fa0e5388f52e465f93e8bb661b8500766119433e83165c873bc2419344,BENIGN
62025,36a727eb16dbbef9ccce5fe1bad45fdc1485a85dca8b345caba0aba25c549d0c,DDoS
203162,e3614be3e1d3f8c58390d4426a22e04dd99b13e660e413543f0c069c74bc2bc7,BENIGN
55742,fa5fd519bdd8588ba7dba37f41f716d2095c78f9b519f6867bc84b3c1b535d45,DDoS
22534,2cffbbf5bf02b1739bbc5e5f59ad5494d4c42453e053dacb066c9e8908bddabd,BENIGN
934,38331238e8e4ffc744ba65002b0e9c67523be4d9c77db10f223d0983c15eb802,BENIGN
51274,937e59b282cdbf19a33dd451c891234d461475325356d35620402752d5e88974,DDoS
88222,3f39491c8849386cecda2b9a31a6ecb999af34583286c15f4167e7525dca1fa6,BENIGN
19638,dba0b5cb57bddb3dcd759ebb3b4bca55e66a797d1d4a0887160b690bff521ea1,DDoS
189216,6642a47c486327d2e47af62038e1945afb7347afdbfc34b70af6a7d6f0dc9262,BENIGN
207658,3424cc50348b062687b6b376958856d57368a2e12eac14335d4573571ee37e72,BENIGN
66511,88e35878f9a7ed381ec0aea7997bb987206a3cfa98cd85b115beaceac264655a,BENIGN
141631,f51dae3fec310afbddeb8d310517835895f8b1f1a30fc6c01337f640afb1c3f0,DDoS
40304,9c7e74ba321d1a4a717d4ea45cf55aabf4dd7e28e74a89a1b006917ae3596ba8,BENIGN
192651,227c682b17bb92d2862e5d2c4c28dda03f37e09a320912eb2fcd37937f056a35,BENIGN
184339,5583244aece473d8c8c7a83e6a0a07021ffb0b97c2a2ad9bad76f33784f5e75b,BENIGN
14231,7048efa91d4234c0158530cb44aea2165108cbb4b5f2dc9caed08a6d814e82a4,DDoS
40684,241f1e0881e183d09052b945a8fdf7ebf734f9224a4b329fcb389975032da45f,BENIGN
179892,2f54d9c119672bf778f08a444071cbe04d57d0a98f3e5374c4c5ff1b6087146a,BENIGN
108984,abd1afa0eef89343ded4de60baee6d6f37c52f8c9e39bd367965bb7023212c91,DDoS
121681,344f85ca7ca079b6b8bc1c1351e7f3de3f6ca34978e572f5ba33e22f6260f0ea,BENIGN
38237,bad7072d66e6af4372dbceb918422c57e34c0c921db4db903283ee28edf16804,BENIGN
132673,2084444dd56c90d85bcf18cdd4c49cfda3514a2562395dddcb741933bc770112,DDoS
103102,86e01486d554cc63f53d02a45cabcaa994500327bd27e19168152a3403949da3,BENIGN
9434,97a15639491ed3818f64421699c955113b39c765e078cb75825a0ab4cfad4ff5,DDoS
208149,5398af159a41338d35b2877bbbc3992e70dd188ec463c969d1f9abb511721efc,DDoS
141872,48a2d3912ab7382491225069ce1e41a9657a0c3d193966bb7938220881240452,DDoS
33256,5f9f36a7494cae76c861a572f854e9e1427af2b98fbc725bab438edc8a7b91a7,DDoS
119194,82fc5d08b2045afb457d53f3b0d78e96ccc28bff3a60b3c06338fbf81d7a9a85,BENIGN
59663,727b3e19e4daa0061da7faddf542522b768c7e51308254609c1dfbb6eb1c2dcb,DDoS
12830,47fef427dbc30063865f35e17005a5b3d4b63824a9a1fdfb52ec0d4b835b6c8d,BENIGN
62083,2cd7590a51c5e83395d811bf699fa43956e4911922738f397688c2bfeeafd610,BENIGN
82510,be80046a55640c1de0f1445a5ee4ee7f1a023431311402ab27b54d7abb2a27c7,BENIGN
195345,897cc5f69287cefc8a0d9147608b7cff13858bf2dcd3b8ac70e528f0b12b84e5,BENIGN
129547,d17faf3e2f38d7ceae7484151454de490ee56ee45a68799a39f4edd430243dfb,BENIGN
25465,2caa960b44000d656f434f1d85206ef42e27acccfdaf08564ccfec697323a6bf,BENIGN
147441,0b8cd3fd15afe5a5658918d61400583778b4d3376dedf668b50af1a7c07304ce,BENIGN
86160,4a77336872a9a6767ebdbb09b38e4ecb3718a1eee4c30aa63830743e2ff81912,BENIGN
141231,e1f96e0e2e6338650da30cb39811e986ecb9d40f025a5fae1dc731829937fa0d,BENIGN
107071,f6d2c1dcac9347e29f6e572b54905515cc10fc739fa9b21a4ecffb0e817670be,BENIGN
5685,d3ef26f4c32e379296e4732acf4949cbfa2edf1e5686159deb69befb95a7d53c,BENIGN
156916,de1d1e605cd0b30f761a9df70249d33506092b00e0efc89499bbc2916eea7266,BENIGN
111020,de377f81294eee761e61ade576a2e87bd0c8670b33de7666f4a6d81668ec640a,BENIGN
113902,89526bedc4d82279618f949aa9ff7d0484a827a49a1905683150c73e6f1a3a52,BENIGN
192401,093cb3e933cb52eeaaa7796361caca7a918219078f31ffaf62009480c8f8e204,BENIGN
24645,b060db288a3ae5fd3b68955228cd9a41728cd7f7a620c7d28394cbb691c48e76,BENIGN
71719,8593dbc0610e9a6e50ff036ec4de3036f041bf552449185c99f2e14b5f6edb31,BENIGN
38870,7447b8a798b83e968bae726d4143c1c8823a50897c8edde0fbe9ee3b2666df38,DDoS
171534,a01348b7ee0760c3330ff6d3d34c6b055624d1f8fd0f14e0c445b1c5fc0e199a,BENIGN
199815,fedd9067f7781fe35c64d6085ebe98a643c3506d1d40f8cfae1b63f8200eccc2,BENIGN
163870,b01ba053c71e811a564807596a119a789b76ca92d0b0ef1bee0ea1b5ed9dc4bc,BENIGN
37339,6fd98188bcadaf7424c080d04516dbb65c4bfe0ff24fa9f611006b8bdb4db1d4,BENIGN
178651,9243c330b40f309a6c03d1ed284a6146d0abd6d0967a4c09528e94876838d569,DDoS
173646,715c0e58fb0fb6b31b363cd91b264041935fc7a8359c108fa43e50143162a97e,BENIGN
161926,ed363f7a169ac77c10331bde9e1afbfc85fc2a04ea813472555256bc798fbedb,DDoS
131231,9591b676bb410a7573c6f1ce6f67ef9db20d081dc7224213cefb287e1e9dc616,BENIGN
96932,7226394d59f9eaf0f9b3a73d32b236fe84be95535556d21faa8e252d2c1c3967,BENIGN
201347,37a5416b2306adb492894fec4570e582748b74d033804215a90d4b3da1ac863b,DDoS
50658,c952cd4526314cb0f7b07c1387a8413849ed39b47a9541c6770546889692981b,BENIGN
30059,fe3e9a2838d632029dceba3305803c828d78f657397a6ffe7eb7095199d452ed,DDoS
6203,563cd902ca427781d8d5c26a81cc80566d40ca1f710fee4405167f670fe22c33,BENIGN
189540,bd5ea7d1af0237841b22204981a10edfc996ddaa440e7da2919003cbff8ec97d,BENIGN
70608,dba314fc353905ed5aaef158e7188144b88d0876607d1cd383f0a0d9e9483a5e,BENIGN
162624,14b0ff10b3c296678870ac45b2f84d15450d0b6e15fe3fb123aa1766a4a19ecb,BENIGN
120790,be916750d7012428bc8cf62506e3a24a57d9b8333680aa291889fe1c3fbe4ad6,BENIGN
155733,e4f5a2d667eb66d9d3d616ad8443ae89152fc3ac47878524a25d3cbdab43b26f,BENIGN
126489,48c19ed9761325583e82b0795565e2626749e78596e01e2c9ff30acbccec8ae6,BENIGN
45940,3b58ba0dc648535fec0fd09182b3ca55f7849f03e1dfb49fb8aefb1eacfd7826,BENIGN
208476,64d22f4e04bf27d6fa2b30daa8d4fd94b14ae6585da2fc9d1b62909c40031bc2,BENIGN
188347,4ed0372f8dafa5c1f51f0520fe3e3fb0cf3f5cc93cbe1ff22f3e519aae4275cc,BENIGN
69799,7bcf64db95cd7333e8b03a40f646dac51e53baa60b0b537467e9fbc67b818fc7,DDoS
64372,c20f14aa9873db1c51c3b47fd6ae6ba45474a34f54095dcd2b68b5e66afaf38a,BENIGN
127382,c54920ac88f29645d83089e8f539eb208bc8f27af6449e982d8a079a5cb4eb24,BENIGN
168747,eeda5e1ef5d3d3acbf5a7a4027026408102bfafe1d008d0a3d6b9679f45379ee,BENIGN
55524,183b3a4d000cfb720bc07db71f842d81dff683eda6489ddfe4b457d790e31e40,BENIGN
200748,4cb4b8f797270ec30594ac0ec1979230b82c7d1d58c3d590d88ac07ab30bba5d,BENIGN
124633,dfdac50eaa92113c22f5a5ee99ff5d2d2bedeefb14e9456a6d9bee721714fb4b,BENIGN
189913,649bb05a1927e1dc9aa3491c411db4e606d186766bfb4bc12cd402a1ba33d200,BENIGN
166671,0d6cb516d25d5b98fe5347874e8e583abb6989f4796867bd231161b5338d3536,BENIGN
144492,7b58a7a14c81e6f8bfed3d912c7e215917ecaf693e5a9c30a74cdebcd09e0c53,BENIGN
37762,75663dd98ca0e8f426360fda9bcd262d96e008533095b97f29b9a7cb5953984e,DDoS
137563,67ef6643272682ad5e5f44c9fdab092059a5f1653b4a7dda482bd93f1737269a,BENIGN
4735,b80054e4e4bcfab967ecb26f94ece25c755449f48111ca74e10cc5f61fef04a8,DDoS
40947,a9179d09ae22dc61f137d8d64d9069dafcae21db379a539c2f83224e255a7d2e,BENIGN
19008,ec07560c97cacd42d596557503edbca0b8b3c6548ae5941f2358f3678fea8f3c,BENIGN
117884,499ee0c64356cfeb42c1618e47cd9ce99e84f7e431b804479f2745b2f376514a,BENIGN
157919,9ef739daa8a1e0589c19c06fb4ffe9253ada2e6073bf8375e0ccce9ad45a88d2,BENIGN
48567,33b26714966155635e63fd1642b53f17a07991cba0e1aaecbe7fc4098776abff,DDoS
181505,4a0ff7016d7105b19ca7cc99c8c40eced510cd8d11fd7af2a1c4f6610c8a6946,DDoS
28602,0224792d66e632fe56240293e0be9fa265a90e38b0c83df6fdd989ee782ae78f,DDoS
159082,13d59b93096b451489f9008ef5a82885a5623ef399329fd46289f9f59d6ae1c5,BENIGN
47248,22f9cfc726573be1d713a85b93a84e294c3436f422c58506b8f7043ac1df72b0,BENIGN
10708,9de39c9871b59c9c6aa7bb2df17360c844768c6d15ef2b572d83c0cdf9f698c8,BENIGN
167513,85ef252130839fc876c775e186dc9edfb5aa13d4b8b433a55b9ca3a5b773a123,DDoS
79801,b46da141f77a2a9476cc135e81dbd38580d0bd17163ea3e382dbf9177ebb5f16,DDoS
140540,b4d00609641145d703b36722fb20d82fc478cee799ffd06b8dabe5038deb9266,BENIGN
105171,f602797ec55a3e778818e64f5ad7563cdb8130bc72613b550c62e56eb7cb7aa0,DDoS
27779,c4caabbdc96f78415350ae96f4de52bad7a93a789d4d4227b57456ce6e83a2d7,BENIGN
182703,64ca6fc2fa29dddbd03d99135e857839f168f0c830abdfd6ae1937555e2f5d75,DDoS
35730,653888f80fe60ba97cc8d9c3d8bb58f530a4fc232d086699332ecda71abf7e6e,BENIGN
161600,9c86ea4544841ad5f4b9131140642e1071b94889db49ed9a9242527fb36e6fff,BENIGN
59673,6c71a71d184c009fb9a05c7190156ee5bd0a573d90a34a3a8c9a91d547d17643,DDoS
50263,d56003e05bee07920417b8d34ce51c0a377c2379f5806e01a3964521830e8eec,DDoS
3978,3271b1a12875de5116c1b507e9b4eef7eccb97e70b750aa55fef9464d777d949,BENIGN
126537,8790998402718960eb3d48cdd2a6985c31625ddfa9aec213c88a22a6f33c1a20,BENIGN
89235,208ed24216eb10868cc87c2df97617bbdb50d2a8849ffadd066e2b1a232c65b2,BENIGN
149069,6aa03ea8e64e5d091646860d70344e6684d8e61ce1eb17985d336208934d2439,BENIGN
38932,58cb93e94b1140263aa999bce3b035b78802f0772cae744bd14fb28280c2c4b7,BENIGN
65324,fc62579a358856fbd63b161a5ec7fe0afaf12d9961d43ab3d74c3125521c8860,DDoS
118134,571b1b982366844190e76c92af48186455b7ca310b844c1c873cd20d1c910a33,BENIGN
109099,d4434890053734a9d6509976999d591979065b1d4ebd9b3f9918a5a791275387,DDoS
34443,36a664b2b9edbd0b7cd7f29aac4d8f4b2bd976ac9150489b2493cadff0fb57b3,DDoS
98921,ed062dd1fd3f0b069248b1984c2eb27dc2f01b20b4396aa16bd959516acd2e03,DDoS
136938,531c7dc9a93416524f2d486ce8321bcd88b5525a61906a13d4f01ae005a1d4f0,DDoS
23542,92f842998c1a5525037aa03a8dd0f59bf05809819a3136b8f68d03cfdcf9f5e1,DDoS
27788,cb1678b0daf38d54e43df8d2aa0f6559dff2b8587fa8f55d05399b6342dd6336,DDoS
82421,b36d3fb50f9a2281c6644bf65355c60c824bf6663c123fc03c014560cc4bc7d4,BENIGN
123350,b9fcd2316730fb40e9d956a2c0e1a9fe1f2594500a4de05367cd0028027a6c08,BENIGN
33399,a3d6b0a0206c135258decc74fdf98440436550692d7f5ea497b539d2e0fd8a7a,DDoS
83181,fca1f99b2f7fb73e972b80cb904ad9f95d08e03f058c2d9e78731a131d861da6,BENIGN
120283,a9bf9e7e8756fcbe2c8826539551183fae74eb03201565b2e893a3bf4e7bd248,BENIGN
46304,59d76218c800e1ed49972053d20151e0d7d2c662dda951de4cac0ee7442d1f32,BENIGN
155432,889daed15677f81d9b2eca4ecbe183f5f3a04874441070631c90156f53c5e0dd,BENIGN
167210,6d7623bfcfc51c2719c1a2dd5d61f6b97b50beadce5373e0496644fb3b7f7cc7,BENIGN
204666,16d04cd5d04669fd0e6f6015abe59ec751567a8f030b087cac652cae7c74a2b7,BENIGN
62786,b0c51f5f3ba16c423fe57f1e1a98470d1c501e961d5912d38e72d50dd5c081a6,BENIGN
185089,fe4648c6675d8e847de34085519bde32a39a0d58bcbefccef87c7ad9775cc1db,DDoS
135532,1157b247374dcdb4ca297168063bfd150937cada57bc8b280fb8a80ba5ea4af0,BENIGN
59015,0b4b4c2a1932a4790a70e95a7b8e2fd4ab1f2633abc3d342f0fb72d6a01fac7b,BENIGN
32758,7c32875e63489f8395735516a427e91dca6c8d6938ca7a6d8fb79158ee1c910a,BENIGN
68716,bf4143f7813250d0fe689b52b02bb58de8f1af8158db9c57469937931817cb2c,BENIGN
173095,86469e545157e1bd96781ed392d4cee76481145e0e8c99b8141cc846a8b7f6d7,DDoS
166006,61392c639398000bf453d0bfb3d02e2a8a86d15c358c4535f2e4b563d935c101,BENIGN
131898,e5ad5b453ba8c63d4e290c0d46f627325650276860fb35f74315fc00d745bdcd,BENIGN
53862,99850a631ae5c519aa9db1e48471221b8fcbfb2f2ace151323a322d3ec385c4c,DDoS
180484,8deb3d619f4f12be8d03da6ec63e0dcae81debc33ca263e60d47096f0a82918d,DDoS
158399,1442d3941fd9845a426623add6a1bcfbfac0806ae43a314a0b11592d51812219,BENIGN
104177,8cae5947105435cd09448ba677ad9708783d6c4fb70556f615143b680883f1b6,DDoS
40431,ab92166bcd5fa28a525de4cbeef515e5ca854ec002d7b6e9eb77ea43a5e09130,BENIGN
71918,198f01b6f7a4bc92d17e677ea7f7862351e52bf7273d1eebf6cb41820ba85e9f,DDoS
59061,c0afe545fe3779b3dad9f79feda34f5426c4ca21ec47a46481a8fff8d2c53789,BENIGN
96168,b39b3e5c9baf168646381381f28595e9d48190fe7ff4e0c9e085bbc3e531af08,DDoS
119475,5ed07f8256ed8cb593fec38b31d6016562d2463ba3ccf6fb9e7653484e2b7f4d,BENIGN
94992,b50899f4b4b8a4116db0675ae5f1e1cd2248ca8a1967c18c2a9866125b025b31,BENIGN
44292,22d8a44bf588f55b9fed8cb34ba09749e86bb5092c1994109519c1428f6285dc,BENIGN
138737,7a5109fe48c71f9400701c2f0cf1f8ed9e007a045a7c0405fc552df2d0bc8ecb,BENIGN
144053,0f602f8452daccba9d41c928b6bb9dd5702863580049e940fbf641480cc30f7c,DDoS
165695,34890b4197618e1bd8c0135dde69b3ef254d981d3dba4dbfc71cb283981c2338,BENIGN
80077,f12c58103f069ed7e7b6030a27964657faac5d340525089d16f130d25da1fd23,DDoS
93670,8fc593db31c80a4ad6367dca24b9b62619b5858c8671ef162bd9e1537d620469,DDoS
185163,489282b823c097b27468435072249a9c849934cdb7f4f35fd69a51165f0bbd71,BENIGN
70048,131e33a109391c512e51c425fd22b4a3b360d3763c5b427d71984d994b3cce33,BENIGN
182862,bb253db2cc66b0cfea573ee1047bb2893dd517460d3b54c1ad769dc34afd2933,BENIGN
191586,a28d3bcf6b7058b4346deb1a6fcdbe44d3f1bea6842d15db67ec3feda84a6257,DDoS
203815,1952ea92e65b75a472bba90f9ba4237be13a664c5c9ec3c139bbc1de67e08caa,DDoS
164110,c3d698f1b4c8ec8f745fec09740bb1cacc9be834e27fb309fd92e3ce6e975c81,BENIGN
140649,6b1835b03dfb26564c7f55da267de8d1b546b40f43858d4c9c1d27e61ccc170f,BENIGN
144510,7d3dcf3f1e08eeeff1fc41bea7dc1b61440a971a085349d53d451da4b2f07d26,BENIGN
2975,e156750fc6b411d8eb484f21453e781508c25ba279b92a78940a4b52fdbf7550,DDoS
145862,d86a552e2e36d5d407f3d93bfb7c4436d320bcb7ef81457e5e60a88455d4e1b9,DDoS
97160,601d0b0d4211914e9770e8d571d332154971bfba2f894f4ebfe3744a8a438776,BENIGN
38917,e40b925f82ff24e2c6453516f5fd066c2c5194322eeac42dde4e1f1d81f8512e,BENIGN
38211,ac88bbee594b8e25d67c957dc1f073fe6df117b6cc6452c4b5da0ea96f58fa6e,BENIGN
172357,d653ded8edb6f5954afff40e9313245444ae414c7f3896fee2238808ae2fc5c2,BENIGN
94217,5475737cddde3c2cecd8f0ede5548ed5e907cc8f16653e52b0f3987f48180ce3,BENIGN
123836,a9f97bc43b437e91df51b6457fc79a76b82abb9b94486fcf7bd66a245b09fb00,BENIGN
36303,aeb033a056cb058b6e512ed1cf9ce622cd88a715765c30fa11e7218baaa7c6d5,DDoS
111585,fe8925193464917624815ad16a72873711f8648838a70d9ead265bcaaec3f4f3,BENIGN
144736,e424f3c9505de3c7da7f02f4cf0aa3c1ed10ab008f3fc9bae0281926e928db68,DDoS
114130,1b79909a20765ba07980b8d4fdf351b909589505a8002abbdd2d53544940060c,DDoS
93725,98dcea309c5c8167c906bfd4df8e1c328709fb4c84be462cb11f870bdfb26365,DDoS
129884,cf6df7622db81ad752bcfa8b654c47b81ada40992d00617816ea7b276aa5e138,BENIGN
103346,7069d7d433cc01ecd5622af2c2ff52abb0621a4c566beae7617e9b331f6885b1,BENIGN
108860,2c81e79887a8378e054376bf72db4f9574758eaaf5532a09d426a91bd188d8a8,BENIGN
4959,32394b9dcd84a19e2c87a34c8e51001b628a76442ee4db3f471ee4628ab701be,DDoS
27135,5f2fcb0de70cb7d0b85ebde5e872402d3fd21cd4a5883cf941008499bbe22dc9,BENIGN
21129,3c3245372cc9103d38d067a74c60514482838800575d5b54f528eb45f2b9fee5,DDoS
189508,4e1a0ed6f9a814714e4b70440c2c61c1768c8bffb3f6fbe51fa284306ad3da2f,DDoS
105067,0b8cfb10f8b2a43c6e74a2ca92589e9ec7f1d1810ccd8ddb4f685897440aa0e6,BENIGN
167518,ba2ca4f6dbfbaf83cdd3a74e7461f4560bd79702140f86849cb216f568e9bfe8,BENIGN
146808,90fe810f856c3bfd7df3081e41d2374e9f4ac6bdb902c129b03a2b2e5729438b,DDoS
148870,cb43dc49a50ad633cdaac0643588ae0190ea98dc084d318dfa16b9eb5184be76,BENIGN
136758,7917669ae1ad4a556105637bc08aabb552a1d9ce9304ca48c3f8deefab23c38f,DDoS
202442,ecd1f32f4b635bc883f1d69031f6014bb92623b0aa09acd0102b6762c4e39755,BENIGN
159810,88b2b68009ec1ec14c6d5c8c26b52b65783feed23b7f2980bd661dd92fa2e463,BENIGN
43589,27191be2e06ea735d3c25674cb50bc1a62deca2bdef439592692d641d0864e75,DDoS
154833,66926b7253a0db41229e13dfe059d1de9fd491cdd3ca28cc094835cbeeb1c480,BENIGN
180156,1d3d660dfc357a0304f7f8f6cf70b39a8eae8c230f80a26e09c629f922ea4ae0,BENIGN
25124,ee76806dc16d9d7a69b3428b9956157e2cb38a4e0fb9115bd85dd60556d5ebe9,BENIGN
82515,586e6d69a799db1dc4cf9d0a376adf41167df56caf3d77a2d2817dbe5ae43ac4,DDoS
74357,ddf778f95cdb22b48b9070006031d71593543ba3e975673e5aeefbd08650d44f,DDoS
202746,4b16382b613688404774c7fc97e9a191f0373401c87c218a114e5a153d534e38,BENIGN
149972,5eb443a61cb8a9bfd29afc5cf9e77b641c1c200a67ebec9083ec8634afbd0a78,DDoS
176023,39c2ec05738bd4f8f28dfe3766caa190b27f337ad60ec07b64df6c5d35efa83e,BENIGN
164830,a989497360a1b65e491c8fc3fc97ab5d29a3f4e1a336f335236cdfba0f0e8351,BENIGN
20930,db38179914a383e091147e07fca1af0a1f7272e180ae71679cc5da4c36f05218,BENIGN
206562,e8d7a114b91adf799c0c0121309e2070abba5aed25afc902aff0fab26c565df6,BENIGN
9209,eb19f47dea41539669f842e79deef991380a78d4e8f91c0f89c28a028e6e9c8d,BENIGN
73554,e5482f96d1608abe2d879ef6be65ca68f2c1cfd12c43cfecb0f94fc29d51414e,BENIGN
179535,eb727adcc02907ee1af84ff16a322313215739770eca1f5048f3d1e035f40392,BENIGN
21151,eb849c3fc4911f903908f9e11b81e154d67bdf47832eed53927817f8bbbc0d1a,BENIGN
195933,a0bfe785a99e71ecf8b37588435f7def0ec3df280f084855b6beeb57b886015f,BENIGN
95162,609d2f432f58eeba4b4b2e6bbc9ede4ab39c903d6e8df585a63287736fde0f0c,DDoS
199203,f337e68f80918e4ba597fb283e158d533841653a0c01121bb146d2ff4b0d6b76,BENIGN
173699,a7867fb9292e51ca6e5568aa17631f0525406542d9bf502aa3d549c8d0e4b359,BENIGN
137935,54efb4db86feb40d507fcc5ce2de01273bd976fb8cc777b7137cb551e9fcd4b7,DDoS
20005,1575dedeb26c07f633a785fb4de5bfe177e9f2637be699793ad857eb3aeb5345,BENIGN
18164,6c521e21661231c7345ae5c05dc03ce470f08f7170131e1c8f578ab757c51da0,BENIGN
17587,7f196fd64499fba6ff9d7a51e4ed8fb7b5260eb161fc0c723b1a2902d176b5d7,DDoS
33223,699aed2760986ce7be7ee8010bffa245f2b5c1d7a6c4f2aa7a2b7d11145df4cd,BENIGN
134903,60c4fac637fb586cd7f3666cd9a2c907f7ffe7488bb2426db0f3602e9fa567e5,DDoS
155360,82f280548fe0cf8fd5e430eb9ac4334cef3dca5c89a1e416d72d6587c349a46b,BENIGN
140613,9d4f5704217966100abae0694f40097e1a6afb40b09e0d42441e8967fea314d7,DDoS
117937,8ae5da462d190c75354a5a4c28b607ed12a7705bd943cb7918a767068bd5b308,DDoS
134210,548f8a25a5eb7643e1ba8b46a494cfb4b7418b3e2e98c95a440b265dd9c68660,BENIGN
166425,d0b88d2866e8ae8161791e375314be11d8f059e2ebb1d90b1ae2fb5d2af49581,BENIGN
194626,871f26b876efd3c1b5386c9d43be6db0a87217dc0e36fff71cacac6b62ed14ef,BENIGN
199555,f3c9bbd86d858af2e560dfa1c8d5c0476d5d151b313ca9dccd23ebbf17f15b3e,BENIGN
100721,288a377f58b4c31307c5176f71ad7fbf71d145fda92cd2b73426d3b48eb3e9d6,BENIGN
96163,aeb37c86002a6de57d29b473a7043b3000e0aace8508514fbe0b1bd4ef8e2e0a,BENIGN
147755,2781cf93e504098027d91e50b2372d8e6897e9a1d72a9f33fc813259123e777f,DDoS
171489,185472b9d29469aac182b5f362e9d2bfc980172d8b4b39d661f6a59059671ba7,DDoS
143079,6553ac7f46d60889ea138270aa5382046e5a2116daf8c99822dfa2b40ce040f4,BENIGN
200390,b65c1288a4d7151fa4a7186b2ce1e0a3810449dc2ccd2148debef19db28f3b52,BENIGN
70986,6d82b564b5211e19da1d655ac79647a7b266ae4b75b707602f10e6fb964d5510,DDoS
64200,42026b871c00aeb874fb1d329c6d520ebaa21f8bee162104352c25cddbe25b62,DDoS
79546,a63bca9482c0bbc02baa388539fbc4c1815a5aa3de80b93715986c2d1d460f65,DDoS
170285,39b034fbae0658c481edf81b5eced9b3240b66052044318e4915d309928d8308,BENIGN
50829,201fefa2db2ad2a9e8fc5f75352c0d0d6c14fb31a862b4453e2ec8d0afd05d1d,BENIGN
193063,61568d2978cab88c71177d15088f4e21e8227cd555cd7616fe00ed77d04c0e28,DDoS
100762,f6df08fb4b39f42c0f23211063ba6991a06fb6ed7e93db8aa6e9e3db0e826f0c,BENIGN
31956,e52af44be82c1d3fbf37d2ab0d46e74289f87d0f1bf9bb70a7a8b57ec701cf74,DDoS
88482,34d165829ab0c094c4af637577832118b378509de695b0d612d09166e9fcc378,BENIGN
123038,06b4083e50cdf4ea39fce471aaee32b4dcd8c8c46ab79b0a85a63848d9471ebe,BENIGN
123115,6c5217aa0837d80bbbb00dbf8540911d974ba7b156e518bb8623b868e4b727d2,BENIGN
196132,8dcbb758661513556bfa979a14b552b7490f160baf9879c5c8a03b0b15f10833,DDoS
153518,590b84587f33cfc33ca0c398a3df1a79d19a527ea83b39d0cd4999b51f62cf5e,DDoS
175929,5c371d6195fe773282034bf39c2a189116c77bf18c5e872d01dfd64e9cdc3d89,BENIGN
20468,f606ca8ff342c3877bb07f1fe2c678f33f108a18a2cea734d2e74774949b7a68,BENIGN
79529,469d93879fee78e7b2a7c5a3c0066c9cc384f13b1f7a53c5e2f5bb62d8d785b1,BENIGN
69888,1a8b641528bcd3ea1dfb662d744516416840fa9f6a18c52162e4482472f59e16,BENIGN
31092,8deca01ea6f3bd6af9b8fa1c15372e9421ed7cb87ad5a06e67c337b882f464a2,DDoS
91740,fc3817216566b0e9d695eded2168d943b95b346b4333a11b2e79fc58e93ee22e,BENIGN
82153,c4a24e22df076ba28c8282ca0bf4c82d3917d48a611ac1ffb79f48d17c3ef539,BENIGN
196238,69d5cf79bd183c29c2f75532abd7c67d3ed072f2755bfa77e6c83c4aba59578c,BENIGN
64969,2da85264ea2740d8f6c3c32eadb8cc320dbfa9b0a6fd6f49f563e7264e79d6f6,DDoS
13742,f7a869c996446ee50ccbf7cbe2840462376f1d6b84ea16935dc291bccb084074,BENIGN
61084,49dafd9f69546e9eb788d980213827d4891cfd48648a6df8b41435009dff7a39,BENIGN
169234,2469d42e0368dbf306f04e26b2d6b510a869a053435c85e122f9b55fdd5a377c,BENIGN
58477,d3434cfbcfeba9c864ef92bd7855bbcb59c1992808e40a3ffd1cde7f54de8935,DDoS
73796,6a66755efac0eb8bbfdad921ddae1d8499706ad8107b8b67de17cb9572446d9f,BENIGN
40058,0034b0fca4ecbbd3382b21180a30ba8d60eac76fcd0ef506e6a9edf97a845967,BENIGN
15823,31489414982a9bd4f4264c734c3ae3704d13fe6a0c6b4dd5f584936df84d84e7,BENIGN
129347,d85ee06ba402821888595d3df5a2cc0322b1532268c26e105a5520de5eff0220,BENIGN
156522,ad2940aa6fb560c5ab0abebb7fc4651f9ef9cb78167b9cb063b86a9f4e7cb435,BENIGN
192069,56e4ba228b13468e08a598fbc1633a9a037ee86f42fa0fa789cbb13898c899bf,DDoS
68817,22f31e03ae3f0c6708a225b7ef6406265475219a9eca513b38cd455681d2f210,DDoS
170900,15c25deade0fa514b65540eb000d1559c98a82d66526ed9ee85cb88a4969d9d2,BENIGN
78987,19c55825887fa31a32b4c57500bbd7484c288de28867576a20562f3733203eaa,DDoS
176856,e0114e39c9bd8ae2670c46ecf44290a09fc8a2bc0a7304e8bd6e103e27399676,BENIGN
208520,90a39d2c52174e60399c7fd66ce492352ff126914674ec9ac3601ff49b6cb791,BENIGN
204479,fc8fb678b232c78b8869176aa53bc5c041bc6c51130e50b7204581c613f309f7,BENIGN
184967,80cc5a0381f2f54067e5348aca729d864d316f812794ef415a322b546966b4bf,BENIGN
28332,e30f9ba7878c2fa5edfa1774d61726410262816b035ad883cfa17a5211b661b1,BENIGN
11581,97d81bc0f37e8d2c36fe0140f70de10ecfd4eab1dd2293d1cf24223a2bdefa9c,BENIGN
102926,d676e126c736b2233ba069d6d75f790645cab721c27df23c894d0c42c84d5329,BENIGN
102494,13e462fd99c2b4e3b07d1ec40eb3fcc9e3deb3a32052bd06878fb6f99f4a819f,DDoS
110929,236e628301f426cb980273fa73e581cbca0a24cbd7671be459e36a8c88dcb00f,BENIGN
65039,360f2c254caacea5d8427bd1a4c70be54d9cb4cfa78a5675302666b3645c1660,BENIGN
65312,76579667372d22c78982d866e421634dbd00024db8368cb3897f3b656c773cf3,DDoS
199998,f526b2a6294cfc8d370cc584adafdb82ef068d036112882b4886f35a3d20fd8a,DDoS
70050,f87d245d9825103d908403f3fdd3355b3b2d8410d186bfc6654fb3d674a3de89,BENIGN
8282,bcc85572af2ef68b4dc69fa96f90ac054d3b067ae004d8684806051051bee734,BENIGN
42487,4d1b599b3e63bba1627305265834f3f86a0cb51ca46c7d4bf96ec7402dd9b098,DDoS
183658,96f6129eb2b4ae90f7a86252e93f08073de0d0e1c5c7bc4d3814be0978ebc254,BENIGN
64797,d6fd2232b1a6521c20ecd40011d13cab672ecdfd599ed09f53d628b5527c47ef,BENIGN
130290,8c807b2cd3584a2d9f5404a5403486ae4f72481277ecd842a12e8ee0c7250d3d,BENIGN
170080,585747dfec5ce3fc0a51db7e44ee7b410d1b8fb0da0496a8b55c4c37cacab217,BENIGN
73799,8272faed72da1381064dd7da5c7469673eafc4ace1de5aa503017390c032220e,BENIGN
36250,c19daccfddc67d94cf08ff66b0092c50752017819bb5a3874df48fa3dc27cecf,BENIGN
193971,8b7368ee51f99bb9d5b323aba9aeeed1b13a12af7c5c147783ef17f66c4ba6dc,BENIGN
102325,a2f5fcf714eef54798f1cc649c77c76af12d3b89bf574b9b4264b70263e0068f,BENIGN
53931,7ffbeded9e5113a117d5559ce2e4c6e7901b37e826c17dd16258e35747e85a0f,BENIGN
86211,a93d6873202996ea9e87780b3637896a527840735f0026a5eb1ea666135c503c,BENIGN
163021,294947c3ff0284c2335b7f0030b4cb3e51c3103c2310cbcbb36d6eefac308c24,BENIGN
136121,bab89931fab4e5a73a57cdfe7470cce250c4fdc9388e426beab449e75967a206,BENIGN
128850,6ac2fa5d3cb3ca8b30dd8553eaecd8a4125aff64259518de48646c83a35a9ad5,BENIGN
205747,430fdcdaa1874d0fab94a223f6f25cfd7b80d50764017484a1bbd2aa22bce6c2,BENIGN
138166,09591b70b9aa0f0d44609202a067695289fba7ccf70d06a273911b587915e0c6,BENIGN
84362,c01bd844b0d8382e5c4e070268bd292fc892fcb87711526d22a2b38b68686bc1,DDoS
169576,55ed25c5c2679c796cfbb2143ca649c0ffbcec4b1de4523bcd9ce1887c925932,BENIGN
168417,f5e919ac82bdd8c92f90ad22efc5ea23f1f5719aa51fad8fa7e71f594948b4c4,BENIGN
191806,cd3c06bee321afae63f5fbbb4392c5a489beaf730020a66afc2f55b63ed126ac,BENIGN
123534,d60a3d83452562ed692579d5db928cfe06fcea87922c92c446f875dc511c8829,BENIGN
158050,1a986bb8da9ba420fffc73d36166e732db5c2522c47ef2ceb95a7d66c2fe5277,BENIGN
140288,4960d366dfe822bef6141c726263c3f34a9578c18954f75f398067f9f988ba1c,BENIGN
91118,ad7272c0dd1137ca1d9c1e1766a5783121d95129774ba8e8300cab0ae02a633d,BENIGN
34915,645f6ba818c2765e6838cab32192579f4fbc1b737d1f89e99f836b0b2a7e95af,DDoS
208381,3b4602ae514dbd8c663d44ca1e4710a58b001d1699a68e2283a79b3b2ac09ab3,DDoS
167620,5d2a37aa2d04446805e4f1011d04382b4d5c29efa632ff9e88c2d632cdd0368b,DDoS
97060,8eb10553ae6d5124b553b8b8cdb6aab5c2ce213c6d3fa2a276802b2efd1d186d,DDoS
200191,1ed0fb402a1ebceff995f6c67903963bf5262664735678ff53472688a765ca88,DDoS
162807,d8f601c57102e5d641d8ab8c143a9afe20ecf5eb55622e72a200389a15644636,BENIGN
119435,c9d184cb09b1758f67a994fef842db2c7924df89a7ddc424e91a383e9f9ab21a,DDoS
89050,2fd5643ad42c726424bfea358f585cacc0623d277b6ccdda899631e723512175,BENIGN
18763,f32e3a6b99dfa3955f8b15e8ee267702f60d39c6e4aa6cd24db74c314334c838,BENIGN
79890,04135c38250e05df0ad2a4ae0c818bbcd4b69b2f3c093e0cfef700fe9494ec37,BENIGN
194495,0215076049729357bcf32a7635984c50fc0caa4966c26383329ef152123d925b,DDoS
11102,d6ec33e255580afe814d66640b90123ab6a3088c02adc5c1f0318694a03a2f84,DDoS
145892,003e7fa2a94fbdda254c46c38a05aac4792dfbc72dde97e66df1805a68ac63f3,BENIGN
74377,5de58626943df5c649772a34bce55d2e8bd3d54f03582596c588560f8561e3f5,BENIGN
58363,073822fcaf9f4f800777275d471365443d788e3ab41ee8715ca37193b00937da,DDoS
135746,463e59d4cd9664c07944bcc6720b227e31a0bbb226e7b905fe986e03febc7805,DDoS
145869,6b3fb0708d0f9f0271027088443c518c6b0dd45b97d037a70c1a15f87f09da93,BENIGN
37125,1f2040e83fc81e95dc1e28a8b41fb2323962fba7129ffadf82070141eab18477,BENIGN
106727,4bf7d6d4f5f96d54d3b728a0d01450c3e8b162d84e268ee3c6a30414d0fc48c7,BENIGN
95118,d229a333e465bb467614b92dd2942d4b604da4b3a7e6e110418fd160462d260c,BENIGN
26131,51974cfc5d14118536feb69f65f844e0c01046a7c23dc725ce3f3500705b715a,BENIGN
198039,5e8b2908fde0c42479ddba2e0778838f9f2f27f63df57d4264b84d91a546a16d,DDoS
157366,2da96701ebf1a565fbbfe63529db42377410bc3f5841b95a8b87b36976bbad7f,BENIGN
176604,356d333924ae131daedf0410f782d2c0c91bc5f50820cf4e49d9fca0d6e8e8fc,BENIGN
143338,b15c7415ea90180f250471f744758ba1397896d23e49bd8e775b070b63b4a48f,BENIGN
173047,87e8d529e5d7d5dc4e43607cd02d5858e329d08752fcb1f879408e0789fa9353,BENIGN
133603,4ecf12c028902710f3a69a28174424b382b5160135be34b387e26885d3c86165,BENIGN
106565,af46e46aeeb4ace4b62ec28cb4185ce61cc954fde9929864d3ef3fa1abee3c25,BENIGN
89100,87e949f58fd4a66f598979cba198022b99d2b6ecae11d4ca42544eb1d42f9920,BENIGN
70988,18d3c75087622cd6eabc3508e9e702515d68126213bb5a8fc92e84dfcfcc1508,DDoS
201977,b9b57b13ffc7f444fe429c74e9a6cf954298d5dc47fae0cf5eceb267b889ec30,DDoS
6340,3e5f9a31d4597a0ecfbc8676e3d9819b00230a8b53f6b5b6f0198029c7fcd0b3,BENIGN
92485,b0d6b053ba3378bcbe161ccec82ed813e833df5cd20e47de90da19dff5c607bd,BENIGN
43498,2ef7c3fc464621c5a33a99ff41f88d8b219895ab16c43eb38d3dcf425dd6b5bc,DDoS
167371,a696df152c14e0c1adee4af63734c9edacd092015cde840f5e1bcb7b431ba0da,BENIGN
197406,88c232bfdcf03af099c237dc80ce9dd02a1e9cdc58cfc93c7489167537809dd6,BENIGN
188465,d6ed61f4a6bdbe0db074f0ee72c451fc60c302d073d91ae9ad47774dcc0682af,DDoS
206622,1408641106d78a0ab956ef04bb40e6f945019e62a0ab8fabfc2f107935937308,DDoS
13864,3a6db3543b89794a296d1b3ad8280bd55377e05345e18c956751d64930018d61,DDoS
193610,fe19ed0efca22a7b0568857bbe80c4c2c0853cc87a253ac1b1701383330d62e9,BENIGN
183109,ff74c0bf7c9d28931e42e666db158bcd1b28938ee7025bc246b7557c47bd4ba0,DDoS
70709,50a36dea2ab4853007b6dc679bf807415d5e3a9ef8d501ee4973cd49dc034f4b,DDoS
151125,7cc658835db9e6c7214d48f2a08027afc667e8121ff674f550708431196f6606,BENIGN
162865,83679911d902df4bd5a2320c2675d8af34b9c6296c93c07e1aec9a27fe7b5f3d,BENIGN
174857,d120b64b55bb8de8ca6fe14c7d1bbe4e2c9be87d0dca1e44e628daddf4fab159,DDoS
156686,fd46251b28fdc72e801cf664a71f0155fdf3f05bc1f7d5d8a6cf935736fe4eef,DDoS
84221,6b44049185be041dadda9c632151c462844c0ea298d1e97cdf482b6fa30f5247,DDoS
21455,91124ff3987a091823b1b55210061bfbd7c6d943dfc3f7b76928887ee017d678,BENIGN
78255,3bdf64f5e9b6c96de56a174ab0d2e2d1e47ce58542f20a2338f1898287c054b2,BENIGN
149805,1c93c531c47bb8ead67a84279b4534f91be6946aaaa7b3dbed39b81dd725d987,DDoS
117096,3b4ee35871f8f963f6af3cf6a28a43c9dc9643150b756aa7e6bd22780dc3e039,BENIGN
191156,dc2382dcdbd33bdd7cbbcc18a1cb95bd58e880ca01150bf2094652984e3da2b5,BENIGN
173304,354eba348848524906d5c088e45511793adfd9a87580c6602a0dc94dafb7e255,BENIGN
159329,b707250fc130c638702de60a0885f1ca864bf5982010cc7b1d276b8e82eaf39b,BENIGN
33577,aeda534ca3e3732328d5dc5fcfc79248c17755e65850e6bd0259e958cf58f174,BENIGN
25371,425ba944e8127c975566001ed570d4d0cfe2b1366f524a6c92b03a73ef7e340d,BENIGN
32759,d1369ae8bd9d10f7e6d9454c1cee0f350df13bf56b782cc68cdfa1c5ec9c3acc,BENIGN
193012,e1408ef486465fe28e96e696bd10eb2decaf66cb94e0036d9b6cc4029d1c5663,DDoS
169303,e15bccc53b2db5cbfff8b405a295fda9c8dff30cb5012e887f62bab8dc034045,DDoS
118549,43f595a47b6c1d39aa53466cea2347a9a8610c2fa8197eaf1304376e2d829207,BENIGN
97097,7d9d92816e6158bf4a2d75ff86969fc53d603da737fb87b3e1c8f5b86b83d004,BENIGN
87508,c61c782db0ca20204443c7c3ae996188a9b42e469b1807244ecb088fdf9d1328,DDoS
203092,c40aa6de331ae9f9e0c460d17b65eb2de53d122759a7dae4754f0223e6ba025f,BENIGN
191730,836a357d8a6dbb119ebea43036add36fa0476d96149a0b78991970e4d4736073,BENIGN
125130,c9c01274e37d24986e8a9c2197023a41c9b875cfc470c43aac2066ac3baa8113,BENIGN
27163,6d094aa24f0b9eba9524ebb236c9178b6d8c9b67e45946c94457e32bb41ca8e9,DDoS
171077,474d9dfc97cb2128cccd33f56e4511282bb5aa48aac0763091df79a1aef0c623,DDoS
200358,9658f0529aeb1016323d17b880b8f62895c2957f72e6d8952a09b42b0fa51818,DDoS
100428,d09215d3f80338aed1cc064f0223629652209312b2bc54753acaa3d81ecb111c,BENIGN
89966,e29d7634e3495f4349918ba403854546245770929547d4d468502a06204284a2,BENIGN
103190,92727dc73167c21ac4e7a1b036b2be8648c3f9f2bb504a66da120a9d2a19c726,BENIGN
104143,0ef6c7fbdd5e06f525ad133edfc5e225e417b3975dddd34bb993ae2f39e07cbe,BENIGN
160199,24ecf7e30eb9496c509752fc0a84584ad1bf3ed475f0530adf8b670ced553224,BENIGN
109637,6d612496240a2d8d4bc9ed3647ecf915ecd158b2805962055d50b41031af3cdc,BENIGN
197901,70831fce4d45cfcbdd09a96e17b8e5b83f1acc76710fb90eb3c9c7f50a612656,BENIGN
83184,81929c82b6d1c723499fe3ddbe556d0976871750cc05233f941dcb4459bc0927,BENIGN
157098,eafc4eb3c30d4656c125c63f45360e318ca75f48263ca3cd4d3c38fb086a28d3,BENIGN
127977,d7720155fe85d6ce6cdc1e5e5157d49dadaf8dd37af14fc4ef965780ca12e05f,DDoS
52597,eab31d7d64dbfb5a57a5ee19c70c724a7e7c5c66cc0045719573f713a2770cc8,DDoS
168694,081d901bb22f647d5152f23e148b4b8c46333c7f5a498cca8cf2f051dd05a71b,DDoS
111165,b9787298c3f61917a309282ff93fb09f5a9ed4e06b39ecb8294e366a5878b444,DDoS
54034,d9dade0b154594f6e10c713bc33962d8da36e336cf780d2e3e3c47866780d560,BENIGN
166677,ae6483a3e89dce7fff48492ad64aa72c54dbf6463adc73b07021bd2dbecb583b,DDoS
100986,d27b228998bcd432c54700db0775f66df3f54e3dc6af65e136ae054f15a4251e,BENIGN
172585,181eba09ce9513a6101b89dd89917c0250087542b7396d9d91f2cda50856208b,DDoS
122600,d07164e5f3fff6e40d73470373cc1e008f3122555802e0458a5f9c4e91061908,BENIGN
101676,94f700fc28e3a17ae0df8681a26b19898396f25ea71eea9f40bcffce32c49c9e,BENIGN
53645,15d2c88bb6225b800e87ade449be7bb3d13e2cb5f86b090a4f32cc962270b79a,DDoS
73074,456497f56d6e03ccb3aaa5ae561b589f6d557c6fd962618d0eaec781d6fa4472,BENIGN
50519,74697d6cf3f2be23d994d7989dc4dd1ef420d1d1f8e2575022929e882eb3379e,BENIGN
88359,092fc2e4857a376f14ab028c52fa47567374c56a3647fb88006446dbaf7de90a,BENIGN
40664,d7366733e71680bcf8bcf35457ad113aae222719d9060fcb832a852e7e84472a,BENIGN
62882,21e372ac13ddf6ab926961421e184e6901166423d92b62822263ab850793eaf4,BENIGN
62162,746645a83ed8df3c70c577b4855e35edb22d36e2bc23ffc52f4af6e13f5fdfcc,BENIGN
27354,2b9980cf60464e2ecd504c82e6383558d85480356ace782d6e4310443b97cf66,DDoS
104584,7283bb70411410aa6dea2dd460a2e1ac498ff94ccf9822f73fcdc114bca91a1f,BENIGN
185573,a1df2db86d8cad85f96cd1e2418665a0225550009c3c20cfafc388bcb905cebe,DDoS
100087,e060a21590a004b5eac8745607c1fb459db37ed65d89c33079751bf67294eacc,BENIGN
161164,b94fd8c34feb77eb0f64e93e0412b53624943a319cd7e77ccc12da5d46bd04f4,DDoS
168662,a27fa07f09c33f7f3301a80436e3f385dddb67db10cf31554a5665b1f6cdca47,BENIGN
133462,b825cf59640d75cf1bdf62a93bee48ad79547d3f80886d64d783d0eeaba28178,BENIGN
44382,e104c0ef7c0da1be13bcc95e9b6ffafc9f7938201dfff4b9951d7a0c978f1057,DDoS
153926,c7e561dfb6986995b09cb7b4fefb607e95dc6119d3c741461eb16f7ac8480034,DDoS
142618,82c503bbafb225a2957c84955bead98e57b7f8a95aa9c16c8a82c074b2235768,DDoS
60946,59ef1573600ed9f1678aad67230219202df086c3beb2bf4da2e39ef0cda0e8f0,BENIGN
140040,981a08fe8b7366b26b8930c3b1e21782cfc1f9374595de4374fb1732aaedea2b,BENIGN
18040,d4fef9e6347fbc25242d54bb955e2ef7e1288c0e6674cc84201007c049742222,DDoS
40233,93d7e3a6801520e51a3c7e99bb1982ff51e62503cc1e6139bb9fe3fedc20c868,BENIGN
24910,7e98c7bbb767e1bb1471c43382710f0b6cff6b75c2d01ad29b45c8cb61502d3d,BENIGN
60396,cb83d1f22aa25e2dabba9cf784ab0fb4798d414885ad0bc620597fdd9de843c6,BENIGN
170599,21bbe1a7e39cd7a0316e72930c679b8416d31c8e644e14925269382e141ea7a6,DDoS
205545,be5708e3c73bae8885f73625194090fc3b04a0fbf93b9ca9bb24de043daab8d3,BENIGN
111075,89d6d0c42d8373fb23cb8d66d8e01e299409635a6c190510e270f7cc2447bfdb,BENIGN
13270,55350e064f07c2ad9571cb1fab9917883bf338783f6a0715f936c719a58cd179,BENIGN
95551,40c4a4e0966d9b61f098b15e133df0599d16bd92fbef96709bfa0dbf53d3b5c1,DDoS
161966,2d814f9333d7eeb859e1a894061639323b50118aaf4563b1da4451b38d1ac927,DDoS
165662,74dcb145b84d1ad4ef8c85170da33c3bb79f516407816cbda3b2777339462695,BENIGN
43821,509797a930f84b8c07a8f6f59d6758b003732a69f392541bd415f6adc46a3660,DDoS
164732,b5c090dd56ff3a755d90e391e675d61594fe134635d39adfc0ad4be184960598,BENIGN
83029,41b07ad4dc9f4254bdfb744156f649483641a079430737e866782326054be2ea,DDoS
190934,9f98e03011918a7f96ff8d992af2f0701b7b7b6da5a217a50d671462b95f23f2,BENIGN
38162,f949f157c87e610948be3fb3574b5986739f026c5d507ef18d3e5371a484c83c,BENIGN
72330,ba9a8131417d4876fcb1cc2de6a09cc20dc68b112e755e743de3505c4db8f98d,BENIGN
173885,ea5265bb558203bcde0a3043ef524a68b8671679e9d4cd2aa5e5d8a2ba28a262,BENIGN
103893,098d6af2f8b63e6780825639f463973c2f2f3de558d8f74a2ca0e01f4000902e,DDoS
118645,78c51ed205d797f6c1fde00d4c1f1172325c4f864acbadfc98ad96d3f78adfa6,DDoS
203707,c06a3d922e332fc39f012b4cf1fd2d6afcba7780c534b276707ef83db9b494f9,BENIGN
109809,5419d4f290f8240633ce9e44bbfe0fdefa423da1886e2fee66d1b83f398410f3,DDoS
193146,ee16a728a55305101da4cfb9760db2e5c80ebd52141ba1ee7b3acc71aa897482,BENIGN
194469,04a969f78c9a2239cb0def5516c8a9af191f07f317f20d2aee949f3097dbe616,BENIGN
97071,4d869d8b0f25b4a91af89a6e5e07b39a0896af93cf7532ca819edbcc5b342bb1,BENIGN
185430,05dd26a380a3cfc33372aae281817da99d7c506d01b728bee2bb0433a700a1d9,BENIGN
150237,bd6a79a68f2cc42f271622624334e1f38106b5e7f2d1634be5de4f6a5cd71e44,BENIGN
29272,3cf6ffc6544f74239f3c34d964cd408274568492abd1edf06a69458f1a128a5a,DDoS
60668,4c92611b50b595fafc57bd882f40ffa2d0e519263d2af2591afadce27aa0a217,BENIGN
159253,3f88c969dc4f1de228bda172851ef923cef06b750896b39f38dead0a777085af,DDoS
108979,8886750af980754250f28c6f10ebf2a2cfbe5a7f611b99459fa284535d1ad8b7,DDoS
169937,788e59538ec470b07db3889cf06d34e957871f2b2bdf5560b6de3b7d3e960b22,DDoS
3368,34767689100758a0b39ef89bc8316372889fe97a865db08f7d02188499108e57,BENIGN
151314,9ab10a1fe5357a149b36c8e292733c3c089d3474d5ce6e97b0ac665e2777468e,DDoS
185812,a566d49e5b40ab547063c9359f51b622b0fd32ccd05feb94d69a59ddd4bfccf6,BENIGN
34697,301dacbf766bb6249a4b54eade9ccf5801ef9cb3c1aa4050d9846c85b2989208,BENIGN
35119,2d3dae643b4676cc8f8941c6196c454fb76a58154efaa965ac82b649e2eeb1d3,DDoS
46378,5ec9e09d5515a109640312f95519aaf84be1adff03002b8284211e1caa158b1d,BENIGN
43132,7b6716765cb7d9630e7e046f28121d6b9e9d429bcfbbfb7de3b4a9be30c6283a,BENIGN
75999,3e458b8e7de6a19a3be1f54f1adc2e0a4f4eeaaa5e5cdae77eb816cbee54b8f0,BENIGN
128524,8f8dc52daec0f44f22aaf096f7109543e4a56ca2ff675488ae23860cc5425ba1,BENIGN
12889,61145f2e959a73ca6cedaf5f990336d5582f0660d5c73be9e73e49e42c9d1d9f,DDoS
209704,052159997e4e75e9548e79b391164b1cd3f5426e93d072cef337f472c61c35c8,DDoS
82380,851dbdf9fef2a8ee9f38fbfdeb2e60b9fa40968c6d824918bc1c8a4441b72c1c,DDoS
133745,8c5a6cf2bf74d04680ce0aff8965d987726b799eb31f99930f8fbf53d61618e9,DDoS
72157,3f83f6b5e263a60afd8cca4b928cee8b928b199c689484acb80bceb339a9bdbe,BENIGN
122472,7eface7c30d7d16f6bb573d4fe3e0ce4e281692ad1ea0242a615785279ff73ab,DDoS
8713,8a6857e183ea711fa1843ddfd6bac8a1bd376839fabed2cf2c96a060d1384050,BENIGN
4374,dcde44d280ab5653fc91b4f5c30a9a40a9025eea4b63126fb10d9006edc135e7,BENIGN
40977,d883e29b385837f53b40510a36f62dd8211c40921c3cf5ca9e92a999107c32fb,BENIGN
52737,16b8e95102ff91f8843caf0f41fe339b5dc9053a15961dfc25f9a5944a16aa4f,DDoS
155977,ec06c986ca058b23aee684f5d0cda7744a56c2b6d8d9605e2ea6d36ba488cb4f,BENIGN
18864,5d57a9b40e51ec1a4e9d13f13943ff4add05b80fdf0c3b7e86fa538ced1a6965,DDoS
9075,78175c836a15b0a16d6760bf65ddb7e8139792bd34755a661b39bffb88fecd10,BENIGN
154796,ac192a6b9fa118a20a8886b090d2e48869d3e914c48d0ce7ab421296dcd39e80,DDoS
91551,d81fc75348d773991f98c17eef5863a4ed57d6d6695ef71d443f14332340222f,DDoS
87269,bba1e9bf1363d4472d4aaffbaa6062dc9a3a367821ce40eb035853096b873f0e,BENIGN
67149,094e7fa9633df6ed1cb1d008b1d05aeb54254b47a950e0634af775adf8cf6ea5,BENIGN
14798,8d687802d9f86d9516364358e062d62f9c79a68c95863f067bfb438e59387f0e,DDoS
174516,0d76bccacffaa9c01d3e74452a65dc1373d1e0cb1746ad1100f133b1251b0513,BENIGN
141119,ec2456ef432ff1d31dac82ed0a7e81049c351d659c7eb52827f190d2add4a24b,DDoS
104051,62d353d7bc2c8939aa78de100d60c0779746f6eab454d72f16a218e2cd636faa,BENIGN
190792,adf86da2a8b790bf1fc36624a39e33b2b6548a639fb0ac48d17824b24392b2e0,BENIGN
86480,a7be6230850c01c24e68d1737b2b6e967b0b2d08a1565668339f98bdf2aa3f1a,DDoS
117896,455bc6ff90b718cee2444abaeccc1f150ead42faf8bfc4fe4ef0a3cef4a2b3d9,BENIGN
24023,ce76e51c92248349ba6af9206ad41241c794abb095501a0c9d28f7e1003927ef,DDoS
117444,80358840dcb2bd82ab5c1a0379c5db273d78bd23d0537d776f107538f65120ae,DDoS
74455,e7338aa662596647b019a394611bf3996c1e7840a832c92000120df4f968847e,BENIGN
36098,8eb124b3f76cd195c6a3edbb7a523d3ba6d290cef627c5ff19fc51fcbf27ecb9,BENIGN
4637,898fdbdaf40ba355b4359f55da52940e77bf740a72ded111f1c8b0241ae569c2,BENIGN
19958,a196830f996824664a560665c57305627707086352ddefe3873982dc05e4c803,DDoS
32231,5412b4fab524d23a14d4f7ebfbc5cdec7b02f1a897be024477a02a6187791f33,BENIGN
86429,ff49114bff6c92c9cbf6f5c81b187f4736939cdce81abaaead80a85eb61f2add,BENIGN
95610,8f3645449c58c348fb55ae3dcbdd667fe16b30e3f0bf18e12a2bfcf73a2948f6,BENIGN
32475,7e8968af4cdf375e528fb883d261a6c960a249444fca4c1ce9a0667f0370469e,BENIGN
175734,89ff5cb541ebc6b57279779bd53c71cf6a40a136f08ac93baf764fe14d50bd48,BENIGN
33485,2e0cc76166cb4a863083892d3c4d612675268032ea89ea49cc6e9c5c5b99aff1,BENIGN
30080,dd14fffbd1160899d27fc27ff84c7d15111874b1ee8ec5df8a795bac46d9ed01,DDoS
126134,5235fa1df4d6703605b3efe5aa7ac49f5bebd3aa13fc77eee7aa051e902f8268,DDoS
187336,068b4b2caec2c650dbd3980e08655c7053b16bb8777cdbc3f48d90f362ffef6b,BENIGN
120170,bbdd9fcdec5bdc494d82994727dc7fa714da871ba883e91b9ea61f0db2a2d0b0,BENIGN
45016,56b9d4e00f9cefa6f67ff43b312b264709f9f7c1bcf3d0f7a21da586583bbf95,BENIGN
59815,65a411f0fa49963ecb281d547045e03668a57f96b032cf9386ecce040b788db8,BENIGN
78341,6aa5e6c5660fec1fe6647c4d3461655d2ed34d021a7463a642bba0b60d89ade7,BENIGN
187376,87c7d7359b479d72d0c987882fededfbee45e8f8cacef7536a7e23c75be0e17c,DDoS
23355,228fc8babc88d9175743b060f5639d18c29a073e865c0febbc0c210272988422,BENIGN
105383,cedc4cc3fc968da04dcfbecca4cd8390807b1d431d1b969dbdba3b5b1daa3ec7,BENIGN
92474,9686084c86c81a877d9c808c4f8113bab768ce0872a7a8998d01657bd3868041,BENIGN
87669,1571d44b2bae70d6de5b1504258dca11664e7dbf391a72a737ce71dda33b383e,BENIGN
78288,9e1838a6272a9aff54fd3cd225e83e6a05eff2837c48f84defd4cb1bc2fad8d2,DDoS
27308,441ecf82a5591fb61b7083bbf588674da74ee36e3a89e5e5fc2d5a08294c9aef,DDoS
97269,eeeeac604fd810e0ddd2f52537e3a6d4f64a44f45d7b763b74da993676b965c8,BENIGN
22256,673be1b0b6364e84199018964a710e19f7d3331151fa1ad4cbd76da37c046b89,DDoS
88764,370fe54dd7aebd9b32b5c0f2b1bb48358dc7b4441cf0ddea035b6177b790b7c4,DDoS
111447,164f27b8c20ab2656ab66fb580ddb88b903f70b37974eb5e2cf0a6f557c84394,BENIGN
20147,bf042159064498d7bc242240376bbcfb08b1036d8a6766ac0eb61c7d46e7d321,BENIGN
142212,821312a1df7ddf1e112f73fc524fcf47280ebc2db9f53fabb083814485c8e201,BENIGN
91464,d7911422e67dd225e378cd39fb648fec67d27eff9c9ee5a0e07b86e8ac62c08d,BENIGN
155950,c9ac79f6fff99ccec3ad606e76f8a42202ce4d47ddb67779ccd179a96d8dc378,BENIGN
16188,1743b8b47563a62751a0b62549989e0636b59f9057350ba9a89d99c574d8d748,BENIGN
160842,b1ff3003f429e90d9688a7cbaf2b790239998b95a6f91fb7ccbe0be3d733de23,DDoS
40860,3042abc009b6cc110f405360ab1def3aeaf70d380607e9b01dcb95e2610703bd,DDoS
209068,a98a494bfa570693d0840c5c40b6d73a245ca97578a8abf97a3123d505e8441b,BENIGN
161131,6a887617dd78aa03316edd74b68cb067362a087d1291c68172ca07c1b1dce030,BENIGN
43800,e4e20fbf909ec22cf8c09c3dd60e5e005b6a24cbeb46d9ad4cff8c5bbdd85fe9,BENIGN
40586,f68039479c7f9c1e31aabdf14f3f57dd8c8a1ef7c1e9b8b5d8ae1434d26b29fb,BENIGN
86011,06f7a78ae26d1abe9c70132df9aaaa5e6151fde48eaf9270e2483adc423d26eb,BENIGN
39103,257d5e7ff70d3f3720219c0333cf461289f9939417b75af982a2698adec7c0b2,BENIGN
179195,2bffddd6609d82b4ccbd86c8e749187b96a5b6cb30da278b3b54adbf296d7897,BENIGN
184874,5ce074a9a8ed240fcd8e53dfe241f5d773483d595b490a0962052d4dee043872,BENIGN
8573,9b249d1f4184c4b619498574646e078a12f24282b22a5de8a5a08561833be0ed,DDoS
87445,3887785b7e8b2f4c614dde3a93867b02e7ff18452a1bfb81ebd2919bb0df4c06,BENIGN
70535,21ab27f1323adf5736047b357c7b3d02e69d08180f9407ab1cc85a3a1602ce55,BENIGN
150664,b0ec29d17729a387c3d9769c0ab47a143d32336eaa53c33147cc78b51e0ad857,BENIGN
56527,a85d3fcc1f8fef1fec42268908784392e70b187dafaac829fdbf88558449994c,BENIGN
194226,a4d1178668a371ac1cd9de6b80be46aa973060f8d774a4a8aae3b7abc0f3a0f9,BENIGN
123279,e36417bf5d19ddeb7a3c05de6f73240ff03cbb9bf745ff439b3e1c9393015219,DDoS
88279,217d5164dfe57369ed6e970ffff15f46192aac38681ff85c6f30fd607a3c5bc6,DDoS
171139,7f259b093e8271c02f74356d1e3f25862a47efa70e856c482eeceaf44dd8b84a,BENIGN
154982,6a737d3015bb6933cf65dd8a7b02dc62e887e778be90c5b41b7e28f7489f6c85,BENIGN
115786,79daa77dc0012a70dfefdae11453585c6a1ce070cca6a41a29f16177f6f1dd1e,BENIGN
194870,03328061d6142c75bbca4d3db75029aa6bb58a4f9a938b0a2274d335dcc48faf,BENIGN
146170,02e146754ea391f9246755693a8c73abbd1bf1784ce6bef00bc87392959014d1,BENIGN
136452,33c7af73eacf2f5cdb8ad5ba4acc62130bcb18af331301a7b0bfada1f9154f96,BENIGN
112387,9a35588044d3ef7cf2206f26117a771b728f748485065075741a5a0ca1f951b0,DDoS
89411,5acb1d7bb19ac3efad6d2013140b6263c14a73d6e111f0a3148d4e3b4dc81697,BENIGN
144159,52e0c6dbbc381a005269bab92f6e0eb9ebaa4f23798f49a875f6cf3d3ee62778,BENIGN
56583,82f502d1f9c76a9ff6a8939c5cfdece49608d4a3e6d90a6d18266243b75e5644,BENIGN
28706,b8d5c5d33aaf9c8c16b56e42044d02261843bc804eaa76855ca66c3dd63162a9,DDoS
121139,9a0734ecf58a481ce8c17a9c5784175c40fc80afaf17ab9501b91bb7a9efa344,BENIGN
92187,b9ea98a401489c7b5e30e7cc588cf5f57bab73f91d102e2a83f571bf9127072d,BENIGN
163698,7a84dfb91ee7db2552bfd2f4d62cb485615d07aaa7ccfd3b666f1087bc8d0a43,BENIGN
69753,39ade9883e3d3419d3c377da9bb3e3cfc34ee7c39ae9dfcbe7f3ed2b9c86f543,DDoS
126869,6e112c29becfa00ca24f362d5a24127b69a464719a62bce45f70f21a17f14bc2,BENIGN
43246,5bd325e4fd4d0f981d3bd9a8b7c2af67a38a80254aece9ac9df3228ce3e3e42c,BENIGN
119533,47a9caf71b89ba6acb5cdae9539935b0b7b9673712a573089c78e1f782a35da2,BENIGN
35040,d201296db6bb8c1e7845f3574e93f0e33c00f9568c19d5c91d3d66646524bdbf,BENIGN
199280,c4849a1ce5bf015982e698e4ab9df4faaca56c5211cde104d2f89494e2bf5940,DDoS
191458,c9cf44f38953c7d4c66c10c617f67070cf128ad7cdca488a36f219ae80e64c44,DDoS
120956,b030e68a3f9b000803f10b7b8e6e8cf2116a00f3deef2cde62183bc41af011b7,BENIGN
97338,1f242af984b5c5773d6cc4231b72d03b1734c345e98f69aa61c6a21975f4535d,DDoS
202149,42b9301b4915cd5bea1414ea1d923f863f359fc5f7b2e9d038f8a9f15df5e1e9,BENIGN
130098,a8970f18c64185c6206570bc2dd68a18c85a2542515280c7d9ecbee2f631f433,DDoS
124287,9259e4711042ace68daaa5c86bcc04316aabfff0d72d2d59f7e1f113c20f5a8b,DDoS
177262,992a5e9965a576af5fed75983370e8976a8a4eda9c5644111736e2196a6ab906,BENIGN
129272,30d6ff887b67fa191961ba52d63fe7fd2d1a0916a6ca660d902a5a327babdd19,BENIGN
21902,737c7574bf11b19b0808a2364e33d1826c7c6b24e6ac9589d1abbc738d088067,DDoS
200962,ff9af3d3cb9109a82cb185c0d7ccbe03be3b3fe7701f4f5fd071b295aa6ef725,DDoS
71647,8c2f710618a13548dd3e076c32a633bad82c89da19f8346334fd31f744abbcd3,BENIGN
166322,8ca254eba315f5170efe86523624be5932dd674a5286149d12a79c420bb4be90,BENIGN
25608,2e96a7318fe87c5c8421d89f12d7abc0e8522355b95b0172d2576e46d0d4bbea,BENIGN
137672,a73afad963bb83fbc3d4af4d2b38ddf619f1a3588dd98c789c4002f6a5cf0eb5,BENIGN
58708,37c97aaca13c1a65eb1db31bd938740bfec587dbe18df4121004a16d05558f42,BENIGN
61018,ecd48e926630e6fcbbf6a7f1479e4823c91e72d4187225ea6ab3e8be8cab0e4d,DDoS
138065,ef60fe2d54d5ad9a2aba94413adad8f400af780875879a18d08c1ba6e61b65bc,BENIGN
177017,75fdce62905105cf3a43bcfba3505e4dba1f97ee0b8359314fe72bd51ae39be9,DDoS
128216,20cba7182a7d19d4e61d57be5cc1110529c458390affd91d2139cb83a65e1229,BENIGN
73597,53d57a6df7a98c52270f0e7818cc812a89fd24d4d5180d396266c79e649bf0a0,BENIGN
150557,b73e6374aa8046c66da86796e0ce39730c0f10171ba4adeb7cd4727224105e2b,BENIGN
168611,db54b153c9c7d610a5f2cbe1b56cc1d169821d0a109a9a142a3b5fc3684ba9d2,DDoS
6840,952ffe9f6cc5a92349cc665b2abb53fecf5b5b3f096936962131453a0842bdc0,BENIGN
123291,fefbfc587d081fba4cd8295e57ce826c4ad0fbd144dd607af1a045b8bdf2670d,DDoS
138690,3c65d5e01aef6de692d8d2babdd0954fac80f48a906e359f0afd6cdb2feaf557,BENIGN
169966,65fb8a74a90b992c9bb499a3537b6b73af94931629c8ac32995c0915b0c6b4c8,DDoS
41319,6e400797073710d9340fe961295bff13687e66aa476254607cbfdef1bdf76117,BENIGN
153432,0291b40cf855543d6a7ccc0ccd494b2d3052c05b432015e3cc7b106b6eea25a7,BENIGN
208618,9ae7372a48a1117fab13e6b17ebc00915b0f1e7330dbe17d37516c368427ecbf,DDoS
31533,539a3539ca2e0595488636412c2d9ddaf25678a1839dd15d8ec1d7c88069497c,BENIGN
183193,bb11312a791a21f3a35e63e220377e611855cd649a55c255585e85cf5b9ff66d,BENIGN
79518,c315f021a74f7ce82c1a1f6e8afae1ac5b10b81dc8ddf35ba7531082bd7d0d4e,DDoS
166058,25e7df91d38c97152249d05d3199dff2363e1eb0a560fadd1c71bddc0fff3206,DDoS
198344,64a556c3bc0e19f5df385809bd448cb0925663162f28a17864a838d5089a8056,DDoS
13307,f350cf9b1747a652627bc7f3ffc59133ca6cae15580e538b997f89cde09639d5,BENIGN
98363,6e425d6c4708dbf9a4427ce2791e29ae024550530924f058a20aae75a84bd354,BENIGN
64652,5eecfaf0390eca08c390d985572b4d1b93ef80e09a7be0da3ab82e6530dd322f,DDoS
152766,5f72fd802c7536cfcf2f950b550ed2eebee05dfb8c6f15dc3e3ae808040d1711,DDoS
141312,5d88953cde679a478df934aecafb6cbe1d0e7d29e4900426dc7301f75a09f8e0,BENIGN
118828,b56fb7c3573ef67e3177868da2b6dd9ac67992940975f827fae45521d47b9641,BENIGN
190280,0f43df90f3eaa7aa1b5888de5f05f83c95a6b3eb07e7519f7d94075dfccc6acf,BENIGN
150726,052878c00c05c2db3013dadee7569eb819ee54e32b94d0145a6034adf6c60eb4,DDoS
45327,aadeea55966de61a426445df43e74b3ecbbf2b69f2046cb978e2f8d297e93b75,DDoS
15477,b224bb983c795e728f18bc479a72d28aba9f4c16548d66571bb194b0537f102b,BENIGN
198121,5e8ce2974688bd78113230357b63cfec8a2ad0180cc5c9ef7699d076a0c30066,BENIGN
47431,a5aef5f454688e6abfb2163e3d7ef6917fa365e4f7e30b2035361d8b74038266,BENIGN
19632,a9a598f7fc0280555df9495e7b4c80c1ccd305e2f4edff6bf18e8c08a97c23aa,BENIGN
183211,f7acd7cddf39d1e1772e22c78610639d04312fcbcb2ea83fe2d9f23cfb1d30df,BENIGN
80322,9ac48b274b3bc76d4efd4cf048dc0a629d148b3043efa1862e48eb253c28b082,BENIGN
90164,51b067de9c05b424f49df47b60d25b102c96943eca3b7a346902c44a72feab58,BENIGN
111013,7b1121f4d80cda18b58aa497068a9c8bbaa76b0a286bd4cbbd4ce941969e96b8,BENIGN
131034,a94ef694ea3b7a1d48c974b2849e890edcf5c384ed1c2f718cea1bc5a3325b26,BENIGN
24582,16df6a8d738a23decb162dd50b1cce2acda816abebf42e821c45f00179b515d2,BENIGN
200178,baff6332e172dddcf84bcdd3048db17780e183b620c414f77659d9093ad682e2,BENIGN
103857,43e996432d5eedf36de918e6225cdd07cea3b9f068887d0936207fa069872cf9,DDoS
92767,0e4f7de07dc4678984a3986b25513b37e1a003d92933356c075e6f4326cf3fbc,BENIGN
117928,e7cc7c51c959e7ea259b8dca9c700d854aa34650216199948db725010b5decae,DDoS
49314,68a32506e5f2a9aad8b984807ccce3b535572b0064c1c7a0ddc738d500f6e4cf,BENIGN
65320,78532129538d768d63e8ada542e43f53138b29f2797d2c82dfb61871f05b485f,BENIGN
102180,f885bd565af323e2b347cfe0e531c33ced4afe36a83068fc99e0d17023359a73,BENIGN
142518,8d0607680c8f98f8a852e26d8023ca979bc30ffbcb3fad20658f69022a1c0c5e,BENIGN
51741,06aabf57472ce0692a745636131d7173419d2e683a086766abcf80620a9d018c,BENIGN
194214,8d5e829cbe5b0494afd43620984c9e70bb11261b304466f2108f53a625f70d94,DDoS
66479,d398e63fd7d0de949628235f9c8072db39d827110cd2914ba81b15592ec95dc8,BENIGN
50332,4ad422f841ea73344ba41a5311aa90597bc15a52d63c8cdc9a876939e93f3f6c,BENIGN
17651,8125a1fd5f380b07b2557d9262e6bc2bd99c69f2c1a4487a34d9fe87d2750dd4,BENIGN
208954,d7fb073f9fa03acde468e698d4059ce9ac90b2587f0a261a669ae53c0ea09fc4,BENIGN
52408,df8981c5673baa541677d47c63e4001571ba0c604a8afed8f749d0a183709cc8,BENIGN
137259,80d29ca9d7fbd0bd80fc0ab80ca70d65622e5062eab932ef1a6a2449578a4f19,BENIGN
71492,21a0545b08c4774d0d37dba8e77f262acac9d368c85a02459966170f01866d3d,DDoS
105921,4d289ce0316e1f78c474076a8c0323389dd19ca1bca733fe72a166497d580215,DDoS
13164,6c449f5b20d3b05fe02f541cc3df00436c53230d5a60f357a76f39bb1640356a,DDoS
197436,7914d2f4890cd25a6d8cfe472647fb668d978b7c0a396ecd292d34cb3657d6cb,BENIGN
144119,84d673fd8d03d70358165cdb0b34d279b843c77d2239952caaacacbedbdd8c2b,DDoS
84304,ac893e73d360d68ec8c904c960ee5243092ba5216fb14d2aad43e6007797e2c0,DDoS
115031,764a8fbf560ed0acda8b7e94b1ce4669f49d78d51d960a97645aaaacb900d14d,BENIGN
208406,4056026703b999a0c15db36d44bd3f2aad6e5792fe774575ec29d71a4d0e4f3d,BENIGN
160024,3e9de3387d79778c3943a92420d64578f0cc394ab4e60017aff1de83832b3b1a,BENIGN
63669,0c40e2f4c2b1a0f837c38302aa9fae44bef0039742dc2941614c1316cdbbcd96,BENIGN
136372,4ef34d1bcb0693dd7b40882bf15c7e21a31f2309845b163ff3f9fa66b37083b9,BENIGN
27868,a5620e7567422458c177026df454adfc39b256547e3d59516122affd4a3f0b9a,BENIGN
161302,15ebd316a3307c5c27d3c54dc0824bb73a1dc15e1bac2a6ccdac3ea37a572f7a,BENIGN
75772,0f63f7a1d057b64ad7e5ede32000c7224292946de03c28926c4f0b5b7f3a325e,BENIGN
70199,88d261abb16aa55f3ffc02ff51ac3e616640bbc380bc68d5efa9999ed3e41121,DDoS
79403,b874e57f0f56996f9cfe662c6666d4168a6e69dcc82f46dc6af037ec5d742ec3,BENIGN
68958,96b27c9385df3b35727d558565053ddf6582a5a6080b4bd57362b1c12cab6091,DDoS
61186,3c2b85519a45ac895960f6e2a48ca11e64a8ab3b072af9a5177735c080509804,BENIGN
104108,ece9fe4d98ccd77594b9b3ad30c8cade7d2f1cb4b9ebe03d856e1a6c1c29ecce,DDoS
190267,8cffe551315afbd02cd531c932ffff0c7194fd2e62389d90002cd7c46ed76189,DDoS
32461,5c67f9c3cd510b837346f650ca334fb96d975e569c2f3d5c654e13cbdf3d59d0,BENIGN
194434,929e3f7972e96cf7ef36971d77f6ddd2e6d25e74429492b3e167f92af53f5a8e,DDoS
203885,aedcb31a6471a2d4193c9f0af574704a8ce7321577dc2bc2a7365267a5380a45,BENIGN
76806,406884032106b2c558024ea1c8f7b84a75350f6dded304bb974f0c215d88e554,BENIGN
108363,8d584e23a7f5cdd80e2c4a2c990f099f9ed4a8abdaed366f2ee1d89c986e6d81,BENIGN
3863,6fe814c85b8c3dfa36a68263b5c013ac632451b064e675f328e82e5e480560a3,DDoS
45706,f56267e74374b1edb7b05a370480afaddf494c0e1515d40e9bd752d6543dc0e4,BENIGN
176757,5f08fa50468b5ca4cc63cb958a7bdcf9d6e138db03c0b5731f5089b4ecde6f04,DDoS
97307,028b0c275e08b3b96ceae7966599402178f1befa3838cc153cd8edbfaeb1ee4d,BENIGN
46726,30cbea3b38fa52fe2d9858d2c0e8e0721343017824a2ebaf3f6002c0ce1ac7f8,BENIGN
19693,a9fa4498cda9c3b5b5b4cf050ed960a11d210bfc1a010d2a581a32f265c3c369,BENIGN
174436,93c63301034211f6982a3698384abc9316bb9704b0a68b1f5444eb1f753d8c2a,BENIGN
49481,fc82f057a889dd157f60762af7608acb13f3f2355105eb2be5647d453e20191c,DDoS
54114,3d60990699450abe723051b1b836bdae572e0834957cfb3552037eb97295729a,BENIGN
196485,9a93491d4888aebcba92cc5f8ed55faa348dcd9cf3cff83bbd5f85570e6bc4b3,DDoS
143538,ec23a60bead4266f6dedc644d5e3d2b945100fbf51bb8dbee6f97f494c7af4d0,BENIGN
200444,45651f09c57445136481622bbacbecb525e19668ec3a968f132a432c73c69d59,DDoS
171473,c91dd1a8d2e540bb2a97a5b9058d8cce3e1a830fad5b114cd502affd6f0844c3,BENIGN
65241,fe821da7211159b286e8b00564ec916738b1de3ad3ab3a7892712d786ea9e9fb,BENIGN
4344,624c3f83cfab0458619d438f175c9e7d439b4bd2a39c6d5c6b88f609da22758c,BENIGN
56470,609191592c89f8608a9c895ad104316863bfcb7b68efea37b3dfa1f42b1be3f4,BENIGN
14918,2ca4b28f3eb7a121b9991952bb5e4f2720c6d2db4157fb77e9d3c9643aa8f4bf,BENIGN
76066,04cf27804843161ae0cefcb9de6c64cbb62012ae66a4b91996275fe98605ed55,BENIGN
192654,7a0710d4392de6c55b241b245c7ab0d9e3a401780ef3ac848ebedc5378a2c5e4,DDoS
164486,f27460ddc64ade506407fbe86ca6fb9fcc6072703221f1d9b0758d0e67a24962,BENIGN
152203,464e77880786d9d2cd62ee8cc0540b6ba1414052a6a94b3358a454c5e7fbc791,BENIGN
175223,252f01fa8be862dcd5dc7d1476b3d5ca116457a0c8dbf4d017a1eab71a709622,DDoS
182009,c81d861f9a5350fc1fc96ed77adc5c66c8e5bbe3b32397666e43a17d3df29adf,BENIGN
93112,1dacab40c39a495c4a5b21a1fff73fbda7c66ef91570493e07146063c24b66e2,DDoS
11694,881ffa02f4a00593b0162c673108d395c54e98f06b4bc4ce3889576289f4a7dc,DDoS
80766,0ac006763a9b2154192dd19a8a8c6de749fde4621d7c9b8cab0a3802dc6af445,BENIGN
28291,02f22bdec11654592a042f59f4c0742d3c9cb0b4f31aa023aff4051d99bda761,DDoS
126245,78292c5f43c8a91446bd6cc3cfc1f50a237f5d602d24c0a728cf511c3f477f97,BENIGN
122729,5b85f0f21ad943bf97a5c07ed04f7738470df7f9d24bc9b4fd42885e1f603b3d,BENIGN
130466,4d0be257c452fd5218307084facb8ff520c6659dc272fa01af8bd8438756b2d9,DDoS
136525,fb14298555c4b0a6f4811a11ba94ba89ca8feb6ef99e42918f20d6aaa738c7ec,BENIGN
35107,9e02bc0eb5a33c831ee088b339b55fd82f4e04dc1645b57636ba7b8c88fef670,BENIGN
120040,282cec42682c50771bbc3bd207622b5799410b962fde6b4d9829d1f7809f113c,BENIGN
98553,d7fd99afc278a7672b3080f4ed07823c2dfa89fc340aa43077c99ce47a762634,DDoS
27834,8f63899562ec2c0a477b752eb4ca4cd31885eb3189c89776369ae97f77dee0da,BENIGN
28340,7d3a2540e9cf4542b92523b3688d1766ee9fb5722e9aa72c989334cab3018c61,BENIGN
9566,3066a37955e105950c892548179b45b9200b49d4d7846b072f8e8389ae1a50c1,BENIGN
457,07b92b323470265766a6002e38579832582ce9e1da64362d591bea36e06feb32,BENIGN
55264,be559162ef4cd8de79d6cfb82ef6b5daca6d55ede4b352ca2c8607973a33b136,BENIGN
125471,d66881b9abee7c2ff6844b8c7f0d2ad4e5bbf03cc94f0154ea9ec216575a9d42,DDoS
28081,b4f6e0a4c58a9eeba9489ac5c7f0a7f588b3f08706bdb6baee889d65343de45b,BENIGN
197983,7cde025401866b789be0b291ca6cdff1fd17e702a955ba5a0fbcb7a468949b13,BENIGN
100407,cfb84d194417bb994cd10f34f086e9ade7f97be0e3246027672aa0009552abe8,DDoS
187689,e2ad3c77cdceb9b2df4b9c221f7e97361e53dc8215e17b3b576559391d3c64ba,BENIGN
47836,0f9dcf9efe08f63f2e7657a6d96b48ecd37a18292bbb0ace88c79158c950365a,BENIGN
98307,5adf239c9001add3ad6668d0b56b252b7502261b47128e7818c363bccf8c979d,BENIGN
93476,6a5bc08ecc3aeb5ece99d9f60677610bca1f76a4427c90ef14d57334262bd8c0,BENIGN
45969,b80f16950f517e859f30ae494004bf89321e97ced28ad193f1b73d9958cf370d,BENIGN
77857,3fe320f2afd594c6724c7a25cea7bf4c4cb2058059123524119df9808ba9178c,BENIGN
114375,3f802db93bc6d2da401c3f2289557716a349d36479f6769425af932272ac9a36,BENIGN
32541,9c506b38c6199c75d0752d7a24c2a0c8c21cd7a8c3eb365ee491375806b68151,BENIGN
141407,ffb070199dfa811786b4e58c1b87bc5513bcccdc237434b17a5422e1c3494a6c,DDoS
137180,80e488847222c94988b7661514db22690a3a19553edfb58a7931fbaea0ab9840,BENIGN
197386,a5f39e76386264e844710cddd5f6e6e0d5dd15ec0d19dcec0597cf80eaafe66c,DDoS
99088,b325cccd718bea4f2ab41b4bee34a0a7ea7d7b0fecf52ae5f246eda4263b651e,BENIGN
143481,8284f0a7619c897874b6cf4f9684711dca64513b00f8fd5cd20721c7ada5a79c,DDoS
153463,60606c23006fbac78e59671e048c2cddfd2e007e82ef6de031591e8750e272d6,BENIGN
133049,ec41eeea3fe1054c71d516e418a2eeb994de0f6c323a7eca8f303bc7375e8f04,BENIGN
29947,60b1dc7273d8a12624921f8c451a583dae18355733782b2a0e2ed48b1d1c8bd1,BENIGN
107950,3ea93842e8594c095e00da24e7e049c3e4279db649f3ace0c3dcbffc1ce2d7c2,DDoS
57554,af7d3cebfe3800b5266ce91e1fcda68ffea1935d2acad2df761fbbf9902946d2,DDoS
157624,acad1d0c71ea628574f3b198eae7598a4ae2d5f8cf915beb519ec0234d658e52,BENIGN
209260,f90b9d9d51cf66c3780a287a33adfad79681be1279b35927ded92fd400f532c3,BENIGN
58746,4a83696b94e588bf536508d196f163ca3d274a275348fa2b12072c6e5a2369a7,BENIGN
3652,dd943be2be909d6de699b0939c52a810f95343d3a5d24991cb5be050f07825b3,DDoS
184485,5f9e31156612f67879c029ed6a312524eb6547e77e17f48eaec43e486a8b1d8a,BENIGN
123964,233cc38c183c0d0dff3d71ab7f98b48bdbea507ee7cc23ad47fb7212851364a2,BENIGN
137433,1e4ce5f925d2a8f2302d5b752b0f952b5e25b22e47796bb8c58c7ddc447c5dfc,DDoS
80755,4b76b0bf8d3ab89262cfa9ec6872a5b0488f4bd26d33e415a224397f49f39f39,BENIGN
146381,78b44d612678950e08c6d61fb02296b711a74cf94ccb5e5e15b920e8c2679a69,BENIGN
102470,6c7c7e62e88c6ef23c68d8b39600a9ad12875e4d43afb0df39ad73553ebf5e11,BENIGN
12138,a255ebd04a1b8e3fa33bb52ab66bf2f991c74b9b9f8730812fdbd8dc585babf0,BENIGN
203140,675e596f6015288938a129ad374aacd082c671918149dd5e5b95cdddf4680583,BENIGN
71429,ff387a027f6f70be2ec7520ebdeb7795a2c96f5a5ff43ef60923b468f51b59e6,BENIGN
173786,635f9311d4ef569b45214eebfe42ce31c240695675246a4a826e3c496409d2cc,BENIGN
109203,7dc3b13aaee0f34bc41a9a9df31daeb546f7d1f4d8a2cec3927d880fd4d40833,DDoS
132714,d69e448b55116b3a9a406f414f1869aaecbf29e45c2164425582bd887dc4490d,BENIGN
24406,8998162f9a80bba180519230a1a83583071613f5dbc8a190e6ac2670251c9e63,DDoS
96330,0b413a8f624ae0c40eb0d012cb141f6d26e2dabd711b8b379c49a2ec465a1ece,BENIGN
40069,78f316cc6e585b30d8e0246be03409dde0833b4dbdbd36f58d8327336a565fed,DDoS
116731,6e6c201232150512f6f7f2a3d1731d3a95df9c8fd275ee7d980b88f719a920d9,BENIGN
116874,28a4041a3b614e6821f2b88877c089afc20e938941a2c41a99ea828ec298d5f1,DDoS
151376,598d561cad40bd82c6530ac630c3a8615439f80fda7cb51cc6e85558f37bc00a,BENIGN
20676,41f53f660c4dd565db534cbd90f3ac5319b03888ad551b23e3f529daf01a875f,BENIGN
203158,3f9e32a613374220e1143a3328f31d4039204d2498bbc475524498d67b335be8,BENIGN
18593,494a4cd604ebdb6f558cbd28383f4c01d4f2d09d1b20581e8b5d67aa79dbf30d,BENIGN
84340,4a5aa7fbe7a7a1883d65e6bbd3e1fc7d1789c1e033c05bc09e5bb9d9447ffe62,BENIGN
77295,657782dfe809ab21bdea26a2cf69430b1032ec768a97298792b77b771e15191b,BENIGN
80602,f4609592387c83e1a4268457eb8ae6f1636326fb268c72add6471ef3c57e8d79,BENIGN
56097,80727472664860fe419730d17002d5ab18a81297ab3c8ac531735c9f6f69b4f1,BENIGN
65374,b5eb5f836e49a45c75d355452bf1d70be262c0c8b5977cce1cc6f3036c3376d5,BENIGN
167659,815cc2dcabc7e712fa1b45ea0e815a5e667e32153bd80988aeae137c75f791e6,DDoS
91905,ec200188c39e6fdc7db0af76361d840abe94d918435cdf342974579ef06d0ee3,BENIGN
119349,e7e37636026572f4313a5aa675df89fa7ea84b0de75ae877a82e066829e05550,DDoS
208518,b990c03af1e8ce7539d0391bd11be9504567797d69787ec7d507b0f5bf27abf6,BENIGN
142640,a4bd74fa4f15c85d2db35f8d9d195d21572fbaae8e63969e2e261aceaacaea07,BENIGN
87783,f3b438183ee375cf44369c57d6063b81b25c5b70da754348a0fd522debe1597f,DDoS
33340,1741d31e7861b838c16a8385bd220283b499c43677ba29ff0148276a3df14388,BENIGN
107445,8fe8f29db0bb0894e40b4d20ca934c79986c9cba077332b370faecfbb625559e,BENIGN
25845,448b576a8b695ad29279d3875fc4c451096bb6fe4f9218030255638aa453fb31,DDoS
9586,017395510acdd2ffd2ccbde5e543829e41a956cac90aead4ebc589efeb0243c4,BENIGN
75841,8d2c4962c0e173d6b1cd8db47aa87d50799017f90ac057fdf5285a847b65f4f1,DDoS
149189,21e41d66c65d76aef430dbe20a1ccf67d01d51eb42567daf1547c8af42f07e99,BENIGN
68724,51de63dcb5515270f6ca7e5663bba0bdfbe3f55c6931856247145a3085fb1d87,BENIGN
60458,fbd9e94aad77b13a2324df6922f409521649b970db8bb4e3d57253758e4a6784,DDoS
70247,84e3b7dade015ed7840196ead5f634c2ae8f513f1749eab5afa0d30d0b2979d2,BENIGN
168941,d8e3a1b81496d41a85505ad0a081b6186cfe2907559b1f2d805376eadc499611,DDoS
204266,ff82eab002fe16a5791cfde391fb5d4064e620d080fbf9c601dd891c1b400a4b,BENIGN
36262,2df317f12c8337049324a6df63c3bddc4d1aa90cd3c1d0c35d2385ec4cb74599,DDoS
148063,acc1c4b4daf98e7830e8c9efa35e9cce4a258d6f8ca2158c924fa2f7291c5064,DDoS
92007,537130d33d6a5664d2e024cbbce659a53ab0a08028e7d83c3b6d8bdd3386fe49,DDoS
58673,3da45e8bf874323a7b0997a878e6c3c9c4632679f11e51e0007a5898ebd0a247,DDoS
735,cc422c0a9203a7142e48209ae9c0b081e7cef1178ce311765715062cbb9c9564,BENIGN
195484,11cf1102aaa14bfe924127837ec026d1b6e84c039e5770381865766339673e22,DDoS
55353,6d6510cb0b0b74c5aab9c9ebbfb849f05ff8e66095bdd6b381e5f17bb926ef69,BENIGN
172306,2ff9d65db0e715f8b3c105f26862d00ee7cd4eb8f91a851c1f0664ca4a7b2279,BENIGN
8288,0bd36feb029ef88d84d49bb79f60575000cf719a3f769400cd8149b2e4f299e2,BENIGN
195790,475351c766639e40398851a7d19354638f2c5c8d29f0f266b5fe43805bd85613,BENIGN
207427,db44ce895672c522053a8ed4c20d848a363531a2346b2e75bca5ecfa63146155,DDoS
91495,718c974ee20cecbd0503892d8993cba6f7d73b66e4ffeec45e728171104477b2,DDoS
97525,02cc7d6e12306819f56e637766ab70d56f9bae4fabfeea1d72be2295fe9fff0b,BENIGN
112839,5a00caa547315e142dee927458e9229cb0b83e801e9bdbe65b0e94630a3f545b,BENIGN
170154,64da512649bff004ae958cc3f072b552bb7fbe800aef17e402b301a71943b183,BENIGN
12958,6221c3a64c04f0ac1aa440884c0c582591c15367c44dab91d3be9fe9459c941f,BENIGN
20153,61dfce7a32808e40f73dbd3c3891b46870be86f0d4b7edf0be13b9f386fbcb31,BENIGN
91825,ceaeda51151d852e7d6069da7ca4e50ab47a4de9e660867b3fdc3bb87ddd50b9,BENIGN
138440,072fbd826db410f8245d621b6c117985e910731bed90ce046ccb39099f9bbebc,BENIGN
185530,5ed1e048f0261e89a4f42bcd86d3e02f32400c70ba40d780fbaa8af180ec244d,BENIGN
150653,ad111749faaf694d26f33cc1f45fa3b858cde3efa56a72e160286e294cee5786,BENIGN
25725,ad3fb98ac2e2ef762168a89945293a22a5c08fad4053125a47f1e9b30bc7f6c7,DDoS
136515,3c2537edf0a8569034bf6a2d4290d7f815c183199a18ce4fda7d0885eb62b425,DDoS
111733,4216ff22eff3d8b0a702eedbfe4325b64eb7d73248caf704582111b5893e55b0,DDoS
185861,c170c6ced72a21548b55d51a0b09897729f0098ae9356731bc01e1cbe5f1ba4d,DDoS
21155,5a30b979bf9c8dcec695f03190f0c0ebe12d4ef5c3ca771d1dd6367eae65f5af,DDoS
108952,8c80f528916a96120139a8584693fc6c966bca90c54f37fb3b6159ce2c40ba56,BENIGN
6665,2e90e24cc73d565cb224fc171f5a46781ad4b081511f3e3b23384582bf8561bd,BENIGN
124720,e5cc9ceaaf9dfa2bfec9a481254c45a8d726686389402efd1dc6edc6a584dcf8,DDoS
49451,afff4ebe01d59d960ec9544ced2c357738d8850d678bfdb7eda387b9f83b4ec4,DDoS
196902,28d88dd9afa2f7e919e233c5c5a15ba900a25b644b39782c742df3c256ee2f39,BENIGN
169422,5b9a6cae8fa331bdc5fce947173abc312464401a7acfc7da082c34e4a6fc016a,BENIGN
120964,57bc79c9f18e016242ac27ef4c171fe5ccedb72bc2dac4009919862e60cfc625,BENIGN
190462,e2c5058b32f9ba12671dfbc491fdc2dd68baca48f6eef13d4c8527130b7f4650,DDoS
163078,9ebaa2bea955a856aa14361af3be004b2cd92717f62273f4f6e80c63f20d960a,BENIGN
35445,f88ab84eba0034e3695a876e6d7156ff81c91dac16299af85562449badc9c563,BENIGN
106057,68c7ae4138fc6773f0ab81b4df32844540eecd1270e65326c202780dcd8afc08,BENIGN
1243,93b516170a4127e30bc176f54c4e341f51cbf6d47cccaa70f5365f3f865c88f0,BENIGN
207920,6e52b0a8945ea87bf82ad54ca0a365160dc02d3d0df4edf0bdd3153792332d19,DDoS
140004,19ce9aa0129818d1f5f32d75a3871d773cc518f5c36eb3bc5b8887c90a75b875,BENIGN
51465,5537eb8b2f3eaef99ca03c16aab8de15aacf27ada8afca1b0e68dffd0ae7a07e,DDoS
73492,6c828069c653447ddc558cd7211796eefe90754c2c15c8c015701517bb7dabb5,BENIGN
89141,5dc0426518e77db7ef0f2fb446cf8d13447b34e9169599fb0c5e9b3f88d235cc,BENIGN
40011,d9f7750024a72aa6d1aa49dc6e7fa5088d4e5c3dc3eaf46a81dd116c63ce9551,BENIGN
140551,7b0f52d6191dde5e81a8ec32041e5e2d5ae85051c6f6ed5908a74cc67eea1e8e,DDoS
104197,8e99143f9c50eb2481a6c7cfea482d51c4386b0eea3a6403bf1013bddfec8817,BENIGN
205917,495ed91dddca6b0612b65e8a9d96ce85bdc7f46a1f2537d18950158fab633f3a,DDoS
161677,0219ee6ae209bcb48722c67a5e88b14499e354dc64c66548104cf325c330cd9d,BENIGN
36255,8866e5184ffe5f461a6491f94dd58bdd9e5d2249781b5ef8179b0d5d6b30ed59,BENIGN
131693,b52de32a4737ae19a7080a24fdd2e3917325a3027d4328d9d9651a7674b0e9b1,BENIGN
199206,e8b82fa3d378102c447bcc6401a81a29ba28aa2e9791fdc8e447f4f1bc852c58,BENIGN
189115,77e7e428fa085b6d49c790a9b1529a72a40baf8f43d6ea28ce1f47a0d4c54811,BENIGN
31831,6cce96003100415729410003fef723c4d522ead97a1075abe246384e80e40a76,BENIGN
59310,359b2cdf18374ea986a0723bd7dd3091010944a25c306e04e1035bf6892e3b4a,DDoS
110865,ba839d86ebbc917ef0820a31da25bd4edecb9952b6dbd691c93e4329aebce713,DDoS
54180,7d1bc8cb31b6940b9cea5513a95935ac3e3fb97d627781f05de4a19a3a780fba,DDoS
65604,b8efec98967047733186a57b3dcf5d22d9d52ccb4b4be05a1c8c6c90486426d5,BENIGN
102541,ad84b5ea065c6680725277cc6737ebf8b87d090f2c8787b79f2815583e726ab7,DDoS
189519,0d43ec2d315d528ffed21abb62fa5d9a4ed382f2ab148febee676e715ca9d71a,DDoS
132487,058f1dd2adfcf013f5c26a91179594a8dd0d861d0187d1ea424fd12b412a111b,BENIGN
56281,e9e102c5a92e5f68e1ceb95d60ff7f58e31ac5973bcfa8d322a3c0fbf8528eff,BENIGN
117314,2567042584455cbe02f9a3c243f3d525caaf147339d07bd1d0ce3fb3625e3202,BENIGN
35106,0ed2ac05e17a7065927abbb8180433f3e1ac0e3281ca842a3e912842c3a29652,BENIGN
196200,36d2fbec5598578b6466b1e1e714fce0ee4c4ffe7d4c3f652b694f50d495df30,BENIGN
14829,c2ee0c4336e49629ea2c13285922d75728dffc83eac9eb73d9f546d2a0394861,DDoS
137914,43957f11529e39b7c912ca0ca8161ecb39489aa1fb00d82dea0ced760afade38,BENIGN
109414,01330ea9f1b1d61c82dc187af56784cc9f304ce97d8b99bac6fbbea634193d88,BENIGN
198192,002feffd251b88acc8323ed1688407fba991068eba5916aa0a21cf73716df6a5,BENIGN
143162,4a9a8b59384461756acc6709d3d547a17566f87963b9d052c5f276b3975077ca,BENIGN
188600,de762ec9f27e11febf007821d0847ae86d54ced2cd6b979bb05064824500935e,BENIGN
27097,13e04d16de72c9ed79f164db26d4f88b15b5e648d5c7ba75f265cd28c5936fd9,BENIGN
183974,99d6fc69d761bfb4059bcd26a28c05eb66e17ed2acf5c20073d8c8284613521f,DDoS
152633,13f5f6b8f83484a133b4dab29087c612d4163d1e2e481fcae40786e359e73400,BENIGN
75858,9e53bafd83ce2f3b016cb29f43bac63decfb109a9b62899a6f807b9b3153607a,BENIGN
135682,6c0b513f52550f931c4d6b5c23a1c76cd91689fb559fc22cfa18a4a7c2a456a3,BENIGN
95904,672fbd66f097c8e4c4c2546ae2dd98da8e2e4dd25f597b2a19831b4f6b33205a,DDoS
187795,08af9f23feeb5ef34e895469299a8ac7b2a5618c5d0664a92f024be706b6fa1a,BENIGN
147054,31de770b6e6a0bf866207dd5724d7c3ab885c6bb19c67e1259dc5e0a420a77a1,DDoS
171317,e9de4931db19e075b0630cd33261501ead0f968573903a34927d957715e7dfff,BENIGN
64510,55f7895f8593415b4fa2ea39335344fe954837478da1fd476f2a27079caea5c3,BENIGN
63519,48f743c99aaec829ec8538211960c9d8706e5a915e5f160be1c9ec5eb450f9ed,DDoS
190816,82a61c109dee0b1dd68c9eceb41f8390fd2a6237921d2e8dbf270b8dde9a83c9,DDoS
28500,3bb39e17401014efe3fe1ea45b1edf9b4d6d74df394088e1d0217fec5b8ac8b0,BENIGN
76771,10c60da3a407fa836b9cb8ae1180caf9f670f1a44dbe995e11e8a03f61d850c9,BENIGN
108774,ebae1076b22a50e17078211459671af4f6eee1abb117db5ccabf1ffdec8fc43c,BENIGN
181513,e45e173e9b3726c94d9ed32e8c4fe402e3ffcb70d19e15a4adf36bb99c83c9cc,DDoS
114258,07d0bbafd61b3db040fcdea81beb1a0ecaf7190295187fbd19e6302411f540d5,DDoS
175860,bc2242b620dfb24c86a16b4d304b867b5da0fc9fcd058aeb3d1d658f2f076eb2,BENIGN
185649,891201be3f89851ea3317f411e0ca327f051ff1071512eba6e40c004bc7b0ad1,BENIGN
187894,9a3a40b84c73a7fadeb96002d06e7ab3b26a7d9d6cf0a9cf830448c20b85f7fb,DDoS
42198,c2c38b054d8cf6dbf49c03b05a9bc1fdd4978b5efdaa4fdce465060bcaadf2fb,BENIGN
130427,9a744679a6e8b9a7ffb8e2ab8773fe52eedfb4d390a5799a220bddb685944273,BENIGN
3336,d091457e8a7afe0116aaa886fd72c2dbdfe9aa91c48761ab1ae2d83bcb1dc490,DDoS
177872,52d0c2ae113c0c27d0263587a9dd316dd03ecc1e75b6e639cb400337ed357e76,DDoS
56428,290368300228820c26bd7f496b57cd8ce6588373f4fd6b7c4317daebeeb76adf,DDoS
52087,325feedb50a4e99f23b682c220f5f3f96cac9fc99a04bbb28e594b965d2a0835,BENIGN
149422,b196cffa1879ffd44db59ff57dcda50f6446d53f0362db5c373c92eb744a9b00,BENIGN
195106,3ca6abb91bdc4e890d13171a72acab0171ce3e186369596a1ea5cab87a1bb8e3,BENIGN
142400,4828ad8ab60be6c53ab010eb14730223f401a688201b44322c310862fb744472,BENIGN
132795,7e1ba4f45ea4888e242f9c1cc38781be3a27ae5489b65a24c8b537b579a9e9eb,BENIGN
109164,9a858173fe951fb42bf6f03c0427c3305cf65430ce8b5bd2f71c08910a0ed22d,BENIGN
120061,aed25b0524d235d9b5fb731b48c4e5118f0dc7a0f05fab90cd373a71ee517aa5,BENIGN
189783,858a6f7de1ab33ea7ead4b6e557923ce381714ab6b731024921dee16f0774481,BENIGN
38601,625bec741db21e3cd6afb823fb227229b803febe1fa8e4c0240881e9a4435387,DDoS
165315,3d721735c18d0d4b335fefa6c198aba762da58672cbd323cc18d7cadfe18dfde,DDoS
41799,c8cf2d36e7c5752146cdc2e9f47a3e708b11c5fae2007b1c2ce74f730261dc1c,BENIGN
91671,7c5a6447411209648ceae107316d93a2fa5c36dde3d5bc366dd28b6a88c17236,BENIGN
66606,98d181d017ac6adab4c118af024afbba1f1945babd9ee6bf03dda8405751781a,DDoS
93177,5282f228a255abcc305ee95e432494bded809a38e8250ae0254b2612ccea55fe,BENIGN
106547,180c0afab97c693369131d36ab20ec8e0a08652803ca91e2a7ae5859046fc049,DDoS
184012,05b73c14236ebc55f8b35d0dc1dcf16528daba4d91eb4c2a3f640c78c7e80a36,BENIGN
133885,a44199c44c3f94a33f8a7c312ef4b7d4d54eabc62fc514c123a063675d22d834,BENIGN
7514,8307996837b0673c6b6fa1efe3eb167a110184313e63e7188cc68a0983c65210,DDoS
65749,8f06b734d40be2f20d90187ddc5c6654653580589f0def01f678af58abe35116,BENIGN
92023,3f95416b0175453befb798ae7c828f719e8bf4b1ea671e76f1c482f0a4d205c9,DDoS
185165,f69881b970a364f66e51892a717aaaa50ceda60b0eeb93a7a9db0b8672cb1648,BENIGN
41902,e18f6a31c04bdb5e59595d01e177047bcebea07ebfbd87fe445e735078e556dc,BENIGN
55296,c913503ad221857e7dff0e82e6a58804cb4a9ba89fc68d16e4bc29794480759b,BENIGN
23884,74b491562a1885f09ef1cbb10cb42c0dc7cb8257bd14e648dd250b2b5b717f60,BENIGN
124094,002e6be13460457ae77398609f9131d4ade0ecb4a6c4edf7e2e2cec4b0222051,DDoS
198513,18a653fd565f1e61acc5a9a0079abc42cfcae5ffeeae8cf194637444f1ab209a,BENIGN
9482,496b144d6066a8b5d9ab5dab5ddcaee5aaa293c7bbbaacf18e61c259a9c81ad8,BENIGN
124478,b7c2b9174629647eeb75876415c092f91898a57c8641a94af4005c86eb68cd96,DDoS
173088,f4a84d39f2e027e4c57c4e729d4073f6fa216a27e528675014e0a34a8de15304,BENIGN
147563,0a09b27e14666cf59a11bf67de95514c10638fabfbbfecefd21603574a46d94a,BENIGN
157637,a44aac420bea1e730771432ad9775b9d2d9b8367e192f87d270dc21be4cb7973,DDoS
183368,b2cd386e8a54e5e509a3f834e2d37470e05398d8480a5301e67e5c588de995e8,BENIGN
81539,e897a4a1a7da2728946ea59a3275b76ad70fa01dd61379b7e2680c3ad1b64c17,BENIGN
204997,d41cafcab23ff1b8ba11566e74fb1489c42a5e1a05112b3583ec877fd5734a7b,BENIGN
47412,169aa5272f2311891812ec99eb6e7c174ed9a4ec15fe98da75c9429e1bfdd6ff,BENIGN
57151,8da98c4e9b3aff8680ab63c819d6a465e87cb02886db4489e7523dbb8ecc7fae,BENIGN
131064,983102b33dca5fa49896595d80a1a91ce4fbdf4f1acac02d91c3774a1deddedf,DDoS
27789,fda5ae0eca7704b76f073a43b30064ce7aadc56ba3ad5cd3f78fe916212c5c11,BENIGN
87908,615b08aff36fe32719857686eaa01d0217a8837f3af758b2d1bea337add7dc79,DDoS
141223,caa24a37aaf034ffe397a6f5bd2816fdd6c3540f9268305d6b852966bf43fbea,BENIGN
43315,8fc026b1f4779775e479a00c3aa8c162c1895967a9da65cf216fbcf035096a67,BENIGN
184499,e95e53d58b4d794e6f7f3f1c3ae73a4cbc4885701db0d0d0e58b9945081fe210,BENIGN
77714,9481d598c869589bfa3b8a844f415be0a29250b53dd216328568d1e554680a2b,BENIGN
58828,88cd219b5677b2401d552d5234206fc5ce8a62d045eb8e49e9fb6464a80f2e5f,BENIGN
169990,f4f597cc6e99ec6ef89e7f00e852693c9c75d2cfac9526f0f5b448fb02c69ce2,DDoS
103257,29340ccd3f5e9d9a72af2f026c36aec9ca597e1e77f229fe36a07a644dbb6a4c,BENIGN
170592,1aca21cf49860429fc91ca2850a1a60e35014ad0ea1f626fac233c415b442b7a,BENIGN
204186,c3a4482344d3523ee87399aef5fa12b3651a04d0bbb7eb9b7f80009c0531ae0b,BENIGN
100748,fd0867f32318911f324958d82d2189de1ae5fb520a14499a7f2e2eae91568a90,BENIGN
100641,253c3fc52440a60184c441ea6018bbbd9ebbd6fb982d061244a9a8f1ab0550fb,DDoS
89564,5d8a69a4390547cd1e132aa7e8c3dc64db131094f722b481cd154f7fda6b3b99,BENIGN
126662,0256267461e06b6670ea246b52a2973684df8cce08da90f8532af36ce5791c43,BENIGN
107709,9ef36c29ab0f073dd5f3caff10f522a9d19ac94fc7f76f4061b710e9a25701e6,DDoS
209219,faf7cfd60a7b6fa40eb5a3cf0a8d6fd0e419e348f55ea23e53d4d21389c1dd34,BENIGN
59040,2261419a2b2da9598040f54f57cdb3bf17776588ca40e9f6d7a656761609e389,DDoS
38370,0aa88e3442f1456c2ee0f88117cbcf4113f5518111ead8092b92f29c20b90fed,BENIGN
115274,f941b89d911605ac7fd2043ce6c580cbb7ac2324ef352abfe6c0c18408326526,BENIGN
154521,03a3270ddb83e4ece9ab478bc20d3f3da3270ececfb565a60087be69e77e3849,BENIGN
185203,ca8eaca4045c2a0070baaf817b1181283aa976310e54cc105883e6333957f6ee,BENIGN
71445,9ba5ce2b7574cc85a462fdc1dd0e1752b42f43bb1db90c469370241f04194906,DDoS
119804,4ed69af58b3ccc4bd3895684f64456869ac360a71d737cea5c905aa699214c8b,BENIGN
105637,5e276a786a4a90b5ae9b8891a3aa4183474e4a33a5d0bacac5c05f5789d554c1,BENIGN
200885,3a451a3ecc502271da3efcdc2e563472bc8072c14eaf930de105d9876881ceeb,DDoS
110689,62253cc8000d61952606ecfcceecc24edf0b4b2d8f9a96041364b5f6151507ab,DDoS
30940,763d9c3a7b524cc49565e31107a14670fa75c6b288d9749e7080740cdee11f13,BENIGN
75638,27e69f17987b7cce7da79b89c91221bf624809d89dbeeb91b9cce9404e9d2b11,BENIGN
134185,d1857aabed7c5c8a9b2ffcfb18cc983833b4cf0e145a543824ac1f699ee6b888,BENIGN
84344,95d7dd817f538a97280c32cf1bfcb20f89c24e27a90b86fee78b4720f6a30139,BENIGN
192983,86eb57718fe231f8bf011eb9bbe751f066ce18ba22e6660e7753f94e3f40e267,DDoS
131873,ddd5501ebd51e06a91175b2f3a1de04d4f8e10b9c2903664e00fc0fcd41f0ae8,BENIGN
100731,719e1461bc27387bfdf3f05eff6a90d5596a672293429a4fd44ad901908478d3,BENIGN
137453,215a0faaf86a3eebc6c941aa1cf674f0825cdffaf6d6499864306f5551c7b2bd,DDoS
187338,648a8a6b80db35c53d8d5fa961958e003807c7c282f92a8cf5df8b29f9f26086,BENIGN
175164,eb167b78f85f32f85eafe6c519f8cd26e6bda695b2717299ae3ac52130d3b13c,BENIGN
156401,f2a6921c02971a35c29417fef1aa1e003dd2516789a4726a8ded68222f305967,BENIGN
155861,b304ab22dc00f0bf9c0f305f0f837e64374d231f29a5b0ef8fb4c21d03a8ca78,BENIGN
3279,986b265cc37fc5dea5047c632fbeecbc9ae90a3195a9ae94c05bafbf2e5675fd,BENIGN
151434,6525bd0b100d55c1a1df6987b931d7344220dac322ba0751cd8a7a6586765e4f,BENIGN
152567,256c39059a1b2bc7b1d7fde210ce1436a86fd1693a8880db837d5665bfea9bf9,DDoS
207257,02d4425b526a5683e8162c7c2f9912677b2ce4e12b75ba83ed917abefaf7c0e5,DDoS
26760,28bc2f5f0466504040147e7213e6b0d8600c6191811292ba33719549e894c5ed,BENIGN
15211,f6f982ff3d5262b8942282d862ab4a2ac4028b169d0da766f922392dc0b98196,BENIGN
60924,b78dd50f03bdf74bb0d278412d112128dc9fcbbabaa93b1b9607108f63472a81,BENIGN
140191,2c15bad6f32d84d103425ed44b3f3958bfbc8decba14cea851a1161fdedabe30,BENIGN
166937,cacd23facf5448d9d87b520e424f8b289b9abd294993da96890ca588bb25c7db,BENIGN
104212,f4e61382588806d80767bb909c1a47283953b5e3da8ce524d0fde26b352857a5,BENIGN
134523,df54b5d8e5a223e8354e6c17c3860e463d261f0ea84b11428fd99c83b445b4cd,BENIGN
108106,96c2ad6e4cd3fe59c8898c64d9c211ec6c21499fb80a2d81ea447ea96dfb06f4,BENIGN
157427,ea692c983e0ce619ef2a7e3622897ff02cebc28001d7b148a22636ee805eb963,BENIGN
69567,065b1391ec8e36fabfa6e13d6a1ff83718a17397b62c93b853614ee45e175c1f,BENIGN
176603,5b4b330c6290113dd128bc83ff9497cf2d6f680d4e1cfd5602b34b6c07e8b654,DDoS
198008,ddf81a1a1d876089cf1e9ca5fb2ad19403c57f666e69503284cd5e550a73ca9a,DDoS
417,8a6639902919b7c94d3fe6228ff1f1df7bc286d12386fe58fb75314d59e507e5,BENIGN
83247,bb3878a58a8069c75fbd7c0c70cc8ea632da233e0d5e2a45910d34e01ac3d111,BENIGN
120333,f6765f3e19119c1cfb89dfc68b4f3346b8d080dee1bf3c3a607884675c2d5397,DDoS
29843,06102df776e6fc4f11b2902c173f3fc81115f23bf3a3d8f992b95db416c88229,DDoS
143257,f86ac3707a7df3012c83843eb45982de3b5bc583c1a02a61bbebad32c08c8d34,BENIGN
78253,c3fe96be8ea8086edfd42aa054c54114d58b04f08b0fa5d5b5492e1860919bb3,BENIGN
167742,d93ea5ff7775ab0e814cfe08898d53bb8eb5a66d9ed03f3754929b05bcba93b0,DDoS
33067,beabd33faaca462187be703da4484af6e26f95055843d9831c964c3e274ee83e,BENIGN
142424,d64d4aeb140540d91267af29a828cc9641ad6684649341637c220940faece7c2,DDoS
81461,1c842e5dc6d3f89b0bfbce7cb465ce418bddb4adeb7bddc4faacab43b625c990,BENIGN
112798,ce2c89d796c37f25135a2d08d002f637d423de91105985d1586be2fce7d5d16f,DDoS
133621,60e2e681a9dac47e9531f7806f055aa258dcb2faafa86d97ebb914db0063cc9a,DDoS
120298,c30d18383041990a86c96709f3e833523616c8822836c666d01b880381eac2ca,BENIGN
113641,a57a90c1821b4641ba94b15639cfc34eb14f006c40b6bcc96c49d7acb3bea358,BENIGN
53636,9a31ecb75dcb61895a67f6b84c124cd7734f8a6fd95b385c623c224259564f83,BENIGN
106957,26548b681d33d846afcface62c7cbd2dbd65674eeeec0252702241ea473121e0,BENIGN
179236,15779450ccda774559e66657c496f3d5d89459b1af56ed9fc9c3dbf17c4efe26,DDoS
187222,5ca3888abce651a2e7feb6b33a87fd0b8abb70ad1ae692c1dfd31f1a2ec74f62,DDoS
23712,bb61d1010314bb71767ebb80b66c6308e434c469c7019cf856498df17df51fc5,BENIGN
85171,7d60ef964b54ab87b8e593e2e6400b380764e5c1fd09cb2533bd7328239fed5c,BENIGN
67552,198911d646f643b9410442c1a916344203ab18ce10f81b6879f2ac683bae1615,BENIGN
76081,88e1dd16cac5b513488bc519aeee232ea3b29a9f384c8bd7e0fade4b276ab617,BENIGN
158802,71a31f9f4997bb24292edfe6b076a2853d723ce1127c31611f979c33c0bcb018,BENIGN
45609,7984e5132c56af4a1b6c75fe64e109e82294b229b1db03d43427581adf7dbb74,BENIGN
175236,c4e5d543e835d9d4c9b75c969c570e652580b22e84f98baa2ab8707fd3052e27,BENIGN
124514,60454cda709d0c19bf5bffb01e56f0cdf318cb4a4db0676a9fe9b6eb529fe9a0,DDoS
175444,8c341315ea3c9a7975072b5068f419082f6030446607db25a824eca493775ece,DDoS
35867,cbb04ef1557d3c31540bd5527c09b3a4248d4fe848224c05e7d770f5dca9812a,DDoS
43676,1175cd927c61b527c3b400b10985583d4bada98cbdef0ee97c0d996b3e422817,BENIGN
201175,e711fa9bc38f4af5e303a4d2baf84c215aa7d228aeb82a710b851d8a9aa73b70,BENIGN
33393,c24acad8e8d58f7dbc1a7eaabf2f5a614fb1ae7499a74c9f5389f52987dc07f3,BENIGN
180985,8b51753c64cde044905b063dd473938672b1510e19db80be78403f75e1168dc2,DDoS
15699,6b3b1e286b3974a2a8cdcec694df5fb938b86d79a134043c3a94849c95aae3c6,BENIGN
147749,0778505b8d8312994d51cfb0ba1b8b2670eb1d8a559609881fc7da617ff958c3,BENIGN
197265,ab227cc5b44a49294d9d3a7cb15d9bcaf8df1d17d8b0c8847056282b3f9a7a84,BENIGN
46912,ddc2150c494c183f950ab41a7addf9afb6b6e1c0004562c32f694fe14ae309b9,DDoS
181668,9e766d80ecf22815fc4300205dd8a01d8dd1c53a335ebcd375cec8dcce786ee0,BENIGN
147574,f66c5d7bda7e74b422c56dad7ac3a28123fec14d09d18176930a76990a70b99c,BENIGN
42436,755a2c2b6380d3856e01fe8d0b3427cf9fde97cd7dd6dbc2b9119a8927408416,BENIGN
36771,1cc69a5271db274af51643c2c529e53bd9e7295f959e871d97d8550f32f8377f,BENIGN
176076,fdb868e9fab1e5efa0d70f3ec642daeb3ec03a82865b35ed54b88c833aa4e96d,BENIGN
153964,350ecd6b265d81e7ad5b1683076f39b0832a98abab16ae60f0ac3ead45c41387,BENIGN
23786,96be3bb9b009a899670ec29302862a0c042bd0fce4d08f56bc198ba8ac97630e,DDoS
115803,78fa5b666a3a6f5b03a741f8ba32a2bda81a9d076bc99a236c0cbdf54b2d62c5,BENIGN
134055,6cd7cc8310a0fc1b4a2f2748ffe0f5c095769dc4b0b99c4b735ca765f4bed341,BENIGN
77247,5aca7ec85901b991c5f428a33c2c79fdfa702dc9e7c9e9c5239c05b5c0334be4,BENIGN
111208,ae2f02220c69ea4d67f9520669451aa7518ad311f78473d2fc90053513d6cbc9,DDoS
62406,bdc3abd0263e238d381e0377be042a3896e5b0c66c76e36af2b1818be79bb3cf,BENIGN
63185,7dbeaa474bc45f224e2cb76636679cbdcf70837ff7518f3e118fc00044b62138,BENIGN
8289,e7ec2eaef473f4825065fa717b4b19dcdd0bdef42263b1fc7cb3f1d429dc78dd,DDoS
34048,d03dc17dcbab116334c7f5df06d531d958e6b413239e09e8cfd35e3e8c5ad510,BENIGN
73831,db335f17e19137a82aecce099f12f2565212c7d4bcff60758b949ca68d8426d4,BENIGN
126954,5d38624fd01b09d6a372a6dcdf1964730c23039780ca8ca196d84751e96ed0f5,BENIGN
74559,f9c657dc46e06b29a0860a2f18a0f33e34c023de2f5f14bb292d187064503705,BENIGN
104825,3e72d127d0b06f2776a99a3ca46ded7517f7a026a8b92a5e2d8f3969f731addd,BENIGN
77254,b88e4fe8405befd89db37081c40ba0bd33f3146e0c17ca644e3dd67b548b3368,BENIGN
195507,1b66569c8d5b427f3d41600893081e13052d3d0f0ce815fb3694c7ac8a795b0a,BENIGN
52542,d4af4424b9e10ef12ef393096811b3f32b4abc7aef1ee86b666682a2bc0ac4f7,BENIGN
174666,94f0456ae3af622fa4611f1305cd64ce89aa6d268c46fe53a88a8703e59dea3f,DDoS
207041,88f889dc6cdb5d4d3e08873c5535b1e87883b406507882748045048166ea2432,BENIGN
205528,4e6b48c8097d7254d43280861b8cb65cc89121c249b1cf3473146a7b9de00d3e,BENIGN
177291,f3174e6107ec6e356ca166f98e7453f3b901219e039ffed2e81dbfb5d7ee0b64,BENIGN
180213,8bf4ef26a2bdd6ff41eb888ca3135c5a6f2e3b644a9f4c3a4ea9f677f3ff6cef,BENIGN
147180,ad6e2ec8f9ee5aa3637b069cfffae0ba17d460975db3a8a8408a742346bc0e1d,DDoS
176616,91e08aac490e24d44ffc4cdb253e1b24f59622f90c3720b345fc16411ab85292,DDoS
11266,ea95ad19d7a0ea9ae235583477f5dbe9b8c5dd7cf54e62d11c601cdf1d580a48,DDoS
57684,54ce4edca74d36e26179413a4961da863837236e5855522e2e522067ba142ba4,BENIGN
181527,151ceac5a253e7478e8c7d8fc81c972f377b051ebec447fa79a594a7b0401008,BENIGN
22109,fb6470a609c01a697ff1098dd30e27d82192329fcb3b9e9792d2c0f758dd761c,DDoS
147175,155168627e0589009578b01d5e4c65b17c8ee46678c15ab6a74a13f95875f20b,BENIGN
110650,f8cfd8a68419c43121b7d07d24c04601055322f9a048090c14e3425e49705e16,BENIGN
168097,e05e15f8afa03d0044db02932cc1605ed78b17e41dcf45079ecfbb8a70b59d4a,BENIGN
119730,9c94b4645f8aeaa2aefedf6929f335af1bd50bdf631ec11264baba47fe0ca947,DDoS
22660,a109137387cf9741d5517a3e6d97798b64ce8d0e1da70535ca96fa3363a28208,BENIGN
103145,5984ea20ff6829036c8bfff2baff79daedc2b9ed099419dc41b7f057dc74054b,DDoS
183473,3a1e69b1f57f63264c765d5086ae9afdf827c3b063c2fbecaa3f208f50025677,BENIGN
186131,957329a1c3f93ee3a375d5485958f759b8a3cef4fecb038be2a0475da2c7df23,BENIGN
172434,867cb8da28e26596015bad9d050904a862a7852ab70611be310fdb240eab864d,BENIGN
31603,b46ef49d2e1ba539e3da879e210fc22c2d8a67ce6befc9801d8e14a46d67aa75,BENIGN
139880,f5addd99fa7fedc3a0dcbcf0ba7881c4fff2d7f6f71e4b0289bcf40d4c3c177c,BENIGN
173803,80b04130a830e9a99b9b70b03babffec2ea16c86f740ef02edbd282c5029437e,BENIGN
180621,c91b18198fbb6f0001b2243a756ac9b822d0947f33ee09ee3ab99b4f74b3cc02,DDoS
30050,1dfd3eb50a0a18914c652a7e1fac40658b74626f2ab3e57fce29036592462e9c,DDoS
161586,71fa60661e97ce3e69608f63d14b660724ec69d2778f526de6eb5dd7abbf52e8,BENIGN
43849,804bf710349c629198d84aacbbd1d70361426bc74825fed03274e3d00ecd0664,BENIGN
165759,ed98f2c74a4aed48c02028bbce80a437dbb128ee7b8e7534f1df788e65404d15,BENIGN
38674,a5f1f58ded7c8e5660b51f06620ba07abceb94158fc59fbc27008cc761906758,BENIGN
7457,5f657abfa58744e39fd32bfc6bb66e5485276852f25713bcb251eb55ef86aac8,BENIGN
141449,9517b651872b8007a00b60b6c160e94a61d2b70932851ecc7cc122dea9faf17e,BENIGN
95926,44b4054d2b2302164f6a415750ccba50c4cb950933959a0fd05c534cba8ee0b7,BENIGN
7669,eddbc56a764fe682ee17aa4730ad1ed28ab26e83b2d948e8fc55c279b59bfbce,BENIGN
152352,34bb869d72f38e941dd002b09a8692dc297fd295d9b8708b3efa57a131f13b6a,BENIGN
166675,2234caf38c7218410aa43e7c0b1723dc933eacdb6b94d3af314bd857e988d04b,BENIGN
124157,a319eb99f0a8e23362d2e497ba9992467df83f587a6fab6a40f42ca605042c93,DDoS
180297,e94330c86b2e3c359c15b7785ee3f7f9a11dba779b8dc37c4eb16a9f49c10ce1,BENIGN
196858,240a464aa6ca58f6b22018327769e6aab3f2f83c0a69e6faa608c1d457f4a705,DDoS
38853,6606b91a96f9de09ac72b426cfb20b0d3e58baf504560bad8db9ab7e32320ea1,BENIGN
18289,e1faa5e2a4662e2594fc02964144dcca51d963bb9251d951c806b2c77d3f8d7d,BENIGN
101623,3ea32340491d7164b76f84672fa1dd788c2c7ee60c2f4c6eae02ba8c2a89192c,BENIGN
138832,570a7336a1b02ee5d82dfc58614070bc577e72af1c6a549a4ae89032438edd8e,BENIGN
126065,7bdf7cc1c1629003cb834d73ede9adf1be2dac41f6d0f5e48196e6891983b614,BENIGN
63905,d8807c110cea4864eddfff3608af6b5bda8e6dbbb1c697f766293d7a0719d4c3,BENIGN
177960,9a664ab5c97cee96ec41a6e285c39983988e47e7a465968bbf773d9389fce39f,DDoS
58522,ca4ba8bca6e4935455534e130241b6d75815b9e666cc36f88bb4abf8687b0af9,BENIGN
103212,4e220679da9b54c2bb387b5cbaea452aeaa65b1df46b527dc995035f894f6386,BENIGN
153094,1bce7aa1960add9902655b7d034b34a5b6b479ad83e48885b7acdf280a6c6b6d,BENIGN
23904,a342d0a37ccd75e600d68b1e730f6d0d92efea254199a08e22564be2cfcbd5fd,DDoS
111957,179ffda4b2f66c0e05748d5d07e6527504b9509711c8db73c0818da96ca25c2b,DDoS
57414,524ee37e2b3b325faf5f1e7125816beac3d36d28ea16313f03f24ab95fc1c53a,BENIGN
49737,7b067a9471c065dc70e2bb68f276a3b19457d524391d394de056c8c862af635e,DDoS
69003,fbbcd40dc0b812220142891629e1ed0b8812d15e9d22001655e8308f21cdc885,DDoS
28539,3ef5d609f7fb024492e6e7281df3b766478a4dbba54b1704597b717e3f9bcf7d,BENIGN
184243,570f78100fe7c264fd8146eee60af66d71c29733e3b8fe94c610a0404f159524,BENIGN
189662,646404289fd7c4dc8fce872725fb7eb2293a648c23b1c561b297c406dcffe358,DDoS
7125,175ffcdf056129689c3292b93c9824e082b3b475463d0c31f24d5ce712f74904,DDoS
21462,10eb360c2fbd2fdb2bbd1bf89085c2b1462212da4b6aeb6c28e8633c5ed0fa03,BENIGN
22668,b6994684e674c64c21e4627270774777e8553f9a8a5d89535c583e2e31918543,BENIGN
75214,00c1dad9e0876b27ec06d4f6d9509f819962ba7ce5e49cd3d1015eda67a7cd78,BENIGN
207477,6287698ee4ddee52d12fe4c84e51f0fc681de05c837163064b186751a64a8785,BENIGN
35469,49474602898b30d5107b5efda375cfa0ceca3476f74093142acabd10db3c5edb,DDoS
58801,c6589212b8d2600e09a0cff0f2248e9f1ab3a5870653764b6c87237d44050167,BENIGN
150967,5686d8699f82ff64c5f9ff47350e778f31f5a09ffcc980ad894f628821d6a201,BENIGN
173431,33c5ada4ce35e842e70ec418008fd9c22df9ebfe7df89b4e900dc27e5eb24d79,BENIGN
118443,d8b9f6166f4fb75a408f527b6e860fcb168eb7680cf1cbc74fc57b1d2488f747,BENIGN
164029,4960a99b58e4dc6ff21e8fad23c44b2c1f41c938bbdc2204282000ab343980ba,BENIGN
82370,b2031486aa14dfb5bc0da01b9d605f8d4d5b85a2ca32cfdee88add50a896e767,BENIGN
135772,74ee48d495113fc9abf0be7d222854fcd8853e9e4f44302733c7d47932212d2b,DDoS
17611,01e6dcbc661c17443aaf64e70c55328e6c1352c50499ac08a25faee5cbbec9c9,BENIGN
8767,e73fb87763f1a130f7a42fc6240904bbdd19c682ff954fba69f80d1d5d9fd32e,DDoS
23494,d05f8d43dae43892bfea7401f47c84868ac204425dabcb72aad353cbb99011c5,BENIGN
107074,9622791b6a080ca6c3f07b453cfcd5e0ebe255b4e560ee2933c0ad0e71c5dc6c,DDoS
13326,25f93dda4ac7e5c32c83f67cbc6299a0f2d15e00decb94d3dcd30e26481ac976,BENIGN
160004,e4e855f1201a14615710e1c01d5d9728ad29721958082e13be2eaab4087878c7,DDoS
41989,d9322cb50a8ae72460ec15e97974d46bfa8a276e228c6205efcad105226c7730,DDoS
34083,8c39e83aefb2ef58067babdca31b9b35b7db0ea7ba3770123ebc29877dce81de,DDoS
135547,77fd22827ffe478115920f579abc5f687cd4a151c3a721c4c70cb88f7a937fe9,BENIGN
162144,991e16cfaa13b130a9cebb0aee92f2b963b45c11420d6f81ff0b5838ed48c376,BENIGN
36809,d9265992b55f3ec5f89c5fa7310cb6b89c904cd0931bab9b99de22f74c013f05,BENIGN
205808,284af38513aafce97ba3243eb7fbb070ddefa5910908993f27445c9bcf4e66d2,BENIGN
101839,22611d48824c2f3b8028e93a90c0f384d9e79561137c8961ec943de5f7515841,BENIGN
180965,e90264c081e59fbdf9834b1bfb4d4aa69103243e84fd8e5978e57f18a396caee,BENIGN
133389,946f51f029645e65991c9e8127bf5e3b277dca833d54ac74e4d4dc4a74e74f46,BENIGN
90923,41f5f6696d53956306bf5cdd975dc0fcb37df4afa79df82bef7ffc95dc02b647,BENIGN
157802,e0d15da1b861e79f3f6a60d4ea68a870d266dbc4f44ff3b4db6c2e6e29b25bc9,DDoS
21341,d1e34c293dd0310fb0e0ce39fa6e56aeb7f5565088c9432456a6f0db4e493476,BENIGN
8233,143e8e944ae867cb182850db18603d8e09e526313e6bf5f729ea26e8e6dbb6ea,BENIGN
18188,025c1d216199553c58f987bb85ae68ee2b71128e084fa6865d2889e73192d398,BENIGN
34964,f408f4438329d96f4ff327b0a74d93b06efd9628014918155e135df0679a0c1d,BENIGN
121611,ace96caf5711e86b233a2f95d03190fafc8e7ab508994b7a248de55894ebd3a5,DDoS
143610,dde8d872174650c60dbd06fa7eb613479c6cb0b57a11f6021516e1041233e61e,BENIGN
53681,794d986a67eda7f39c19f35398839b09084e79a9c01d47bd5d765d95cac32844,DDoS
150514,4a9d8dcbf14a682932a6f6414afe76bda6c84edec7b6d5a24e1c24f531d9f6de,BENIGN
138915,1bb5595518a4bc2f73d4391591ebece47d8ecdabcc021e30bf02fa5721475c2a,BENIGN
200159,f7c25274fa520e5a0965512825fbabf1cb2343ca35c9ed403483eccc6a6e976b,BENIGN
116228,84f3c315fa1f74ad184800d21dd05b6586e506634f6340231146a1f6eb10635f,BENIGN
40421,2f7d7ad9f83cac0a8d6266ceb235447d62e5be0630f13fc21c6fbdcb3e3c2828,BENIGN
200324,84f6914a8907afa269453aabe5e1c85731e6996241fe197c836b7203eb326409,BENIGN
86644,7d274b3685630bbcb8fe6c7e870e0113e437be7b1d1ad72ad2c7356f9849a339,BENIGN
26521,a2d15f3fc3b8d36de4ddec94a1ac0aefd2b3ed7e443e19f5dd5319a9580e770a,DDoS
169662,04c9ca5932be292de9fbd8cc4f83fd825cdb2df80c725d1826e5b042e1799e08,BENIGN
157743,238162acffb5402da172eeb423032ec9d286de14ff77d72b4c5a0099cb716bcf,BENIGN
192075,06117f2704c619c2f7d868f9b18c40f7cce3808a4bf231be63df4336248891ab,BENIGN
157432,8fc5e0c4032aae9741320b4de8f952405e47ee5878f6cc66a6de67374b555e03,DDoS
173092,7396590659c74253fb23de0a594c84e7e497a779557c10573bab266fd09fd0f0,BENIGN
148485,fd330b28d52aadacf2787e7cd956066dd07fde501d1c5afbee43c5b4957807ab,BENIGN
88702,1a44b263e72d9316b9ba5619b64001d3114444b85d64136bcbd8303785036975,DDoS
48850,cc5f947ad9e471bbe141bd01a7eb3f7d4351d6039cbe3e0cb2102197278f9ffa,DDoS
125147,ab662edef89ecbc443e1eb25802b410c9107f7a2c6d7452f2884c049900851d5,DDoS
52480,109baafd9e8e07e63b4604da4d2365a73cfee8a0e0ce8eaa010964b0a15bdf94,BENIGN
10634,1209a46cfdc55b1a285001d1c5968fc6bd1f387e7e6098aee7129c63c8771d6f,BENIGN
50905,39453e5c2d4aec097ca9833578615bbaff8246afda64e20e983a181fd0f223d2,BENIGN
143767,c367d0e7cb6a5e0ded926e34afb589d24f4552b162580375f3c96c4726e2944f,BENIGN
115588,0fe8992cbf33a7bd1f720475cf743e80a446d0d9606ab27c7388a5a353b5188a,BENIGN
110514,d5a4df7f044901eaeaaed6a7a86aeee4fe415840ff5d3d5a509db9aa54de5638,DDoS
171232,a62af8e7918673d374c29bd817f2ac841e5cdfc88a9f04e38fa5c1dff624db11,DDoS
149474,f1193331ead597cd40c689ec8a7732e2dfdadec6e78ceb1caba8540df101de64,BENIGN
36607,28526778dfdca0c695d2e3e85acc667025da1f9453d66bcf0816685725a2b127,BENIGN
113495,d94f564621467f9339ddf454bf3cdce0a8555ab9cfa01ff77d5555baab1f657d,BENIGN
208608,9d893bef0a5c1c99fc7812a41acba97d05233b70588d15c85d461225d0a85a42,BENIGN
134952,7c87a57aca7bafda2d25b67e3062f393e1f135841243b7399040f90d4969715c,BENIGN
167146,3a8de4d72bf0f4a39107b61868ae9ae2ff56807e93a19ed5e961be6bd2e8b29a,DDoS
155933,2907cfbf439439f25b4e3502a5adca3c418517399eb25038a813e690761cf6e1,BENIGN
25989,1cae2ebe00dcb36326b99e87fcc6918c6b3045f6c89cba4433697e80e27976e7,BENIGN
140476,b82b0bfb966e3e1e07755e73add776d6676384584211c39103f3eb1aa89d2410,BENIGN
159986,fef99f0814cead9fbc4b9fc49dc81f2a11020533eef9cbd241a709c5737a6f95,BENIGN
129535,72882a1620e8c35a125b0a689ca40ba595d9c1372cfcf6ac8fa38314ff5ef3d2,BENIGN
95446,2333d2a2b50d0688b5775b35dbbfa2c23e620dde824acc74face9af11d619d51,BENIGN
134878,18163623828069d825a519e1914d0251377d28793ed76fc7375954694dca98b9,BENIGN
80214,47552ccbedfe8439100c16ffe2535c870ce4f9db4f168e792ce610c29be5d458,BENIGN
11041,7d94effc6daecc6ffacd62e23f89ab9c42e8416c1c44b258784794e8e5bce2b0,DDoS
170757,1d60c0a86f246e654287ae3ca3a6f22bbe9eae879d88728d658112f1f5f99b19,BENIGN
170169,0281ea2a52e5da8690f6c13defd288a46068d11bc12b3bc2ce80e67b9d566eaf,BENIGN
168087,502a858b5fe8076d7dc3ccdec7281d0ad8f9a366c8736a8d6c3c280d7d9eebd0,BENIGN
1862,4866c7d66620ea170482ce96b8dd5867df7de38c62fb79cc8fc4d865995f6978,DDoS
99662,ea0513ba3bfd66af0377409e418ef7ee1e2758e36b724a058108835bb77c932b,DDoS
40131,3677523ad691a233721bf3616ee389972c4c0fd98491fd0fceea76cd7cfdd2f0,BENIGN
172204,514dc54a33f254957b53f7622defba0958853328b4edb25cece84a2e90ef9ca0,DDoS
204008,da69f8298f4a75f3d4a72727cddc13ec186d8fde602a6ab3130e3046844fad47,BENIGN
36752,68068fe2bdb76455e2b94fbe5d34309e1b3fa18f54cff38fe8ebb006ab280c70,BENIGN
37856,a908632a723a7f28dc04bc9f3eccc1118f826aaec7e3014a00692c319f3ba531,BENIGN
173278,76503ea22e9cb104ef031450373dc95dacc2911ff974e84a3f7d9d774e000375,BENIGN
79777,f05cbc93633584b2dc891834b5e81cdb6724103178462689589b5991ebc85186,BENIGN
179898,5b488c0c920b2650240b9dfba51d5084c78b9d9e715d4cb586c809959879c1ba,BENIGN
135274,658f67fbcb5fcb96270500ec12d226d122c36dfd39d3158705873ceea278a875,BENIGN
69865,e7e3de1d63f1cb292ee94b74660ef3505c7ea3240230168337b5c9dac2532b1f,BENIGN
90083,b33dd114da2c6a7f0f24f2bdda24f0e6a47da949be462832596930eb3ff724a5,DDoS
152093,04a0301988d52207f36f918d6320efc6d1c014f8d683537ae81ef96c102dc4bf,DDoS
154824,f2e2fe74d46d0565a871268b1f04fe9393e0136321c288ff829a62de5d0cecf3,DDoS
77651,88dcaae3743e27f9defd0b6668e3e6d74a27a0d5b9b7a9075dd9c04338d137aa,BENIGN
157371,10d713db3bf0a4a747a75ed19b0cff3b3f94ebeb88fbe68593f3a4ef14261869,DDoS
201071,207940ed26f31558c1beb3a314cb233988d567d97264394c939ba84fd18f5714,BENIGN
71206,77a7aa19ad1cf12849fb60919e2015d51a6c70e43179aedfa367a1567fab2613,BENIGN
209802,4f716ff23e0b42a9b5deab3fcccf4939ca63a04ce8af428cd3b9acb7c1323caf,DDoS
85671,604977395e36e6ea43738c643a3664abdbc1deb9de960c7acdb33d5d17fdb650,BENIGN
153135,8893ca1e66705cdd33031a84cd7d05cc11ada95e6559ebfca8542ba340a2ae12,DDoS
10720,d5604bcd4170811be94d7a17733cdf8c5400977ffdf41261dfdcb7bc3030708b,DDoS
88437,c23f1adf92083602e6e78b4b6d5fe9fd24262d3a3b7ecb1e3b702132244627fa,BENIGN
63616,3c41a3a0724e179c6bd66f169d1e1e0b9685d141fef8c4839c5b3c032da54cf8,BENIGN
201894,e35f4ec1e60f0c6d725e5fd53a8afe16b6b86b1227ce782bb4622970a8a02448,DDoS
204727,47900098036aed00c83e7342f1f1a3a17d41604fde2be8ac088f86a23f5c6be0,DDoS
2026,3094081bc76cdf00cc1ca4d7b0ecbf0dbd9a00dbe1cdb6d7ec878aab0d986813,BENIGN
181151,b8eac97d17cfb1cbda812c98b55df9802b658540bfb29206641dd6a084e1d59c,BENIGN
43186,802efc5e8a547d2814099d723b2755ad13409f054620cd44de1f203c008b77ac,BENIGN
185188,2bdf794e3e9a3e6eb0ad210744eed826cb82a4739d2649743f4237c49ca87b83,DDoS
142932,49042393cd46fa07ed80af53162fb271cf2175fe760d1cf79d2c2d612979f549,BENIGN
170820,17967225336073c984268081ede68a837e3dbe3c5f7a813642a0b2d2549592db,BENIGN
71489,b842aee2b055be5a82940862458f503e5bcb20f141df40fd657f1acb9e8bafd5,BENIGN
63951,11629e4b57d9589530e57086b3349ac8217107b98853e65b4a9bf558b93e37e1,BENIGN
50275,0c22b4078cdf41613f4a273cca8eaa0dcdbd2c72f90bf92c658ad10ace5fefa8,BENIGN
177609,df49d4d9b7ce5793518b13ac0f03130d8b74809ddcebfe2951b6a74afeb64d55,BENIGN
26567,78f07fa4a2d4712895e801f01b02c4d9a211bdf1db089fd44a8907128ec8e672,BENIGN
17753,cb332484d6a8d4f1efd7c6cb96cc7fa509c3b36a052dce1debd1f1724efc0e8f,DDoS
169553,70129c1eac01792ecb1d79db8ef2b4c106885884747ef7f6a1106e8fae8a462b,BENIGN
54271,c6bdccd49108cd6aca569488585099176d8a541aac8d7285cf3bf4219f64c50f,BENIGN
165996,101187c9e757bf822274ad24e163321d8066efb770df8252d2dbd47412ac6f09,DDoS
56747,05dfa92cfedca4823b5889242120f0e38ed828a97c49af6f348361e6472de2c7,DDoS
183980,6a4e54730d2af404832e188f6734a5346ac8acedbd04a3410f947b27aff0e94f,BENIGN
97740,234dcf6f6d58f74ff3042c5e3265cff72c4c165655e5069e22a3060328e69b28,BENIGN
190151,2fdeefb9a0091b2dda80e3fd794b9a3f61707c9ebd3e844091950fadbc043616,BENIGN
8827,7c2a94516481e78b5609886dd70dc1d64a8be3e2e70bee1dbbbfccf3e03896d3,BENIGN
41680,6aebdfed5202d7969cec48d7f0f24a28ab9fb8cca0d43533c5cb255ab4bec77a,BENIGN
166466,e5c210fb45953be2f7c0c0b69edd177addcc551ea8d810be8b644747bc66d8e5,BENIGN
1012,3d081a463f1d20656ca6fefdd78e3d6001702603e0e7ef07dc7e3b9155f7b55a,BENIGN
98554,caf1158b6faa6b12e30b204a57c1920700f610179540f84530ed5d5603056d0d,BENIGN
72931,2a3558f36628978ca4eabce48de44b8573d237f519988263a5a9510e0403046a,BENIGN
184047,f1b2fe87e4a8041d5299bdac72e38c2c6d29834896a8d67815bd5cce85555a9b,BENIGN
73807,dd11268b152e134126c5078cd7b4e2ac22158bf037dde32445bb19bea03e9178,BENIGN
124446,cee245e9bb2902e38b87b0196dd231dceb36b5882c9c1351260bb5c1205b01eb,BENIGN
55262,daeae40a7e1e78021af14e908b3e6853c0113ec9dca1954420e5e31097320569,BENIGN
177687,858d1a7af8e94debf79ac19e61b27e47a58d3c3f2b6b5d675c64ab02c01b5fac,BENIGN
72469,0e3e6a68136a8eb611e7af0b56a8813ad232956f54ebcd88eb47fa6682f96171,BENIGN
185724,8b6edc5a7f639abcf757ac82a65fb7d1d1cb2ae65d4e37e502b1ac489f8b28c2,DDoS
17425,77ea623b83866fef82b4f70c1d4404c319781b325676727781b1045e2de0b22f,BENIGN
148267,f71d330560dd8881d243cdbc472c09ccd83e50e04313e6d8f2dc7cb61331257a,BENIGN
33244,d7f8140a990659851c0b4c3aae7214d1f4ffbe533a1e62ac00aea4800b36bf45,BENIGN
155615,8d7786eaac2c0e3da7c1108bfc20de6ae6c26c487c22d742230f32e7e9b96c5a,BENIGN
68720,cf2386ecd14577c658272cd4399a1951389a5b4b734939506df80848c5fc7b76,BENIGN
167928,b027d690ff90e115a166d83fff4d2e7024fe6aebbf6b4cf1165682287ec94dba,BENIGN
132711,d57f4e7a2cad8dc44d95770bd136bb2e2a0dfefccb4eb3f93bdfd87071fb85c3,DDoS
135706,1b811acd757b047f91b80f8f799e3a54302f76d63c18a3cbd976d904e2c0ae0f,BENIGN
2397,cf9e5bb390e4a41061dfaa77c91bf1e45e063fbe537dfb3366077e54debc81e9,BENIGN
47171,07988fcc86e10a2859e9cc9b0202a9e0dfa15924450e3cdbb316b50b21c323a5,BENIGN
193423,ee4fc593e9bccc118515eee0dc1f04a2a23de3392ce9cc8d9b0194883d80b23e,BENIGN
72943,1de76d9d8121dd2cb07cca4e70a526f7b596a029a6f64e0836dcc8d226c506a9,DDoS
118153,20a6bdbfd0af1206a6823db79bd2e2be1bb6193399df626caf9d3be2cefe7b98,DDoS
97969,0c8dcebdfb713a83c4758838cc5f8efc634e147bf105ef8393c40b22e507cfc5,BENIGN
61526,45f84f4c65d62d4b063337055d3038bd02098930f1023aaa85d84a12ae6a3f30,BENIGN
195600,4910f2ab58461add268dde9856b78ab125f17c782bb0234cd88e7f01a96fdd5e,BENIGN
84697,5e0d658595bf25d5abc20b4ed19615db3eff863ea61879382f16af5303e4f1dd,BENIGN
5988,438c3f527a1080d2429a0828aa9b1da3a460fbd5215521fcd7cfe870a2d09e46,BENIGN
15989,0818257ad1f058f19675f081b6fe8140c3a06d35557e0f5279e7f602be71491d,BENIGN
9305,0b0c2e3cad744043e3a903dd28781dfb7d32765ff41e4ab4ab5cad39f57ceedc,BENIGN
123532,e2036dc5c1ac26717cb19ea41371a2adb4d1d735273a25af93156725b882e241,DDoS
68203,49f1e7c29983d66d5da6e809d2fa149f176ae62d2ba1e4a7c6e66fb3eeb925b8,DDoS
208046,8c7e8118778521b6b00a639e057ed8b2cfc808e9f1804d892641952dd2c58874,BENIGN
119542,f8dcc6d84819f7742bebf873fc4e875f2aa41b05c290c89e160f1140076a644f,BENIGN
200542,ac2b01e12873ff88e2427d1174d4c122994226afc0b5a30afde3130f8357e184,BENIGN
209591,f5ee7feacb76477754758ffaaa79e2dea867373e6be6a573ab6c79561f11420d,DDoS
16180,3f04f229a0ae8131d5bb5f68685b73237c0d484666da9d70a45a0c01e59f40f2,BENIGN
17421,6f4c6599fd2ad2af4366de52a543c0da937b5ff31ae6d4abeac32918c107eba0,BENIGN
89650,8200d7da071e7233b60b27b322a1728c5bddf4f375da65304efe8fd1fc2b6cf4,DDoS
95733,589619ebd05957b16f0a31de6ec6b14b3ffc60771a108ef35234e2960d27db07,BENIGN
132406,3190ccb662d2c59e0d77b56d53012850fc79f8f8adbeb53704c5033b0765a92f,BENIGN
77834,9e8ab7c54f3a749b7eaef6aa70e0afe8a82ca290a3e815ec140b114fbd3e17fb,DDoS
203949,762a00e26dfd75d75f5ed7d2572ea1557878aa75ffa2c6c94d7123ba4f346cf2,BENIGN
94470,f016c501737e420d396098191e6750f143d75f1f8bb7a30fe33c075e47c07c75,BENIGN
119844,6a29b8c2d03b060feff7330905d16783ac5260ca8eb888c565853bd428ddaa04,BENIGN
173365,e1d585a1fd20f8bd3d184d3e8f31f11eb5ec47dc23e9d5eacdf05d3c1038929f,BENIGN
195377,77dba5241d7198ebeecd8952d6a3b0c256537c93e3c47f38537ba1bb98339376,BENIGN
84859,ec49083b5da6e24679a6dfd023e9e5ad9766394515a162c14166e674ed0b6936,BENIGN
116541,0bb4e0ac09dcac7278a31ce94c75fb0b6536657c00bb4c12c6cbfd77cde1de98,BENIGN
176592,c0a8a6797369cc862c3d326305c250d9f87e8318dca09fedf2470653c51d42c2,BENIGN
154113,a966ccd0dfc9c5bb20182341e6c4c4d2750ba364bab18130d45b9000e17a4d25,BENIGN
195501,b437d9d3a709703db66d1cd745e7e54972f2a05b09aeaede098fa3daa65c3201,BENIGN
108215,7148560ef052eb5a00de79a9d7609f15e09577c5ab54eade6361a1ea63df4ff7,BENIGN
117448,3dad36f897f8466dee9677e13afeba2cc305119e30fc428bd55a5ca2247988f5,BENIGN
18282,09e2020716f608f2daf32a4e45cf052cca23168c436ee95e4feb52abd539e1ad,BENIGN
108692,f9d8d594e0d0a088bfd3ccde4dc2741ad375834135c02c89a3dd4f475652b0cd,DDoS
59288,486f424bba69d46b08e6b86fe70f24fd2a8a49c7b9ee24a6ef635bc2125ad929,BENIGN
103498,6b765e6e58080d031ad7563531f94f3a126d6706f5f40d1c1b2d1bfdc9f6f1ac,BENIGN
100605,4356ad801ef649eed088e89c6c334b11d406f0e8316379817951fc54266d07da,BENIGN
4641,79ec2d75fa490f5f1cae9ae42709d0a76b1373b105e1d654916223868b0e4407,DDoS
4875,9ec746db1f4962139949598c5613d5759ff25efafb723493e8364eafba0116bc,BENIGN
189468,42e0e50a46637962fb5ebfc717536a6f98fa807620a5ef7cc4f185b8bc6e0ea6,BENIGN
58904,f7586504328ed00b9b3a19cd165f5c4f92ffb801c7bfe7ed7f24781918b3a6bd,BENIGN
99728,a34834e75f5042645d61a5924876a86066df2a0b09c3b57ce3028658fc61e51b,BENIGN
138177,4121e778ba530e354e979defec1a85eb080b7e2bbc87ea93fd35eb1dee055228,BENIGN
196692,c7a226634acfd30dff547ecaa8d73d03b24f59307ebed0f797cf351b015f606e,BENIGN
82580,85bb8781eb8ba5b4d0576aa5944c47407b2a25fcefd69ffea9b4c8d1f8278def,DDoS
58900,f4ecb60ab7857d3d581b6dd9e9026fd4d8a626fc43a8d01eb24303660f1c5da3,DDoS
62024,13ea592b67a38239706a457a6ff7a1a135e0bc3c8fd610f2f5e955dd1bd8d56f,BENIGN
79838,aca78066aa7e19601ced4e476e4ae267c27ea8edb088598d534ab208a3dd9265,BENIGN
41673,b9b8881b6ce94c0c4280488aeb6ab72e08cf9d5f114c20953448c3684bb5b835,BENIGN
187606,40ee412c5fa27e09cf73dcf1df0ace0e0f6dd7a5fe97612226ba9ce6c4e596fe,BENIGN
115906,c0f744d21caa2e895f3b2156d6eedfeda07d6d0d21268c011c7ed6c6e70ed8c2,BENIGN
75429,18fe718a449bec5fa2e689c4a969835fedf26dc83f13f1dda008913318351243,DDoS
157282,5df281b65afe4897698670bb5ea40e5a37894a5c36fcd2ee91dae0284de1696b,BENIGN
147543,1a9bd6181aa82814c05df6fd3c34d45260c6527af02af5b4f78f3b9adc077211,BENIGN
103439,d1b50c3180ce5044f4f01e8457118b7d5617a6446105eb0edcc3b67baf93fe17,DDoS
163136,c6c78fd62e66d0cea115523ddfc273b5aa24c774a5476d6ec5923cbb30f497dd,DDoS
15310,cab07eb7a55af158d08daac9080c93ad090254c4442b4070632c5a0fef0bea1d,BENIGN
157160,1f37a0240fe72f3ea7cbd58d41547e9e42f68c9bd41d52d1ac0e514dd4c040af,BENIGN
94402,61e62bc0cbd6f17a76ba641a9b5b27518504cc667bb7ed502369cac123e479e1,BENIGN
17868,ceb00d135413e849155023a8607a6601a4012b5f013dcdd295d8a2713cc057e0,BENIGN
134620,27c8a94e893a657972474a9ea01782932c1da799fb59de15a0d27bbf4d00f0de,BENIGN
65914,39c9cdaafcb689a59f88da8c27b300681909d82230d1ae67951bc163f8d04fcd,BENIGN
118470,808dff6d42c4f8bcc9bddab66823df2aa1abc2def9a9999eb2ce71e01eb70ebc,DDoS
67989,03a7798e878b524473d8a6e7ef997ea060a2223a06181ffc4cc25c3188dc377d,BENIGN
182640,c176d6955de7363c0ea966da4a8194197479da3b073d974b4d382d0aea089e99,DDoS
5692,d7c7f18f5e2d11917f22d0aeaa3940322e801853d9df10f32d3814c91d2d70ba,BENIGN
58384,438ca5a03bf609646bd15ca8e87ee69273ce500616556d369e5de2523cf99fda,BENIGN
113536,3dd7fa7f34243a111bd3598cacd37eb22573e5286450e85476c6df3ea3ba04c0,BENIGN
41926,b10592128b8b30f83de0c066963d7d51cabddfa3aaac5b9dd66f96bf933d4372,BENIGN
113807,6233a4af71a5ee7cb2089b4951616db634a1462354459a89bb3745ac4210adab,BENIGN
180081,0fd5f98310c35b446df6ad254db6430f64b5291b80a5a3e6ca718f2481502dd1,BENIGN
54380,2c86e5ff8cac2a65b4731445bc396cfbedbb1d56f8cc94a9fa86333eec771655,BENIGN
136914,6e6b3a20c96cd9662fe93d4eb5b0b280c3aec46e96ec81780b8a57645c52bec5,BENIGN
105496,8d0054196ebbc018ee8f2a4aae3cfa0d9609912ceb136160680d70027eaf182b,BENIGN
176772,cfb24491f42066bb9f5d940d0026968311805a19c7190c8aa1633b9d32f3323c,DDoS
137619,61058a6b9666ad98e396b4e8db43d19dd4558a7b44ffba9282c8a1d3f6f780bf,BENIGN
52774,c7b58ed2ac985292889e9d37633c375b0cb45147771f135f4a45c262f8f536dc,BENIGN
18631,fac0e50326d417efca1143e21c55e48259e9a4aa17e9cb394934e36d3bed5ee2,BENIGN
76575,874c109bbfb0467ea092804baa66e5bfc9d911b89d23d49368473005f8d0f49a,DDoS
207754,b7de5f35920d978b24ceae6800d2c624d5c52204e013f8e3b8abb55abd04f2f0,BENIGN
190435,68c9f5a51a3705719e7bbf647f304b65e5d9c5cb3c93eba1e67c1d14f73180f6,DDoS
2845,c68273118b7207c711a2fd8594f8c52f0e8d31c9e6b5bf1770a200b05ac599d5,BENIGN
55717,9f234b139af95d97e3b25d84225c7de1acbee54f9e17d90de8bf658d7f0e7b8b,BENIGN
24991,8c4bf5d0c44cf2a86e1f827db95ad3e95a5132421d0da5ca48f4b64e08662594,BENIGN
187943,9a74e9bb43bb21107aa4a24676301480a1ab96159b4e2ea3bb2348f14450579b,BENIGN
14035,e576f9af456d2bfac7eb05e7af35c49675221aafeded46c819d4567a273c9bf7,DDoS
143326,c23f0fa115c246b10046f10638c85de1c0993831ea7db1bc1405cc774d925396,BENIGN
179995,1a4f9efc41ffa9787343b363c01f2a35f6622e28f1effd020fd9b1d1f3ae3ad9,DDoS
87903,9ce6c52914cf3edc7007992082749164758cb286fce43cb43b45db342f710bcb,BENIGN
23767,098184ee453721235b89234ee4cb4cd2f30f43a4a137ccc0d333811fef417858,DDoS
157062,eb873ac21852b3fa759fe08b046eda52b881cfea96ac6758ecf0563ef6b349da,DDoS
77152,d38d0e984b541eb1041bd6e4494c0a6a85c2539749ffcbb1ae566c4844b8df87,DDoS
33685,cd5094075fc946983fb39b909a086962b8bb2ee6525c2dbfcdf69162b7828c1c,DDoS
116281,af9e53f100f326d7601ffbd6365938e672f1e1d68bf1cce11aa16dca43e6c9d0,BENIGN
84178,d4117e0395c63013f8347f54c043770358e354a6539b4fc99cc347cc09993aae,BENIGN
30805,952076a8d2c4b7626999168e567cfe8bca6a00adc9f797fb3134582215fcfc5f,BENIGN
99991,0ff574445b9b73973c275e22a95fcd37483df7a49fb51baca14f9b258a44b171,BENIGN
431,0f28c82fdfdfc139f251a6b0d567cbc33ca747d201cc6d4717b41621441fe892,BENIGN
150791,8f03589b052759d11d96b8dbd22ef3806511adf43f53cad1311873874423840d,DDoS
94371,fbcb2f68e1b2be4d2b1222a40964c40dc0624b6f2475c4d3f6015973ce6c924b,DDoS
119199,61c5a4beaf5d2c2374ebf120dec2601ddedf60eaf8b6aafa0a5f7f275151d6ed,BENIGN
123401,5c321d326b7343d1a953a279d5fb4c683a87c0536fe8fc2a3606757e18cf9c24,BENIGN
181340,82cbcce5437d0bcf36ee0f66edd8ea5563d1bf21d3c9e4bf805e887850d789d4,DDoS
135732,120c9ab06f93922438dd3e21571827eec830dbdf278f0e342b56a1102ad5c506,DDoS
145011,dfa403412edd9214d3fadb5cf30d434797ca933020cac7816609de8b04e72bb6,BENIGN
192738,3ef5741eb342e38b624f968d98a4d0cc08c99e585483c37be081eb81f49a7430,BENIGN
12590,cf3b3891febefaf04ec3e67642055c43bc6e2144f367ccba044f3a0d0fec249d,DDoS
186578,ffcda15d7c5b2e4e45e2d45ed88917808f5ab133065ea0a20bcfe01eb8fdb597,DDoS
113857,d978798ba5fdda3fcbc82675a913cb72457edac8c60ca77a0c7791a4c07c829a,BENIGN
173842,8904da6a9db2ce01dc39dbe1b04f29a0e89732c086af6dcac855eb3ae57c4656,BENIGN
145785,e5edacb1a84adadb6f88a534bafc91432030e5786a2c2519c7c2a8a360657297,DDoS
141718,d4f228eddbb8e4858e5ceed9e5ec031c58af5b93d068ce6e556a7d8a7da7e8c5,BENIGN
193915,3c3643322b0bb585f9ba8cf17c61bf0487d502dd74caa60313c7b538bc223e23,BENIGN
165220,8a6bb1b204c1c9339b9e4d08b5eb9c6c6ae86331c2805d617754e764a2c37d6b,BENIGN
206122,491ab72fd4a04a40c63452fbcff4daa14181a65a5e6f837fad4ba3bf45977598,BENIGN
42006,54ec3d7b4cd014fcdb6347c28a82a891c6f80b4ff83e2b62342c8a0a362851bd,DDoS
204326,6aecfd55910873a6de7f6638144c358c9c171f77f32e58db230672aee6cb953d,DDoS
32369,84909de51acd035da223355bd93e8796aec122de42d4f5f047b4e2208b321b41,BENIGN
97877,bf469c661ea5547bbca6cffa2a36071c1a3eea14a9f7cb89d2388ac24f8118ea,DDoS
70627,597ae18f11699b3fe98c6fda75757d28becf645222e037a7805939b3d6905ba0,DDoS
168000,dcd123c03c8365aa7f36ecaf13ed1736e0eae12df99300d33bae20c847dcdd65,BENIGN
61534,78fc22c4156743c997c6dd4ebe0d3163864d3efd49457263c89e8addc1d2ab4d,BENIGN
139757,8f62e272d53f92ebf47817997880d26f6a855c739c972ae453c3414ddafaf510,BENIGN
134773,124fc155124f37abea6c884417ff40de7a931dadd9d7c7d8499d0bde6212fa44,BENIGN
25188,b8f41f19235f99099d31c92271799a5497cbce4c166880e354e16671e15f18f3,BENIGN
153236,38dd948aae7c9d5cbaa40e99fd88b9e5cd5b3c351ec2b06ded633d95b0fff8d6,BENIGN
181663,87f000d699d91946a34f5e29c068a13ff4a4686ddc11e28bfdd925949df5c620,BENIGN
188714,ae40da8f298c3cddbc21a30eb0531443565266b9361b2d735c9f252c2f5c4282,BENIGN
115163,6dae1d9f808a75aef5cd4feeddd0e0fae273f8974413178660648b58aa0b17c6,BENIGN
101857,e2208b943088547ff3694d5bf2f0e6da7eeb9d836ee75b8e1cfe247a15cf583a,BENIGN
114861,2e580c13f1c262f9492487f2ff212ce086886dd0bcc58b5a83ae7264a292493b,BENIGN
180038,1e89cf0794a344197d7660a7c712a28d8a0336d5f04d875f9bd6ff1acb88cba7,BENIGN
8112,61b34f04b193dc7b640451e568027d4973a1642877d1b3b05a170f6e36ac23f9,DDoS
189819,1284e157222ec9da5166203ae9c196fa86a8833cc052db6dcaf0e60bcaef9ad9,BENIGN
91305,37798c4317a857867eef15a4e696c1ea9913fa6588d7aa981022f0c4ba2a9a99,BENIGN
75125,28cadfba09e0b85af258042db4c7ee582b8137a7e1b40cb0f87fc6a48193308b,BENIGN
16399,df32aa488668728d4a8158c74345179be8ed2ff57a2aa4a087e6752ccd474845,BENIGN
112060,24a941d140f24246637782868036716a57d467af0470b6404cce8642aa72d1df,DDoS
141167,182c2783e918ca2dbc711e01c1b5d126d796000f82b6d73f89352545130f5f60,BENIGN
195956,f140c3bd8d9049fe7c97acbc67cd449a452d49846893ab5cbd23648a40351c27,BENIGN
6925,40e3941d649e7ed1a8428c6ac014782f1db983da499e8c0d5c3ab1cf340f3ae9,DDoS
57327,e9d6945deff4d7643c2273d8ce79f76d727d31444dc5316d3565f32fed4d2ea4,BENIGN
206360,8214661ab3c2dc025135aa85210bed9cf02e6c41b0d4efecb2a99a8d3c1fc8bc,DDoS
79479,7591916e97e56ee1c31887b5e44f42c264f3015c90e62a4f78969d47a10c8065,BENIGN
161599,6da355df2fcbda45eca8d2ea2795958d41cc94ffbcdf58bebf15bffae83f156e,BENIGN
14374,8dc015896bdaf71159688c162a2ef441e6289f634d1a4386e3d4e70c290bfdd6,BENIGN
173871,201d12c141c47cce09e79173f20c2ac16badb17fc963adc52c964277055fc9c5,BENIGN
121218,f59f596bdf92ef0c8f4dbcaa543c03a2e8ba34627b39afdb3aabd34218f65847,DDoS
186311,8130a53591b644151326d277039f61bfffaed47da52fe96583e29e14863dc283,BENIGN
101842,a59546ce70a5bddb9f201949f4ed127a833c175035f05b6f7065badc1dcf6908,DDoS
207766,ed129920dd219f372d19d98cba83836d5f19e46f0d5fe20913d370fa155f11d3,DDoS
83078,0a0ba1898fa310b3bc7a484a8e49bdc2bd7a8a942b97fcd8ff981413a5c5b308,BENIGN
89928,4505fba12416b5de4babab2b8249b92d1a1af3d7e0b5ac5da48074366c7b6dbe,BENIGN
135652,a1c5df449fffdbf86c732dbc881526aeec4364e6376dab9069765a9fbc173fb6,DDoS
140279,807b8952c7440d397756f986eb6c48e1b0792ccca2b7c8e074cff69afc2f8283,BENIGN
164198,92953157bab9bce0306818396b0c16d452bf99b6249492e7b2c554b9a0d8e890,BENIGN
108324,7d43a3c27b98e2402679b24f7880a8946841260712533cfc92b02db655a81ef0,BENIGN
118915,be48b11b1bf041d2b9dcb4e90dd0b630decc972d3d53dbce57d773259fba1e24,BENIGN
155207,52473512339d7f4cf7ca247f33cf1d173b17ca8a785e096e4e25341a91a29e98,BENIGN
53876,874d2db4b481a8c17951b6eb933448e1df05cbb95bdc0023eb6f16f7384edb24,BENIGN
13538,26b347eb9c31640f2491c4a5a96ea540c4721bb23af56447da05330e88d1ea11,DDoS
199827,7ef2b9029144ecee8adbd0ee075e1589415b04c8d527c0ca05923c088cf105db,BENIGN
173891,c874c100b2478b3fae149658f58e3d43401e605fd0c0e35717089063ea8b023e,BENIGN
45411,3af2712f7a8d9e261af2da5bc56bb6c0ac6758c05f639b4f4d2af78858c112db,DDoS
209724,59370643027aa526a946e8f3412f925b7f082c0fd38cf24d7a605d8b3baa1b52,BENIGN
194201,12b8398ab99ca3fa5b5206a13491dbae3f1ef21a5c533a1f83e4c3036dce507c,BENIGN
76269,0bfca79d183457ad91b596748610acef95a9dadc98ed7327e60c8b9f6480d92d,BENIGN
191379,450995cf6315bab899e189275c1c4ce1a0be47c7a461fa7a9570f699c72841f4,DDoS
37134,99a2d081caf1352f8740f66d06956b4cc25ad8dd651518a7bef784a5018f7fd2,DDoS
23782,e824b96063059d8582cedbc2fc9a2c317fe9946e8a6a46341f07263530145724,BENIGN
146831,66b33ae888cd09974af326054b6c828561ae45a3995a92a3a3e0ca35debffb3a,BENIGN
92394,ad2cbaa657eb017954b31c91944d48b939325a07e9edb90d47afb1bb0a8d0b6b,BENIGN
9319,1eeade770e851359913861d136da11c88c82e71c1579af43950c9db7b0e201a3,BENIGN
198812,fce9195a958f1c7b0789b5a88870d3f6ed7321bba4aa44c2a823512cb6a02238,DDoS
142218,4ab07766d5702760b5dc19f2ca6a0742a0564ac882e218419009e58b738bce28,BENIGN
24376,15767cac30cb80acacbe4062a55a2b0cd50607268c1e42887dadd37bfd2c7ee0,BENIGN
13891,7eac19621246f91790192b442158e2660610d3cc05d3cb34434fa065e56529be,BENIGN
131884,7e8f3a87e6366d056c9f8ebc6d43f0751118e5479ac8b58bac44659cb70343b9,BENIGN
51945,20ea7c9a0a6d11e6aef05de55b104d388cb6ad1991f0479f7e5195525afcb100,BENIGN
178536,70c3ccb37c2b839230bbb0910ac0e32d363058e05845813cc611eedfb25cac4d,BENIGN
203590,b76d57473adb2a20409e86f1bde21a68235604a45822f771f0f1198bc2f5cf85,DDoS
134512,fa147daa893fe1ea8a048455ab6fa3998149e1e77a579cd27bc1c48a50a14748,BENIGN
87106,63f9240b5665cdb6947e6a6bec3e2244f01d8bbc202b7444b29691482ab44189,BENIGN
9734,b160e8924987dc7a1690e27d147b3a0da9071cfecfd531e3403a84d02ed2fa27,BENIGN
59141,8c3927d340c2115f54cc41a096a1fccb9279044d0fd9e639a1d7057af08566fd,BENIGN
138622,d4fc1db5ee64ddb5236bf4958f96ce7b2c0c8d6244e59fdab4980955cb7ebb23,DDoS
146582,e2c63dbe40f6589bc157dc10f0c1f65b615758b9eeb8f77c7d3ac218bb2588de,BENIGN
54552,747763567d70e72de70c97f2ed24c42a46c7cea1f7080dde33e3468b0aa1bc7b,BENIGN
59450,20eefac568b84fab788261022373e03ea020ee7ef3553c2ec41054f529e2a225,BENIGN
189918,57bcc200182a0d135d639c95f329a7f11eb4dc93fd8a3d82487e68b442e4623d,DDoS
172478,e402dc38fca5b3085a1f54bfc61036171217389c1b98da41b93921a87be96780,BENIGN
116966,91ab494da732270de24e34cfe5747c4558f693f3a7b609b216f4d3de9a956163,BENIGN
131496,fe5781d20e9e93aae58bb3351b4850cf8ba75749e00c49f2a483db95e3745988,DDoS
47842,763f40c04f15998332098b8b35b117c68c1de6e53b638a4fcb467212b6d3d0ca,BENIGN
177921,fa9d139fa7b8d4925abd918dce3c146144ef678f98d4288610aab4808790a2e1,BENIGN
106852,52b312d80fca2f540baa4766ed7d7fdb57a23f790082620a1b642a11119abbc6,DDoS
16880,5e4c84ff8eed047d39b7e33024c07de7ab5b21fdc820945276ddb69a13c21c71,BENIGN
130618,bd0c81f69faede381b5bec07dba57302f1b6daeb7ad5375bb226d0714ec9544c,BENIGN
113329,ee49dae7a53f603b38287da7f35998ca6aeec43ec1364a3c436622020d06e212,BENIGN
28838,4a57bc3b95ff2f648db92f68a791337cfda7c0ba40748965125a7b22f4175d9d,DDoS
149227,7fc0380847617c6c32fc554ed0aaa7bcd245038ce3830ba82af5c59b370c8d75,BENIGN
180799,21009732dd9c70c8c9fa9cb3aba4150d26eed1dca90faa2c80004d2b58a22e55,DDoS
24189,e0908fe5e5f9fc727a77d58eb7c3f8c822971e5fb3100b1332bb4f3571961762,BENIGN
200347,cf2fc8ed288b93a74feeb7e1c3a355a7c50022f6c6448897f16065e92e9dd29d,BENIGN
34041,56754dea5daca8a48042f65add5cb129c0a1d1c2d2bfd98dadb218dd4ba3fb37,BENIGN
174183,fa06ff34a3c0c672ea93a7df8e2ca55e997bd43fb951c37ddc874b97a9c065bb,DDoS
12963,d07753702f71627b8564e4544b7279bcdbe3ac9a286743755af909b99169ce7a,BENIGN
139741,3c1fab05a8de3c0ac554199be56defd3c7601c1d1e739c7b7479681cf1b4c3fb,DDoS
137488,3528a805ff549cec390a7a9025897909ad7ee1b4334877b1676ff340f65c6583,DDoS
186840,0b62a69f737d8085864fdba4a9fd9597526125b4b0c61bccf784df383e557b3f,DDoS
208670,ee047ce3db65c327e7b5d50fdf69cfcaac762245a99a937fc3e34cfe07e22755,BENIGN
26216,9066902e1db94022c5577bb0ca0163b88f06553cf175719a954893ff7fc93431,DDoS
24707,15e38fc73d236907aaf17545a6ad555702f0996b3fe827df86ab9d81fe99192f,DDoS
128362,bd7482a5ff6bb1062a0c8fd0c5c7242223860ccac48898351063f50e62b40ce9,DDoS
184304,f2c65021474040284075c7e507d77b4a29b1c8028da450db4419cc0538935bce,BENIGN
25678,5456052357ff909f7392d9162fa5e104e1ce5e0427f10ae0083fa6df69611793,BENIGN
141064,a5d728fd591a510180697aba25bff1eaebdc0702e5db8a6f4079d871554ca0a1,DDoS
119003,f1ed92671756ebaf7c308bfa91ead721b16360dcef1f0b5fc4edfcfb8388461b,DDoS
172025,27ce7aafe0d380efe7c44795f893190fe2109a117276253541c47f2757cda103,BENIGN
25801,9eeed7dc317349f1dafa1fc30d0e4418606eaeb869629925c6bb9f9013b4a9da,BENIGN
21917,1d9136cdae447ed6c8f1f4becf561b9e54048ab875a2df0f30835d450e77c148,BENIGN
124364,cddc27836b0c0960aeaefc5885ca10cd57f7e9380a73b1a61b999d0a52ca2363,DDoS
164469,e9d0bd0655c422ad9b683c19c4a646eb11462f818440ba57f45343e2053637a5,BENIGN
104586,e20c14536a6c671b8844f457781a1185a79f38d2554cbe968bb1cfd926ffa35e,BENIGN
140640,00a5a8cb423525e0251491773150b08e1dcc5f85ef90362a0565f0ebae6d6921,BENIGN
85267,73fc6b16379ff61eb1273b9abb664fb7fb20b7a6d4bd34d0a12e0c61f8897387,BENIGN
205999,2a2c49d4eda4022a71babb0f378b688017534b8121d6be464684e97d1a32d201,BENIGN
4974,0ede711c1fe68a169b53a1db031acf2212c59ac0c939f66d0af084ccbeaf3fb2,BENIGN
131840,65cc47490cc26d841928fc8079cfd3b27651513cef460e223f15455417a309ad,BENIGN
29473,38544d2338234ed19ca0b325c30339125a8e479c46ee394c301d88669bda6213,DDoS
54812,eaaf6225f67df6c317c46dbc3734ff86622f89546d31fb42efe918fb3c265dcd,DDoS
205005,8c79f0aeb4aaafdcda4904023a4512509d40dc0a6079e6532d01dc21aeff6d0b,BENIGN
80444,d24fbec52aa22d8f4d27a027c470cf03cc5905d6a6db7d706ea00db380ceeaa0,DDoS
136109,9844e8568f5c15a9c4bbf74bdd3f0d44e924c5a257b31e8a9ab7c2c705a4792f,BENIGN
151951,15f5091972bd07b9c372523f39913404819cf2ffb1faad47950a3ca4975ede3c,BENIGN
123863,5145997778e712f4b6a6a136af583605ebc128b24e8a8bbc18e8fa3a88a22fe8,DDoS
50650,8cd9bc9e0631f1e16036c0149d92c7bdd29b5c10cc0f5a9046f837f8f8aecbad,BENIGN
193259,9715d839e54d15a5486990be56dde6b1208d4803734d98cb78d1b2b1f2b4508e,BENIGN
118077,e6c0930159e3f418e7c8e34af44eee11dad36b1281e0dc8372a5e5678427723f,BENIGN
48485,b318554d08ecff4a14b5ca5aad4539fdf0df169822dddc32fd3ce4180cd04ec0,BENIGN
103151,6b4bfd33dbab5796d4015486f1770d3fca5bba258b78d80b8667f301a2c6309a,BENIGN
54193,2dbbf6e8f4611c33937f62e4ee9f7c93a715323c9547cd424d90518739c23be1,BENIGN
25065,0c1ea5deae0937a65c536ca5133ccbef83c233ec62c4a0f8a5c5ba7520721530,BENIGN
92209,0c6ae3af4dc542ff394690933406d81013c3460c064a349e20b6a68139e67098,BENIGN
2995,df420145ace84abb5d844cb25733c06278f826ef00d1d5bf63f7d922e1afdeee,BENIGN
201755,f253f88a5ac684c967df91d26d5ba8595f6a970cf616d97a74e9fcdf7ac998de,BENIGN
156226,75ac6a40347dc0c318007af489e957cd9f45c40502f52ac761a38b1a15828852,BENIGN
134128,56aa2df6d6289e1cc039052756ce9794b2d37c43ecd58fd55078e9f39d2ed777,BENIGN
78267,cbdd4f956b8c383e9c78b0d79353edbaf6f4558345bb2685e2a6f2eb482a98c9,BENIGN
183483,37c15f3cf8826f9040e4c2e66abd33e01887e2ecc9c71c28b048f44e5075f3aa,BENIGN
190772,305f69009b9dab81e95897f0598bfd59cdeb8524eca189268722cff2c7acd8bc,BENIGN
104928,db42eae0dddaeddd71c1d4cc59947424a8208ca94fe99283694961be141cafb2,BENIGN
184459,2347f0d35f3535253424cc05226a096d943806b62ec2de2c568cad02c9ef16f5,DDoS
122868,1113c4b9f42b78d4999875cfde44160def215161b44499ea4bc3fb7006a695e8,BENIGN
65868,3787316b017eb5e4fc0091d2d73cd23ceff9fd97082a81abc93af260e61a0abf,BENIGN
125593,a077be6143950f64f0c19823049ba975b0e669abaabc1429b4024af2419bdad5,BENIGN
160083,f4dee441ce0511e275d5f1fa245b04efb5a6b079dc4f3aa985d282b153d229d6,BENIGN
91117,2c06837a9619b8ee6b5ce84398385ed8b470fd67ccbe4dc7d48f950a0f78c9e7,BENIGN
70787,e2ce3a07a624b55b256470fdebdafa3817c490dcab4bb9a18ac61ad0ef934e24,BENIGN
106841,c745f09e31bbbbb29531112b3f08b1f055fe4e829a5405ab5576af92d2f1902d,BENIGN
93778,5996a6d0950fcd4ef2cc50d11f50b0241c5bd5ca8de146e8556a385ea794603f,BENIGN
168897,a38b3f40aa8773c64e1bc87b5996455396b64cfaf324ca8540ee99bb2485f0b7,BENIGN
35757,ef3d384471a5e3e73d73294308c49d6e7d10cd5e4d295b513168283051a3075c,BENIGN
74005,09aeda2ce67245a42af699740bf2a7d7f3aadcab8075c7c1e71e6374d87cf351,BENIGN
90561,73d57fdad523d89384c14f3de94ca763c6a8ac83595f888ac55bc260ac78ec51,BENIGN
119406,823bb2704aca9a70254f02bbaf488beaeb1217d40bb114dc2af3ce83fe84a8d5,BENIGN
102059,00b215eed380b9bec80ba1becd7929837c293f8d2f792a3ebf726c8f73dead2e,BENIGN
198068,1466e6c68246e791219d7c7aba3800a203eff7b3a7c535c9f50b55301092970f,DDoS
150660,60d2da36743a41dd94d1d9a77778c8a3e001e67c11671521765dbdcbebd065b1,BENIGN
156204,63c26a80a2fa4cf0428d32bd1ce5aa1d3c115ad1d4e4287d6615c958b5b22b9a,BENIGN
84039,c2b63a55d0784ece8999bfc8bec9076910af9f7ceeb9b9c63cfaf386e460cc31,BENIGN
140720,0d4cbe99e50ed314bc85d3cde27b492b85823548175a6f39283a6c8ca17a50f5,BENIGN
108915,359b821d93dc985b65d006dcc58fad0f6d10c41bdd07f9b4d89ebef389de8408,BENIGN
8882,28de7aa46dca5770ea44f49732e14f830bfd1d3bca9c56f2cb1d1d6548b7a4c9,BENIGN
55964,dcd01b4fea080a547f5876be7286ba1752855b9ae679bfba78f18a2ede9dbc3f,DDoS
96124,68c67ceb90a06f00a7cf53ca5a550ded0a4521ee8ae5138577d8c43a1d4205b7,BENIGN
87265,8496fa4f3b54ae1a95f1bd31f85605ef41c140b8d5b70255b3e4b6a7e966e757,DDoS
149827,1785b2824a6859a8b89e2dafc2ca81e6f40279d3c043a2bc349821c6023b06c4,BENIGN
119226,1327b40aaf50452967631563f002912d992cb3af8e1823e11936e7a2cf656208,BENIGN
190545,f84f1765b0aa1e5487fe21ed4070c4558fb8184df03ccf42960d758f6a2d626f,BENIGN
63803,45b235b2d3154a7656cb8172092848ce8d44628a937222d76fffd38ac0fb6dd0,BENIGN
73212,55b0f8c7675a3e76bd9499a253a968e3aa83756873ee62990a9eaf29cade66d2,BENIGN
76454,9dd3343fe90f499d20a8ffc281a8d361759df8f039bb95842b9f13ead1ea6de7,BENIGN
147076,4249c5c848d3c7b585c63d753537b7f0c19250b13529c3bb259d6eccbf964f9a,DDoS
41956,710a9a6a4da9182126f7e8f222dd0e0f859e9096bd63a4f8e8b683803b451931,DDoS
29090,89b3981df4cf205f8a3a5e1a26dc6e7f518e376697c9396dfce660a271d5df36,BENIGN
49671,9fe6dffad206433dda6ac00063b7dd430f12cb91e186590cbbee07b5c9c86909,DDoS
96439,224da6aea8552c2f0ff848b947f248495e4976233780b7b4f3f3a1abea52565f,BENIGN
65285,ab0b89d8c4577369427b3f7f7eb9bcfc37b79b2077696b48c95fbfba19c40db1,BENIGN
18880,8b774a3ad786b2743e2106b2683a15bb11d5fbe3a2903cf861eb0954d4b4fc1e,BENIGN
334,98e0a746258741b10f40314c2a0947f953d924695581ae9c946327bdf2b87ef0,DDoS
140136,275dad0861ae4ea90d589e1e2dafd9c26fd1e8fdb25e933161333ad2e70d8314,BENIGN
151888,e6b1e0ade12aaedda76db5ca7a65622f43cf504718f0c2a98fdb8e2521ee90ca,BENIGN
43114,ba4a1a8d57d77f8a23328a6484c34f13d467429cedb5564493d8f7188eeab64c,DDoS
70068,69a6df2f6f602cd75154daf46c2343ef43c386381fc57aaf71b7403dc0ae8b28,BENIGN
74612,3659912be6370fe0cbe33c3ec6fe2677261f2504e3c4c3df7053ecad8b206e7c,BENIGN
188367,fb941e0253fcefac821a5ded4dde4b6e563b586e935292b14ca05e094b8b0b48,BENIGN
102047,09872659e86e51ae9d0ca765f0a7d84dce77c8244f1aeb79554a4e2d424e79df,BENIGN
48182,9b0c4ee509124f9a00105a192386767d133dace1cfb5b854363436f4cb09945d,BENIGN
142459,9989279fcce80ae6071e950468695f6a88899c7fd9d50132d4f63fc26c6fc593,DDoS
84347,9cae43d2b1406763e530b0d5cb9092143b138aadc65ae4309eda9920503a7292,BENIGN
155309,3695f0662ce1c0b1fce3ba71a9e520ffc8ffb159ebae4485bba9204255942222,BENIGN
26198,211354f5faec0d0eb21b0ba7ec33a34ea0951ed089ae3af81fc7f7e6100a86d0,BENIGN
191881,419bf663e222b6f5f41b7c2f9734ab77a1021f15dcf1c613040314fbefdd768c,BENIGN
30551,bb9f5cb0b6e1120dc3ad95cbe0bb810e41632a69872f88383583eb5d670d3c39,BENIGN
17034,a826d4ce47e12c5f37c623cb47a4d3e5adafc61fe17c9906bf1595df5a73a9ea,BENIGN
113707,142cf54697666087bcce179cf4f1f47021cf79a099870d8a0b9d18cf2c93a117,BENIGN
168308,f00d10de07e31683ce19b2e150c3729fcef906e251dede25de50c2e264324b01,BENIGN
120566,d6c625bd23e46a298e178ced04bdd88eebdd2c5043a9476733d492e54c04a1f2,DDoS
81975,2f16bb4f3e29dc864e3a50081044ae496c7c5559ea05f47633ada102d944a830,DDoS
130379,0cdaddc93c9a8977636dfa83fbb5e759aa8a378f2ff7b84b806eb8990e8e8086,BENIGN
141642,fb73d2710e1ed05cba21eb9a139a5d39af1fe5c092fb72d7308d2589f94e2da8,BENIGN
18199,56981e036238e5cd8312234903995ed858f79c8715cacb188a3ef2284b3767e3,DDoS
97971,c4e7c7d7eb4e5fba3e212e5e0a6f813be3ae322c00340596f1cc7a46b62e63f3,DDoS
209398,a4783cffc891ea170b167459b2d5e73d43dbf425f2a21e8195ad3d7ea6e44c32,BENIGN
116710,5afc06c5d6e1cd26b927e1c90aa79e61ee4dce3b03d5317f88a845f11970acad,DDoS
116128,ae5a425943dd2565f462d7490d05c77e2d610d133f8648a1bc0f1ab644f16871,BENIGN
72821,6211b1efcabae6500f0793e2d31735a4a7ed0e4c603f14de97d297a272cda21a,DDoS
139640,e93d647b1202407e4d7e8e73a09d202b38eec88c81f79e1fb3766274ecb1c4c2,BENIGN
144184,adcb72b52ffb37bb3633be44daeda41bf2dbec305e65554bc72113ea63fbccd4,BENIGN
190292,94a542030b647e5ccb27ea1d1125f7e0c8ab63d4c5d7ec0c622d89f75799097f,DDoS
66688,321620f07285e6b693ce80e27888c14c8609e4b49bee4bb2c09e2d7a3d5bcfb5,DDoS
180958,369d042a923dfbb031c5b1be7c5d9a39735a2954103109926aa80c2e7de1c007,DDoS
80473,3caaa2500fa2bf299cf0fd00dd4ea2745b6c614290ee9e476a5aabcaab890099,BENIGN
53781,8ae13ddf8cdfb9b37f7a94a202a5213a27c0aed22cd606af0093b9a6dbe00941,BENIGN
101891,98e2ee3811a91893313b9fee66c3a4aeaf51892b883c68040cd9ab29c4060ef3,BENIGN
61245,0a8c8601a7099a51976265e58bc020c5815f21d6ad365eb04a6f50bd5869f301,DDoS
57649,0cb2b5f3156f5c7c5f6e19d1e29f741b4da4f966a2a12387ca4fe15a643727c6,BENIGN
14458,4792e7c28d071348388617e5f86b79229a8b4f665fad9b32e0f481f1b511e2e9,BENIGN
10333,79b092adcecda53bb23a3c577a6b1e1c7e562fd0c5ebc53cd37ddeb1342c1aff,BENIGN
202916,2e371f74c62beb1bdd7f58598116eda3f6cd3919cda76d4381291a479015af16,BENIGN
89868,3551e337f856dfb044e0e05a1ce1a5962b617c6e0bd0b080fe76679682b7c8dc,BENIGN
92756,90f35bad3c0f9475fab4ee33c2069826ff14b03ee86afc7f8c4fae87550bcf11,BENIGN
121902,70ff53b84ae1ba64cb70639188e183576018c9ce99ee39e63868342d2191da41,BENIGN
81893,bc0d2d3d49c3e9dbe096f66abb5f7ec96d3c2a1fb6ab89c0e7bd8597bca3aca0,DDoS
3679,f28baa36ef09a8327dd119f864fa3cf65c3021afaede56bb64b944a70534109e,BENIGN
127579,3cb4e4909665960c367d57f060a95b8d1f596b8becd901498f9048175bcda833,DDoS
187296,2f7347a47b9ac76ac5329a856f75d5e7b131454eb9e4ded89c4e636cf879f339,BENIGN
21415,cbe7214dcfdd5fcba2a83ce93b4517065a1d4cdb9ba00b5fde5e2acf4f97770e,BENIGN
166500,058c895794c1e13137566f471f29bb8adb56156aa627a277327ff58d3b50786e,BENIGN
31578,6c4f4fd8c34e40d27ece2675c07a219790d4a9a507e5d7fa33bc988d124d4a1e,BENIGN
117898,cd57db388bad0cd73b2cb5adf03fdc9286a0642c8b589fc7109eca68b4988217,BENIGN
146300,71f128c61150e0ab83c3960a631a7ffaf940b3f0fe0a00b533c6056f289581ca,DDoS
115419,4fe8f7af6777918d1cc0764375a1921b97ea1992ff97a26fce9c30e025f08d6f,BENIGN
139336,5393023a7b7f86425d734c854860e8767e5713643b2ddfdc553852b135a61f0c,BENIGN
40652,707b5c3c3056b8799cd0d4886b5396fd76c01086c64f44db15cdd752ff27d49d,BENIGN
208201,021daafe99707e77eeef42d280f6d97c2981f8dbaf0633e9a9fa602f3c4700ce,BENIGN
150983,1a527c35e92aef548fb3312a578fa2b2dbe0427618d668b705fd66ec2b96c874,BENIGN
48077,0bdf5287377471fd402118aa5be9ee93111de7a03c4126fe8fdf2932ccee2565,BENIGN
48818,ca702fbe163fd414bf3239593d33f2f2307ea3244c97942e3a911f6a26667530,DDoS
179563,ee169d674abc6dead991a23bcfecbce3cda96f2743b8783273c1547ae53b73c6,DDoS
141848,9715f65f08f7ad76ee2483da9afe64ea5f44ef9bf1c9740bc7d5978fce339378,BENIGN
94239,1e52c3e1ae6cbb2ec1562a966b85c094e9df742940f3f9381bac70e714d4fe43,BENIGN
101708,97dbff7266b0f4a60909f69980bc6b614bb7cc923b751dd05b9abb5804e2179a,DDoS
199069,985eb0df4f023b60a581e3bcc152225fd7afcf56d02d4b5b3e483288e3b469fc,DDoS
104652,3c80841f1a6374101d7d6bdb0f5466cd4cf13e8a7b667dab79ce512542356555,BENIGN
163666,410d76b3249e1d1c62c49b2d45a9f3570a5ccb80fd94f58cf0d3c265647518cf,BENIGN
150822,72a494f735463b9002daed9969e80a03b204106c60554391488f3676524c240b,BENIGN
114380,0ae5ca78f6f401e27e3b39b5c2506f59a096268cd7481477074bae6c82ef4870,DDoS
36541,79fd04324d25e4620d72c95abd7bdf0c25106ae37d47bb4f1be886f28841df00,BENIGN
118098,98128a25394bf90a1d3fadd823cac86c4d1996d7f9e0518ac3d14b32ca1d9a3e,BENIGN
63808,3c396068dc0cb809008fc9ab8464d754242a330063d24769d3ee795b6ab4809b,BENIGN
46167,d7b52305a1607d573b54f9542a3af11545ef5858d8d9d48c94dbb144ff8502fa,BENIGN
192157,547b86a89cbb5fa54975105640454ef1e8b0ab3eff10387270dc8f5f09e9fdad,DDoS
171305,d1d16ecc44b78864567b840ff1ad1bb6513e819a90b61acb1e69df539f0ac582,BENIGN
164149,38fdfbfa26081f231a33e6503bf6b7db6bf2f2ff3b97210d77ad7478970a4f18,BENIGN
114233,af738d4da8c3c6e964ae13d38e459cbd7df1c2ad3a8d88ef96dc81ba447d3bff,DDoS
80421,bfd6b0683b08478387474a82bbe482d5545743aac8495542796de6763b2b8b8f,DDoS
111645,dfae86071bda4059303e348f6f6deadf88f1a121bebf1d3111ee74b7c1132859,DDoS
110554,bb0015a45ba1212e8c52a3db24070a69b3ac51a87261e8aff1866a33a10d5744,DDoS
81234,d96454ba02a7d2e86f8c90841a2dd6f1ebd98a4a3f13e53c06be75fc2d45f832,DDoS
10701,3e37448be83700a9c2cab76d22455c1119feb60bd9407ab18ba2f2ad4e9b3abc,BENIGN
192060,972bd48e748b0965928c18857507f8ae613fd64b6f25a6c530944ef2d67e4b17,BENIGN
53792,6f9b885608c360ccfe2f5785d747e8f9d315375f134872f62faaa431bb7cfb54,BENIGN
150271,e316574e5d776cd466f33b29bb7e2333c521eb36c7cdaea130ec6310321087e5,BENIGN
17547,5f3dc3a4919872db93b6c019b3aca003f164e89d32075bd58cb45e66f0fb6e59,DDoS
144219,25ca9ceb35661ab9f2bb229a2b160f0c786081f3d90eaa96b863de7835dbd508,BENIGN
152123,3d1146fe5a9a4f7b0f8590c649af2062b5a85527e08c6cdcc44934f8d756fd19,BENIGN
164855,129bb01667e076670d6d84d5e8059f684bf923bf93eb92497bf798a371c2f097,BENIGN
153582,7067e4e4d36153b377dee20dc0c327e6d477b4c6b15dc32a42a3f4361ea8471f,BENIGN
171835,0848d685cf620f848ae448ebfb979b1ed4bc39f062725dd5da4f2d24ebb96e3e,BENIGN
73589,49f3f4eed58bbd5a8962c1d13db27a7975d1ad7cb8cc0d2b48399970cb4de76d,BENIGN
123361,6086567ad39460a6915553fcaf46c6cf103901ce4014b4593683f72bbb0da1f4,BENIGN
192486,fc13af2356772f727be029f3d149330bd5df892a654e1782ad991f01d9e01d04,DDoS
167136,734281a037e34f1a9474fc99de4fb4b4a03ded7dce0ae3982d545b5e567f06a9,BENIGN
111915,78e059bd2c074099b9464b92c1816434abf42e8894b7435e2da8f6fe4b001e5d,DDoS
159343,f56b5464b37351142fc8f9aafe993991015749c5f54a2008d0959e7e15926123,DDoS
117169,d0c2f5dc8b0aab900d19c04871995330f3553b552012ead864f73e90af69c44c,DDoS
23264,965d50ebfe0a603c2b23cc344e85fd6edab634714d1ef65c2fcfa5e9bfc305e5,BENIGN
60203,9089bf63f7689e188be2517f1beb78810bbfb6a9c02883115fc21e566e60b2db,BENIGN
130372,da4776e58bd005007a326d1fb03908701d0fbbbeee9aa21bd2c0532245d65bbb,BENIGN
195463,28bb72424c9ff59a1562c92144d3da8fadf7c4d51ef71b1d15d9aa8913c2a6d6,BENIGN
193477,6eec58b9ceac1a10615834d78f6ec2d1a8b269adf6a7f887cca77e8ec573ccaf,BENIGN
65624,039925c1c7b71bea24627784b5e95b99199ca10c003b06c1ca3614a7c3ab8e68,BENIGN
71531,8a1b71f5fbe7423a914d41cd91e65d73bb104f7503629ca8e09845677b143672,BENIGN
194298,1e3caaf3fb38e5aad66a2611ff1e3ff931d73299041ae2084d7c05846f8566fc,DDoS
66069,c2fbdaaab3df4d5280de5c2c4d68e63109f5a4109f1d44a4fec48771c4a7021e,BENIGN
90329,4e3499ca201222929d9d953a58ef1e00df9fa06856b921a6ea5b6b5dbf483c10,BENIGN
127538,9e9c3bbe354ba645eb7b2c315add9e993cbbc71c331870db031c7fe2149f49c3,BENIGN
145624,35b03944c659e586478189479f9d3ed56f217ad7e535b628624e7140ae307d4e,BENIGN
168495,db9d4724b385eadf1158b79259fc3b688e5e2fa680a1fee3bd25c930a735f6d7,DDoS
65671,fa018b93ce35097388d7e21b3424ce2d945050f6e9081e69399e93d412dcfc94,DDoS
105614,e378c4eca60cf09524ffd6abaf264e194b02ab1dea10f49f54a3728dba736301,BENIGN
101452,5f70c6dc6976cda8a5b2bfc040974a6c0072a66add75175b4ac33f4e538f44bd,BENIGN
200706,dbd8b7c8d91b16ea23722b92773ea040d251b14a581eede5261dccf8af5201c6,BENIGN
196277,823fa12f40f7fb9708b5a7aa84a1322b3eda502bc25849eb279c1176b92113b2,BENIGN
108903,3352092e2bcdb624b97e0a6d87e7b8e333fd3f149f13eea2269dd03e6a432375,DDoS
142124,96a8ae4388e03a8dd8409b82955fda10e175192090472632a293fe879619b750,DDoS
83813,648bf40fc7361c933de82bf9672009bf7c5ec38cc0cd6afd5bf7edb7648dcbce,BENIGN
137137,5fbbd6be7e0b65b3a12df91b5b9cb07072d8e7862abd53a820a767db616c23a7,BENIGN
37843,129a9a748593f07cca5171fd2b5016a5ec5ac4977216da24332a9ecd27a9e687,BENIGN
201505,c6311a556d7a94a8430397ed6d9f0c37e5fc2dff44f21609ccbab42bc46b8530,BENIGN
82606,3963c051b0625e3d53b231a0ac4d88281f5fe8872e658178eaa9e7f0298733fe,BENIGN
4380,d53f7fb989b387516e9907db8ca313b5f4f9aed69174917359785c58202c6bbc,BENIGN
82475,16621a971d7478e8b87c0dc6cee0a9946c3fd9b4d9eca37f55781689e095cbda,BENIGN
132652,d179d16fff15d4d061ca794ec4e6223c880a236b6bdbdf2534f1282a871a4c38,BENIGN
185434,d85a671a2ebded49ef5929ccbf315a3be1a5cf4ef2b65b6cfcf4faa7c41aade5,BENIGN
42723,36d16c2adeafab698c8a5492abfe181d6f7a2bdb4ac7e6b2c78bcade0227cc72,BENIGN
37505,c9633d2540b70efcef16b67f99eefcbf436b53facba174c104e17fde7ba2106c,BENIGN
182986,e2515b47a9d227d91b1fd205eb8024e23ffd4e33894cd19ce300db259577e429,BENIGN
27127,abb49dbb46b90fff9fc31dffce785eee596c8152d97a7fcf6dc22dad8befeb88,DDoS
132246,3610dc83c3483e3d7687df2a6356d9205bb51ea6f41a0333e6c5ef617816e0e5,BENIGN
145114,037843b308105ce19540221157a8ecf6a4f2d48632d53478d16cd40c283efdaf,BENIGN
131119,1708d8eebecb0821c986e72a274ff72d93b022e1e4c157d9f4603ad770ff7596,BENIGN
143090,c835446d2b220e341c8341d8aa0ab791ff3d78e3d25a9adf577121dd13bb6c4f,BENIGN
194461,b4dad57b1a7ddd612f030e95cb9b841700c09d157c5aec0b36d538ff760259cc,BENIGN
59695,64bd79487cc9bb9fb2b51953b00973e9efb27a461c7aa76e1c960b2f700b32fe,DDoS
76514,48aef81cbe236f69e48fd3761aa776dfe554842f41af66e799675c9eb0bbfb47,BENIGN
96173,b8555fe977de5ee045830fe5b22627acaed52464d16d821e2845b2e3794bcfe5,DDoS
12752,5748e9ead971bdf9a6ae6e804a52486cb6b3efe1855557b56c7ebaa4002672a5,BENIGN
20403,5d0a11145374259fc734e0a1d4da7f90c329ed8cd30fa62dc618ccdd91be7520,DDoS
45958,c9bef755ccb629dbc0a2e728b0945013cc360294c4d739ddc1351d93c8a7ca26,BENIGN
84455,8c0cfc4a61a595ee7ebb308aa389edcc9c709d027b17b8bdc7e884e03702a2e0,DDoS
120064,1ce1c882b78e0a4554f79561690bfd9085f5fd428665208159cfb4ccf693c563,BENIGN
158492,a1bf993afa22dae5ac723e9cfd8a26fa5a6832a93b70b42971a63d4903ccd5d4,BENIGN
189450,39b358489f6fc2410d1ff4ab708c9c795dfa32db7e462467a7c1bbee56ab15c7,DDoS
842,51940a0e2e9f146d22a284e6f5b140d1de4cc5b957210796ec9a4a71fd0de36f,BENIGN
51640,7694838449e84332447ffb90246af048e1f6e491e055666dfed069ba6fb0f36a,BENIGN
98975,02268cadf0849d8791a8226addbf42241529847b9839eb272af2e943443406b2,DDoS
29979,95f960aaf7eb252eb1c4958d92b3469f09bab95e4f5635442e0205e8f1c98c67,BENIGN
187227,1c1282c5d1c55b133906e0e3c026641ce2f917ad699b7ee556343f448ef1cdf5,BENIGN
134382,1eec348ee78fe91a80eb065f88872be08f1af8f6de99370ee9c5c5b085dc3550,BENIGN
30842,663ccd26b568b5919e9ecad154a945b8cb96ed62d57357c982879067bb0774c6,BENIGN
101422,3c042944c514e6b062632073a81a13b85d9eccf3613601c03af8f5dd8bdc52e4,BENIGN
19517,064bf2bec186febf1b0ba5ed3d034909997df5da76deeb93d4d6caff8f016135,BENIGN
47322,366110cf866ca187b517fac43ea3da59c43dbd79ea8194478eadda67dc2573bd,BENIGN
126322,41171858102f01c0b3602cacda07d388af047810e28d5238ecadd10c5ec419eb,BENIGN
153093,5dd5f4d11b34f81c03d8b4e4d1b60ec5772e1a5ce62052aa24fa8b930ed111d8,DDoS
151391,c21c1f9f103df288efa6b85a58eb399d0c460bd6be794362518b78f80605b8e7,BENIGN
76043,742d0a73b3463304450300ccc746c194fe63b00ff64849c79b7c26ebec640200,BENIGN
122571,217842efd26737923a89f8671ddd188f1cec7138775b4a3d9c44bf4b5387d9f6,BENIGN
64315,e2621671bfa7ce3abe470ceb757acfd70dbe2bc008e7987d735483c2d72b7b51,BENIGN
78136,ca598bf4078e975e5843f670a5140ed443b2170dcf96274f76d70c2b683c9782,BENIGN
41720,4b2d9d7b436d6b2ec2792e0488a24f8a79fe81ab1ff19c061656c3bfbfb29686,BENIGN
114550,c81048920ff559ca6e343f2345d74099f3ff0fe3708c84675ebe17e7925b2e85,BENIGN
60110,1d6a321db4304930e692afb082ad96fdf9b68fb05cfda4a1f1f5519250562b1a,BENIGN
114903,b3f8017130fd2f371da8d90e4246898d3f88bc9efe0470ed08aa91e7e29bbb0e,BENIGN
192411,7e013831b3f27c9692894630af77213b88e9d149f965ac105664437e481ed41a,DDoS
26362,c4970fdcfdabb493d91a39cb90f8e15b5edb6bfff239b73a5c44594769112b04,BENIGN
157044,f0104f79b274d6021b1bcec640013336550c36726272ae864b8468ddf36b0f8f,BENIGN
180066,edfda8fffa968a7ec926a168cbdf2e83233ba17d649edab47ef4cfde85125de3,BENIGN
117588,d53a5e2547aa48bf47919dcfdaed216823c98d1fd5f5f11e4520cea92ad86829,BENIGN
63164,2b9d4aa6bfd13887287333f6d06190494c3dd30043bf3ac4760c1f91a40579af,DDoS
189521,a0def76b0312c09c7fd03c27cfada36e51023254e188f60de87d511de7c1ecb8,BENIGN
199538,5819b474fc2111aab52db797b2e430a8b9f9456510d2ad0cad77ef1d0fc73c5a,BENIGN
182688,7563129bb37c25bc637b3ec47d7ecbb3f9fa1d46f1cacfa3a71e68da1c2e5f78,DDoS
23942,068db430c7ddf0de1e9ef031f31dbc0c9de49dd032e91eeafcba36e6e0a008cd,DDoS
96757,5f16867dad3491452ef7ba8c3639584591fcc6377e141921c6e2f39a29c6912f,BENIGN
147144,5fc2bb1540c86daab5cd8227157b2463df1dd0bc637c2ae26b64bd54189c3ec8,DDoS
49325,14cf25c2365a12a5e699784df7b12b64695211d37b6010d83627b67cc71e5491,DDoS
51843,2ec187b702ccdf41b2319e222da510b8506fddc91de693bd9ee7befdd351cba5,BENIGN
168630,f273c30965096d83d381b9b6ff1c28f8c8e11a314b1ed2107c2a8980a949d4fa,DDoS
206443,9747dd15be3ae9908ae58bc8094faed91bfecc5024e0e3c548430ab1759bf7d3,BENIGN
147559,f0d17077608d74e1faeb7e85f24870e8a11842426f9046641334adf9d3fce0a3,BENIGN
115767,39f3c9a7c11e0d1cca0af47053faad72bfa2ebbac68aa5467a4a5d9f85578993,BENIGN
175428,60aa0ce6cd7720838bfcda67148877d9f06eae5f2099b158c47756782d686282,BENIGN
165074,9d54e07477f81832a18d28cebc68c433c4ad81adc8361e87d3420c139a753cd4,BENIGN
6920,cfaff31f1cb832e7158e1b0389bf0809226cfc0a435d61825cac52194fd077d3,BENIGN
29520,486e3fad3ff3857671ea052ec5f87323eb495b57784fbfce7678cc59cb3137e6,DDoS
55309,e504b29d73a97945dd66219732c1c96b010fd6ba533be5808e7498a3c0d109e7,BENIGN
59426,0b641de1effa22bc692b8e55ec556eb7f1e7e9a2b5ebf5b9acff9b54a217e37c,BENIGN
76729,1f15142b6b5bd33660a5138b5b5c0782c283d7004f97b3e5e460d465cbb062eb,BENIGN
176773,d53ad2b0b6338dde54ad623921b65f9b2c3208efaaeaf860100e973a0af317be,DDoS
38060,be2b667246ff0c321ab4ea64a079fdaa3a68009ebc07fc6be2b7c44a90d57686,BENIGN
72776,422bc24defcdbf671ea83182fcedb4ed8740093b6059b91f512519dbcaf406a4,DDoS
173966,fee1daeb7e149053bb7b01e189befb1cced2ec0178ac217f166dd946923caea2,BENIGN
130113,20b323bd638d658fa230dcc71e4029f120a2638ac9a75c9bd3b8527d51adce4c,BENIGN
129066,22d91bdedd37d6889d0330636a7d58d80f32a3420aba38574dfa5877d5aba3a1,DDoS
184924,db127a7ad7f82bc1193603f8dc239457f18d4f4d194b6eeee9c19bf9ca528ab5,BENIGN
195188,95a30bd5b5e9e35125fe4e18b60bb068340d39781a109317b8dff2f3f7700455,BENIGN
109108,444240f1a2f4bf473f4dbf9ee5251e1cd2447e291c1ad11e7abf1582706e234c,BENIGN
57505,a80d9a376eeff8837785495caa5d496a46e2771a7350d2e71fd1d32a1c004771,BENIGN
123707,b7c91bdc59efb04922a21771ae86097855d6f35b0302759cc5cbeb30745491e9,BENIGN
205955,ee6c836833537fb1e0ba6ba1f0bb3832dd86d838cdc9f775173b1ecd120e5d11,BENIGN
110298,90df30fe80488a43bb901e3828638f10e1b31e4438df2ac672d95271dba72aa9,BENIGN
31148,bfb63e66f4425a80a86a531695c2f358d0e7b8ec1cb34debe208527902000a24,DDoS
58624,f980fea28d7449164c308afcc42d8e797b835594f14a0333278d3651bde81887,BENIGN
96217,53967f49ff5169b2220526c47f843f9cccf04bf0ed17c9b0b4831a58a084dbcd,BENIGN
82668,5b91df93837cef121f304275e1e7a4c105d386cf3a203d282f33607b041dab54,BENIGN
118104,e150edb8032cadb4bef40fe4db3ebae99bf4c16c6da9e1aa47e5a0093bb23956,BENIGN
164256,0048fa44debcdc7885dc75c18aec68b46c85c06ebeee513fd47c924b2c8aa3a8,BENIGN
17011,b41d5a0fd95b53b2356d68a23baaeb7d370909f8074a8c7e56fba233b531c00a,BENIGN
135618,3fc54f9659320305ff780feb3bd8ec3204cb59c62d58f5ae580d3924cad7c54c,BENIGN
31015,2ed2f3f71e465376671cd76911e2f050d2fd06d96a0fa3f6c9d97e59c9f7f7c2,BENIGN
105326,aaf78bf3354fe40d136e50b87c0be92b75bfdc451393d1253f67abb041929779,BENIGN
121737,fb8741d9adfd33fbf81b40313a7a58f4706401af3bc6d337fb67ff2e656fbbfe,BENIGN
50375,aa600194cb9c74f324a519a335db7db8216647074053a4f1e8b2d2cfd10f51c4,BENIGN
23540,4a6981250b36136d4a54de164fe9fbdd35f1a082d730da3a26dcc11bd47dc165,DDoS
71414,5673e3d1e70315bfe125e07f76a5b53fe73555fa114aebf807619c8bf291962a,DDoS
125179,9b12f1bc24953cec37338c27dcf922c8d4e2cecc080c5160163b1ca4f4d67d95,DDoS
160285,e9becaf504a5c37902c0d1968196a21cfc0fd915b2e243bc1157ee99da73582e,BENIGN
160006,e100de06159a380a3b5ee67563759ee0b1e095e89395eb523be4ef88541fdbe2,DDoS
138377,b24a0a8067343fd43c9bddb54c65a07af9b487c68689e370289934a34bc1c2f1,BENIGN
106466,1f8b45712355fb96090572ad96b1b8a3ca32791f14082cc1bd5daa9acc09197b,DDoS
13871,f30a8ab327b475ecf538549e444c98a985dd58db98e6de48da682ce8429cfd83,BENIGN
36680,9bfd3862358034de3a51d4585ff222a9016f617a744a16bf1ed7a20fd4ea0a59,BENIGN
72882,a5aba64773dac082f257a55a2b058bc760586d4bee3df7be5a6425813f2fd6d5,BENIGN
94802,36838a82fb5a43277d2b2507efad1157755881d31a87ab5ce8498608fe08f2d3,BENIGN
39855,431f19f81cbf7d8cdbc4e8b3a09b9401b02041255bb0cda718fc7f9c9458a6ea,BENIGN
34667,f8c3b16bc4e53e3d5ce3e6e35e3c07a97503000b0dc61ef6a250d6c60368dde4,BENIGN
16027,fe4b970c396348ff8ee8aa73c3880ab3355e6270dc1666515a6394aaf5270e18,BENIGN
32674,0bfc135b2249ef7f336e0d044a4e7c60dcc201d2c6c42578da29272c8161c5f2,BENIGN
194594,5cdc10e58c8597972c98b5b51c31df9a6fef03744d35df468cf872e3633c4b23,BENIGN
119501,9c6dfdc4fbc6faa9a7e796c1994f3d2a91b5d0cc21636551cc8c4b885e169b91,BENIGN
11588,ab9d5fb4a1eb294cad19aac5cb72c2de82278cefef7388cfaa022634932408bf,BENIGN
190253,d0cd1aedf9bea15656544b5e1956fe8ca41e126b6315deb942d550c07aa915e4,DDoS
188477,be01a781b99e8e56628cbe4d2b27731bdb793bac6c1e80202578976099a8eb2c,BENIGN
137294,a3ef08f2e7f010e5f593e3854b450ab7ab43afbc879c21888c1349037876539e,DDoS
45548,ad0615ddf73db5133a276e730b16e7d9633d77750bbf387d641a20a7d480fd50,BENIGN
61679,2d1774dc4417dd086edfb8eba012acab4a9e3a54829ef11c8d1c723324367d4e,BENIGN
132982,10e8bdac8bdfe89f27e75db5972861663bf841c995b11b8a187135606927730c,DDoS
182618,020625664fe784a4d61146ad5f9686ffe821b232939e788b2f9080907c831110,BENIGN
183902,36fcce915eea02f24c4ae606894a66f4dd2333ff67200e2051bf105993289058,BENIGN
109951,f315046b36344932141252e15b5b7ca56dc75f1511268955ac2bb67f2a7dee7a,DDoS
199080,f1cc83044011acb5a0e971b67ed71acd3e85f6e0e74d3b8da6d1ddfd23463d97,BENIGN
207546,02ee056de284112599ba4ad85f8744d1cfba42b5f81980655e83df03233dfc7b,BENIGN
8509,da5e677f6611a31559a90d675925486e78335c2eb3fa1bdea34afe28ac9d12ef,DDoS
64357,8237c5df1795addd5e6ce0bb269b19d593de75ecef1c3a4613c7d6bbe851cc63,BENIGN
76232,47f184b9676b31181c5333061bf630372dfcb121a814f7b4c93b9344e5e48ed0,BENIGN
22997,d313413b659df44d1b8ccdba709afa0a11404d27f3221127dc51a813962d6bde,BENIGN
151531,0d37419b46d76cc43472a8e26d57424e149fa966b94282048ebf371c5939663a,BENIGN
97522,acc5506cf405a53fbecfbae3ba4cd161c1d59bfac973adaec61d37e96536c77e,BENIGN
177459,0e07012d8b311b6fd297619c38827e6da325e7336743021347eee951a7eb6e38,DDoS
71199,466212e5425b7b243a774ee8dc85597d9467df180a8e5b46e19231aa00bfad68,DDoS
174076,2e6c8b2a204ef707c43053c5088d2e11619dcf6aa90e70e94e852d47696f600d,DDoS
180512,5a3c807e70ab58dc7bdff2f30157d305f8d9fd6d2567501e3afb5ac41d4d0712,BENIGN
103777,f27d7415776b2ba0fe2be0762c8f48717185f6b70be7a1606c87ecca62c542d0,BENIGN
200082,bc1d684c12eca24f84a80ea0dc98739b93185ad3914fcb51ae5322026a5281cd,BENIGN
12937,3b1a41f9e3db3bebf7ce03f3fca78f292784df0be27e7627819ba074111d26b9,BENIGN
186948,48971507685ac6fb6e977bf4184d8beda4b2777802c0e6444a7ae51dd8296592,DDoS
173140,8fee1a260860bbf7414bb3904b5df6903bb9a6d82b0ed8d9c154b0841e57057f,BENIGN
120946,d1bc1497dbf1365472642bd1f9df67da75d7f80b53157d604a29f9431e8a074f,BENIGN
76144,ab579e261fc1c164cd4f2a7ba80cea700c8fd3412bc65cb31fbdfdb47edd96d5,BENIGN
102316,d28c1c5cca6c6a98a77b10f632cccc2e7d9f632d1befbe2800d95499f80a692c,BENIGN
5045,5b869767ffe02d4a80411382c37294977cc54b7496e4b9aebd5d980182238e82,DDoS
127935,0c65ebf83c9e95837cfba589de5ad5df2d653d1763b1e8b10e77df253d134ab7,DDoS
93142,54f0164f060e850990134b173bf53f17f1307cbf2fb516ed4f158c658bfe6685,DDoS
64438,3cd17705115943057b0c99e30f6aa8901ec14ff76edbb8d67c94d5f5546d3e54,DDoS
37976,0133929abaac113a4d0db8f1fc719bd3d9369173229bf7076963de42b9ba236e,DDoS
191110,c1152b0c63d09e820402df81982132fede2d0f3c3960ae5be593766af9ffe1b2,BENIGN
158688,fdca3be8ed087bb0b29d12fd364823f300afa179a1523d667563ce2ab88f9fe2,BENIGN
98066,a50c97dc74700b3a7c1a47e66ecfea1c359b44e67b6e86268fab3f97e540e77b,BENIGN
119278,75499d8affb1769556c9ff9749a233e1aa013501f8a58744a9bd318e752af948,DDoS
78717,c6195a5715af2b4e79e63f0d98dcb9f129102c8815887c6f54eddb44ecb5968b,BENIGN
132167,e43b3237f615bddcd695b0b97eab0133e4d136982c55723e70d2c3b5b91d8f4f,BENIGN
99540,7b175a894cf9f622d9b7e358a60f6f11f831d0dc709dde7dcf35923ab30f8248,BENIGN
100268,1b0575f76d6164d6c8e6d3343f55eab85c9464c162d5b7da548c0bfcd3a52f13,BENIGN
147532,3cf5233989e4e7a7ac4700f7af09f2c0dc4ca2b3c82afced9670240de6a1f020,BENIGN
165873,a4af9533c3abd456f45f6c44081dcfac901298a4e2baaba3ac38840da270f259,BENIGN
145430,f168ae14ff27c1ba909dd3317ab43df6897c426a873017b4e807746e4e4eee5b,BENIGN
8613,452e02180f781807962168321b075c9769035bf3a03741ea0b1c4c75f6957359,DDoS
110693,90b942f215494f9e2a06c7ce9ee8b4588144ef36381e09d3875856363e97e244,BENIGN
103800,849aa646b77b76b88a925c9259148b6d7f1efb8fe92d10e49b9962f1127d809b,BENIGN
139547,4620e3b8a75c2adeb7e16bcc088f9908114f5b45dc6c6612324ce030f1d7d276,DDoS
116374,5cc62c7fb967990eab3f4934ff4adb448d391a032036fbd36372a2713e462c1f,BENIGN
33978,caa49ff1fbd2c9055cbe2fbfa2490723f31d6e9313505bff18eb7332bf5942da,DDoS
22658,a018038f86eeb9112edfaf3d93d68534750389ae9f5386f2f31eccaf07a46a34,BENIGN
128472,5e4a1db0de5b1e60531777fef616c386abf629f615b49f832f4731edad07e58a,BENIGN
51469,0b798a9084f39fdfdaa792d13007eee768c4027eabd6eddbf07cf5c3fccc67c1,DDoS
118488,bf240fe76f2001612f5ea7f7fe246dbbe892a2d2dc9507241048c6b6c0c5cadf,BENIGN
118589,45e779bc2d3b9bb4ebc8b61f4059813d36bc5750a4f849e910212e0eb0de9947,DDoS
66642,b0a2c52d8637dace9e6c26f3891543bbf524e521c02cbde75e59c037dc067889,BENIGN
109400,72f90de54122bb01dd5fcc1c1aeab83bca4bdf4131344b68328da5601165bf55,DDoS
98999,589ac6ca84559a5d82bddb4e29dc695b0171766a6113e1fb5b839a3fc9ed4e8e,BENIGN
157586,5cd98dadfd317fe6b4c18445f4271ed7d98a9cb93b288966faeacf069df1e4dc,BENIGN
68255,8c6f4313ad8495bdf2ab4fcf43e36eee90c9c8459e5b1cef37c353c89aa51088,DDoS
77216,a52a0e9151d3ca91923b53ea703647b7c649731e082742d3ac99042e7c6e39f3,BENIGN
155101,b13af5390d3c77e49e0c790c1d4e0387e71c917aa67b917e7893ef43749066eb,BENIGN
204169,c8e9025805a45f83108ed22248e9eddb577ece9b163207a2061ab7ddc8790120,BENIGN
10270,56dcbb5a268f95b697a1a50a6066b2e9d8762846d029911d54ab14ed1e8cf874,DDoS
18910,ae94a1f0f15064804962b4b4d3c3c0074fadc3f7d171a08a39ab9bbed7cf21f7,DDoS
65251,48fd94bbc33a5e9f1440231042930f51c2240508b91a848c2689f94dba19029d,DDoS
153925,3a4fd85f045bd44f04276fd8c9eca9de2f256eb1bae43ae14ce63a161e2a422a,BENIGN
76311,f02ecd403c0cfcaf03df6d6cf5f7fcb5f1eb1bd1590b0082cd1e3568fa471d95,BENIGN
175224,5cd38f2f4d29d32b8f1caf2dcae03b1e484417a7e27c04e206de8fc1d1020ae8,DDoS
123513,3e8931ccfbf4fe113d74eda2a94181bc54d012c05044268f98677c90e79a8254,BENIGN
196905,e4571f62ca50a8eabd9d8b3986e46c7865eff4f95111e1e2354623b79275acce,DDoS
172874,162606b1a514716116f7524e60ac14f36c0410b105691d874c3e73c8990ae0ee,BENIGN
60613,ad8e735cc3e1162400bad59d4182d3b46848282fc2798cb15c237728e6237e6e,BENIGN
168556,56fffdf66e189312006640c9de0a067df7ddb903f842edaf385632c5c76faa9b,BENIGN
27937,9a0e73ff2d2f6ec9dd257f80eaf540984f0dbc54b9a13d847565d4c3614b961c,BENIGN
154886,54b91cf02ca5dcafb90ac89cd4faf3e0732b092fda5a28c303072d1447b0d222,BENIGN
3190,6d92da51a3caa2313ae1d0d04b9c8b746997b0c577a249f4ebe2c8a936a6e81c,BENIGN
92725,43ec47d8ec622d4cd3b0a6c8ba5d9454abc0a9b29c92223ba28c36280e00a0c5,BENIGN
144133,f6f97dfd763958ac7ed093a2c62858ed59a83d145724f2e1e5e4110b5cd81f0f,BENIGN
149225,7c95592796a312439a376c7471080c5e1f61f5b4d7253a61d2b38ba9c287ce40,BENIGN
24898,6b58bce49c8fd018f6492ed4fd51f4e1467be13ee782a860bcdea54a4df7c61c,BENIGN
152278,d6ccff8cd5d19367e9a8e9a1a04c77005cd1ed493ee7290003205da8097bd021,BENIGN
18111,5b772b5e95f3cc7b09fce0a81874d3a0693f6d47a87f902e8207d5459c2cf9e1,BENIGN
172236,2fec39294262020979d389530f2a3b8fee8116984dd2b1db82303c20fdb2d0d0,BENIGN
83849,d80d9eba487ce2f649e0bc3edf15b51941bddcad7e106eacb823a4d92cd51364,BENIGN
104194,6ff6346c9b4ebf365f160c7207c5bc88917abb91b9d7c7db7deac90f3e344798,BENIGN
37498,e8ac5fdf9f45195bebeee2bef5d55a057e23c3806c1db53a7312e32c50f3d784,DDoS
47363,aca21676b703163c3fddcf75db297a74e1cbc0d22694dfd45da4ac20c8c81170,DDoS
163183,920691e3c16643c50f819492cbb5791d7a6ce825b9f81a062421ff08137ee8b9,DDoS
55584,d489d69641b85137b980393ec255660b62e45688452d9a7b2ad2fbca3352cad3,BENIGN
86980,0e8f34be6f0915d06180f76834337bd0a7d812afc9d5a63a4381290207df0020,BENIGN
76017,adf9c0ae1e2d961616c29be43fbd2fd820c47d17873a8f780cceb0451408d80f,BENIGN
77886,06a309ecaebebe1f30d6c744d0313ddd48459683680b21f11258b2317a92670c,BENIGN
203859,b1abaead2d909632d48c471982b1be737bb559cb2ec45b8ba0bee14b0004eba8,BENIGN
205298,a83a844dd66304493ab53ffd37265023ee960a04b2d6d2645fa2ff4ba09067d7,DDoS
197234,32dbcf16d983a79c90d38092d864ebc1e18aa340c53faff9cbbca88bc6b6182a,DDoS
23271,b64111bb35c11b6c39f225df79bdfd645b66e17b05d831719083f8aebf123e52,BENIGN
31872,42dd3a056ac8aabea9bb7cf57a272cca6bf0629d2c43b9bd75fd99f2d9877e61,BENIGN
51463,fe7726bec4793faa9adfdb06e1e6659a18ce42ab858d9ce069586fcefe3802bd,DDoS
178284,c3c256034849f581b49fad4c5e7b29ab14529d26c39e6b61729b6be9d12b985c,BENIGN
192061,a12f2d0e377b70399dc096fe5704e4e516ed8db668a6ff1947d6765dda98fadc,DDoS
179029,65be5fa1dce60e817a7b38f47641cf8248ab7361b9f8b0a6577ce191d4e02bb0,BENIGN
117919,ccbda947c64f0072a0f28ccad7256fc52a5f79014119746f1627b2db2dde6d0b,BENIGN
166400,b9c5350e15ce450423f73433137c654c45dd3f923f6a95fef7f866ac9a7bafab,BENIGN
39234,553c5a61537268fa5a3da36860651ab83f8df47e55cc2e73b08edc0e8fa2dd67,BENIGN
164764,a8fe7424fc6cdc3b555494361d2e04a85a45f806ecec8ca7f0f2d910c9bbf0fc,BENIGN
177333,655e767f0f1d0946ea59f8c48048f707b85c815c8dbe3d2d932711b9f8f12f28,BENIGN
182051,8f5e129d90b87fafb23bbb9d42106cbc37b16398baf256654dd954ee8720e7f9,BENIGN
76432,afb3483baee501ce9d9e9b27aad3c51412189d5f6c27396817a83b5ba5ea01b0,BENIGN
196695,725b29479444b71ad875564b6601320a575abcad8e9c253ac1438eb033724340,DDoS
64301,62f9eff65ab0a5ff56ffc417e029242fd54f801a29b7804b3b7340afd0b7b215,BENIGN
173064,9d237f1c0a1f7c804b7271866bd743efaef475395553e3bb3458973bfdb36dd6,BENIGN
11673,cf7cc4bea9010ee08adb8bc173e5506a4275c50470c38626327456535187effb,BENIGN
158242,3abb6de2e1132da39f887bb0dc4226681ddd26d14687051d75043312d9afe110,DDoS
86099,6729a85df61ddf801b1278a7154485e98f2fee4f4fa2a3a971d38b52fa00beac,BENIGN
74942,8111d56751db26fc5dfd4e29bac92bac8925c20c8a8652eb02eca2bef054575a,DDoS
49569,c425113cf038c9ab5e9b3a112421d6bb51c8dad6520676974f82e0e0c54aa112,DDoS
5252,4d3cbdea3599fdd4af6dcc8795176b55a2f9b88310dc266372fa475dcd7a0073,BENIGN
67390,95d9a11886ff5ba1d85f32291117c05b7c51be43551453d41628a0628d450689,DDoS
32036,7f381934df79f0940a8454f896d495ad0a4985a9afb37dfdf2e21ca4e2f8673c,BENIGN
11377,437fccd541010a3b3fb21dd670716b166e79b51ce3c0dcadf1ef0d4481b3bfca,BENIGN
177740,28548a6d51a5e55bbdc5a8106f4870a0578d7e959beb74ce5dadc6d7080183c8,BENIGN
34739,b17abba6b7a89577bcb8208c14322825919da9775413833650ee555e32423193,DDoS
9813,338770d68d643cab6cafd1febcde9a8dbfc100a8d4212ca44febe77ef97a5e48,BENIGN
192137,205b332e5ad65cac254cc630f90247ddee28a729a09b62d63385bd9329ba71cf,BENIGN
93695,935070ecbcd7ae6e721ef3b4398d4bd42e55f3cab20f36be701bebf4c4d04640,BENIGN
12321,db5e25d4a27054178a01edd40681472a49f59b2ed2f154d0ddf775833ac42163,DDoS
103110,85e9c87aa7144ab4239fbc3f66ec4d88ff97a1b2215ea72ddac58438cd638563,BENIGN
82888,b016db62f5cb149d20852ab86a5294c9f3153784b66462b176353f01fe2c8852,BENIGN
138967,902bbea950ec0b515a5ca9355099f6ac472ca94c2793a5c602220cc0f8793626,BENIGN
56876,142465ff118a6537ef7b3c1e0e275634fda776cb9bc5a3f6bd893e50c693e43e,BENIGN
201326,8518a198d05f7a92fedce4e2e762fecd7ace98a005c93f5b463ff703069dc4fc,BENIGN
130798,1b6e237a2f85e0a6c394e4a97ac2d9432dfa966de895e82082e42f92e81854e6,BENIGN
52223,6180ad5c1008d2455c673da85d66a67f3ed3c2343733729d54720b7f8b08dba2,DDoS
52843,24fd5a8eece4f4ca990a47b2eaa5f5c46f43dc2b9264f86d047efdfae40da0b6,DDoS
53234,a0a9790f0f7123f60f932f97075c7ce0e421c74418c602e14a1956e87fd2fb63,BENIGN
19656,534ae706adba8e9d84ddddcd489d234ee3c0972ff33e4397a9e619520d705072,BENIGN
44629,275f7cfa897a92409a92f7c456a5182f683c7a2c9d5a272dceca53cc6e4258dc,BENIGN
74661,6f40e0a58ae150395eabc886b50af6728df7140eb7325124bd7091ae981844a2,DDoS
206409,b668676cc114448f2f1debd026df940d4a7d1cf582c1d766050dccc9dc510977,DDoS
5356,a41973f537951d259be6de3ec2ba08d13d800dc64a5d0c4d3410385dbb6cc6db,BENIGN
111862,f06a83e81a41ac2ac86539b3cf5ecc0bef131cf51c5b63f4296c69cc474ca013,DDoS
87838,25a2733ca820c4094661e30339b34478dcdcac2b1962891b2fff4aa36e86f8e6,BENIGN
178002,e26231c1c71b1902ba5fed952868b4c4615dfe477c61ffdd520d0d2e6834edf0,BENIGN
78251,5de747caecd78030bf5ae98031ee04886dc12abb934bb9077da6e0ea84b3207b,BENIGN
58965,7734a0272b844b43eb555c600385a0cab03e243b05cc5ecd085bfc41da07da75,BENIGN
145825,07157e7962c918663eaa53a400162bf87e49a4db89b66d3192519964b54b05fd,DDoS
153899,2959cb6143195488f6343a5190cf06abc9248fbadbb4d0a98ff768c4ac3717ce,BENIGN
121411,c557b4beca78ff4a6fca3e1fdb47b30268faeabbbfdb734e45525d7c4821cead,DDoS
186389,f758a24a390c6be1e5d4b081f4831780b2e3dddc91db4c727fd065ca6a66a9b1,BENIGN
133859,cb5685964247eca9abe6c845be4b381e77ebd3f573c7248c94a51aec173df9d1,BENIGN
162770,206a829615ab93418c644f5cfbf1c7469dd8a96c7f6ec2fcc2bede71943ab8f1,DDoS
47756,eab7caa3cfb6252ad681f7a0d217ba0ac6078116beea4e02e6dbdb90f0c54d9b,DDoS
49477,5ee25da1f27cba945856278e639ea4cef2364b0fb92287712f512796a2582870,BENIGN
177028,973289d1822a3800af602498c5c7759f6796a0e5c799740cdc6a515b886e9741,BENIGN
39730,75a7646cce7df56788616db07c5885afc26016fd4a02cf5efd2ed3d59f3ddebf,BENIGN
132759,16e8d3d86c0454d418f6e7d01bbad562b6ae2c431bce0397ca8cb9e43f3829bd,DDoS
20234,08c63109551c1359b5d327ee54e2e9554cb434949dfbc8f80e5f22306fc27ba2,BENIGN
134530,8a8f08f86d2ea5e5704d5130b737c565d2b4e82d2b8c43cf29d5a7b1a46cdebc,BENIGN
38270,596c88ec05e55d1ca794284ff38c5e842cc58fc7ad84c5feaf5c3ce024eed4fa,BENIGN
105295,c37c67a2d98c7c9d5496ac326e78d524ee4638e97368df33b03f235aca80e654,DDoS
173385,2fb2e9ec77595c1ff86578ddc84adef5962c8ae88cb099fd66d9b66ff6d78997,DDoS
151483,bf89688dfdc733304941f8d3ba7d8a4541a4a6fa61d63283c13ae3d5b3584640,BENIGN
64331,9154d3ea2834cdfec5b17780348c30ab95911362f252761753b7914784cb7dd2,BENIGN
157130,7caa86cdac9a3471e417559f818b0f217826ab07f4004e35d389dec92e3b24e5,DDoS
75284,dcaf402dba75a8a9930f8445660aa00a710c017895770d2c43d4b436df968f24,BENIGN
138492,b02a1d7ae824c891cd13fdb01e31bb57b95819484ced000f9e42311f78f70463,BENIGN
95107,6ab69c3ec8e28a3c69c3e3424426b416cc32182cb6f164e954e5d6737ceb8d25,BENIGN
21941,9a3e06c3e1e80ba2c8cf21f7319feecd0a9b5da7c43f5fab0fd8cae346c635f6,DDoS
160057,a76fb9f7d8eababf5a586e903f38514b49abdbe1a5e91ba59aa2358b3bdc65d4,BENIGN
76693,4b9ae7f9b220b51af18013cd90847bde44ce930c70c330aad3e93e8e95000ab6,DDoS
190473,8d0b651231c1ced378cb7995e756a6368c5e8e862e154564011b40438c8bdfbe,BENIGN
24798,ef052c88bd9b50097c321e64e1a99d0aeb20f81ae6006339d98ffe149b547bf6,BENIGN
150270,ba47aa258272f372db6307d4ac9757dc3667469c78b0c1674884954076ba7ad0,BENIGN
113819,4a006d99d197962fd88287aa40f8d1567cd33f003d29ab2cc320dfb458a6bc06,BENIGN
1099,3c388b20eb90f74f2cda43daa677d554b47b7635bc310d21ed20f17a49e9814e,DDoS
166299,5370c69c6e196a461b7e5eb031b98bffe424c0b7a04e563114d3633593bd927e,BENIGN
119810,3e71a09a82a2b3b59da161c2a6183de7dda7cbbd34336f99b83e2bd820e37535,BENIGN
46942,7cf06e346c083456f3340fc3d5a271c204c343ccff3f60a53a99e2a6bbf7a692,BENIGN
99267,9b6a389c241956698769307633ab8371fdf018e9fa50fbe57c949dc2bdebe446,BENIGN
54911,5b06e97221ad344b5195b6e743732efebb55ffe97f2f7925db66a4c8a9ba9769,BENIGN
124729,846561dc6bb6bd19f9e8b72441d7ae98adc1d602c3241add1b7f2d91b3984850,BENIGN
85622,8876f7a5d247872890a92cd453f2c4179d8c091383dbe83dae9b6b2586d3e2d8,DDoS
130297,12b1610a036a5f268b3115e3f5084e0ea84c834ac61b01f0349479f5179c29fd,BENIGN
165415,e24312b1883ae4153c370354c05d93ced4f943ef0f00a45bd8ddca6df34b962a,BENIGN
104950,5d9f6ce5210f7cd91992f8bda6fe3089c22bf7741d07494009ad6d597b43fb49,BENIGN
185140,1055b4d01dabd3e607a150a11b8d74745b02a2eba51618a6302821a133c0c929,BENIGN
71202,548607329231cf23ff2c76135660732c892927a34937f704ee1173fec65951a1,BENIGN
132049,1dfa8dfefac263db50feb8bb30f949be6dceb91eaae7401b10bb1f9e92276856,BENIGN
61753,009e84016c8685808301df846068a9a3322b53399354e0666be18554476cb7e2,DDoS
170997,6fcba46ceb624725767846f6e25dc8269ad4ef131120bc7f77dc69b95297145d,BENIGN
19765,89865db5e640d85c1a8edc928b544da6631fae114fb0d2696a4649750cc6a2ad,BENIGN
163255,a0b0a9212b62d1dac56fba44a861e072c7a2c71a7c650af4c5cde1091ace9681,DDoS
139971,f7fbe26771dd900b34edd49459b4f02901b770119de8177d5c915adc70b391ec,BENIGN
165739,dd315e5052505e45c583fa98438dfdf7e4b6551d938a77e3b30a9b8afe92ff64,DDoS
21100,402d47841a4bb62d57e4093bdfc2bc1380e82b182cbb1319baf9187fdce251b3,BENIGN
135850,f2ac76f4f832f5c9d32966d0a66b3467f58ea02ffd31f240329708eca4de80fe,BENIGN
113176,a0b97b53a33cb9ba2af759518f5f2348a421b6f38642f236fdd1195cae97738e,BENIGN
169514,0972dcf3312c7b66992ecc12acbe8c63a5cb8f1bbfddf0a9720b847bf101f809,DDoS
58921,dd41de0972fec28d1dbf63e3f0d2ba2b3d916a6061c5a6be3c36b16b0fddf0ce,DDoS
42859,97bf05648453344dc825da25592426cda3c3cfd9c814b244d0f21d6766f24133,BENIGN
45002,2f499a0695e576d38b8c4c8cc1af5fba4cfb4fbc6c5f8f93d2fa4d6e8d7eb383,DDoS
104410,4694944742ea7f6176ddfe97876a03ddadbfb51c70f18f93b36aebc6d1df6849,BENIGN
35422,85d770accf07ea2d4111255776e476dd515a71219034c15aa4cf6579e38b07ac,BENIGN
201959,43fe3e458f3ee373c3d2361f2fa05c21dd74ef98361cbcbfa2c5ee9f3014f3d2,DDoS
130812,a269fa9234403c29558b6a9642ffcffc1b379aaf6e3e0174bc617eafc7533c67,BENIGN
67172,9315a93415714d6d5d5db9e559b2ecef0436176900faf3bcc218ca35eba4146b,BENIGN
186934,d3c048c81e3c252edc787d6c72e07c6131adb5e2580162432be80a183aaa744e,BENIGN
145650,d1eb33548d1010730c58cb3c077f4282b2e68a404e55d1be904925a7a75b47d4,BENIGN
133221,f3402adb36554c210d837bf174cf16e72cd71b44bb4772a1fb9096d624ce80f8,DDoS
60152,5d50c6e1837a3aa487bf599c14b7a80fa3fddcab250dc19785ce9fa2d5dcdb30,DDoS
159858,dbf55dc1f4f9b9a0f55f95b3901266f8fc947d6bf6ef8e1006bab426fbe3475d,BENIGN
79755,df724dc382397519224d06a63e6e041614163c6bb20ab4dd1c492618c3de535c,BENIGN
137296,2d549f07b38c534575bc9071be405d47ebdb278356bc44cc20c53c7c72a634d1,BENIGN
164990,8cd0b0713262d10abbdd083301594f9c7decb2a7ebe92e1fa472ead19b298093,DDoS
91404,1fab1898fe8c974274d9727428371878f95126b841fcd62560d97b2e370ce2b7,BENIGN
57668,1146378c18dceb5e41b45b52340108738bb7a426deccf6bf9109b5d5c13249f9,BENIGN
154249,5983982f17fc39985d602b09dfbb3fe0940f86b2891ac816b0b2ed59629b829c,BENIGN
54951,3fa23eb419d29a3b779fe8bdca2696a5ff3e482455b6097de2fa5ebcb1554603,BENIGN
78632,ae3987115c519b0fe6c08465d60d9eeef284b81c9927f95ac4eb59456412fb7d,BENIGN
87366,55f5a2d0e98029f8ce82faf7e3d370b6c2cdeb92a71b156fb5800b61637092e2,BENIGN
106160,b2e46280dbbc1ec1831f3f91a90afcd093ca3b3325a03e495844aa491769aaf4,DDoS
134005,9ba2030784fce6c807647163c58dfc3772be3ea04ae53a15debe661c252a97de,DDoS
92173,2e602443d9043a72e4a5d98b1697dca1e8eca6de1cfe2b224656c44edf6bbc3c,BENIGN
184861,37434fe28a245772a939e9b6d57a4a49a73db08426d2a4bfbf3f0c99170d4bc9,BENIGN
18543,4af2ffc0f6a221cf6ac04f1f9fe5a7586379d76ca8748f379d96c5fec07f5a30,BENIGN
100288,a940bcd6d9b1666c50d1955ae280570b1d36afe2d3e3df869aca7508b9ba07b7,BENIGN
65081,1f9882b26204812d2dab7dd460c98899da34f30410a4620fbc771354ba245501,BENIGN
29733,ea70afda7dc1b9531e7e0726ab38dcef7f206d7b5802aaeae6d35a44d4c74bc9,BENIGN
192322,2a0f62f1b1ffb8b2ab4af3c11181271e73f7e81ce6565e801ed34ce72d80586a,BENIGN
48831,18b59e59c80b9f1f88285224f9b7eaf55a47a48c34d10d4def690c4ad7af3842,BENIGN
201419,260ecdc2e0918b2885a645f65ecabe27443aba6d541205464ee97bd24ea83d50,BENIGN
8280,a266d1b0857f8b227ef9a350b3d5241a2b9283004559641da2370c48c62a029e,BENIGN
168638,197d8db2e50b9ff0faf8ee9f038fa6a8448fcf027f63c0c83ba42473f4d7cc76,DDoS
7453,4c8b6d24e18f60cd403867ba028727f7f84bd6d8697d8f98c289d4816c77a7b6,BENIGN
190411,9b6f9dea2c8af0a42e7b0964def885bfb069bb34063f6d9e43968b7200b87e2a,DDoS
137866,183bd24089908e630182678a597fa08988654f9fa82e760b3351e5fdf4edb638,BENIGN
191717,f82782b57204a9b0bde6620ee36464684272f324c9ead97ed286ec10db05ffaa,BENIGN
114449,388c202349bd4e72e7a2040e842ce32c5ed1e6cee47e1b93104664c91cdf7aab,BENIGN
15276,bf73f682c48340db746485c640c79baf0e88216fc24c55e74b5fdb106e0f277b,BENIGN
69669,f143f9d087dc071533eaf41210afea88686c361e97edf233ddaa077c6d49b430,DDoS
203394,6e5e3af5257d866decc1e46f968c2dfe052e40ffb08c11e8241c4c39199e8c7c,DDoS
172185,bab23957d1aaba1708a7245d854874efeed5939d478c95e9144684ba2296668a,BENIGN
97362,b58fd056b2b26814d51cec6f45afa6ab51b72adabfe7354ecd7b60a4a919a847,DDoS
191395,d8b45f4729199a4926e5464d04239427b783087e504da067b541edbb3f4ff96a,BENIGN
13639,a25757249d642be39b946faf55329aa1eb64824f5bc8289b530cd93b5f005902,BENIGN
59741,e2ecd5c2b06a558d81a1463fcd77516a97554a2ca83d932a5e3c8f917bb8ce75,BENIGN
48721,a123c694c2956f63e42290cbc925e313d26a4a4f8744c07e2ecfe013e5f54610,BENIGN
27667,9516d41ea3df7f56bba405193ee96a7b3f422d35e5a32c0038f433d70801b82d,BENIGN
117864,7174c9452b27b72ae5cef6f593cedada37196f6b683dc5574e13ca6f116aabbd,BENIGN
110319,2b7c0ed066ef3c139267838ee42589e61e27a0e069ce7615d3d2b36e065404ac,DDoS
39311,14123ecf1803aeaac4312992b92b0104c205ba8841dcbe43420414771894abf8,BENIGN
128095,aa7d40b5db6bd74d82d1e89997dc54615a33efa1fe34f265ce131b3d19fffc01,BENIGN
202572,3b0483234a4df1b0a61a0ddde6123b468c77f6c472fd717c76da118008b42a36,BENIGN
67931,28cd03757c210bbb0bf25740edf7b7034c1bf160942b9a8eec2a58394c57b9eb,BENIGN
105887,054ef963c40d8d0de969bc27cfc92a03ab9513dc9860014aade3f40492bde00e,BENIGN
116116,d51ae5a6a69f59bf18a4dcd2ff8e20913beb6d09c698339233f5d4c20323f9de,BENIGN
18925,f7ec82540978149865a7349828432e937577b6e6165676000a61c037f9d5d7a4,DDoS
68240,3e0d4870ce839b61062b9d4baa51444430258276c5cd4c80451f6069e8d90567,DDoS
168232,1a3aac13bf83209914459362be0eea941361817c1ac1fcc704fc6fd36cc9c9eb,BENIGN
141918,4d24f71e5e14cbed3ffe075c9c4ee49c8513e92fadd17e52208d9fa3b4d25402,BENIGN
131229,956c125a403417fcc6b75cf87f53d411b3ce8b084241674200060219da73eb17,BENIGN
139364,e7d350170c9ce43bef0f94439c2c5fe94ae8ce6cf9e6fee6bcea6018b4bd063c,DDoS
1588,722b3a9b9295ac20f2da6f94525dd349b529a5048d26e7f0e63bdec77c5a2aa4,DDoS
79954,7745c214b38a8915fdbdc7863f4d056d25843a8d4cc871126e45194c8e7a8c75,DDoS
194712,530e260c074568378501cd5336b3e5cc8c15271dd5d0a40c196d5e6bd499681e,BENIGN
54044,f9468445217e637043a5f28fb4e3e4c6d6aa1e0a8b3f47b535372a0daca9bc47,BENIGN
181630,6ff2bb22f0cd11730cf3390543ff37f8a5da403fccc74289d47b4814bc29071f,BENIGN
101769,0440a60fbc1c75602eb0e90d8884026bec1b516bd2e24ac2b128881a21fa62cb,BENIGN
144398,6455484f21b4d14c0d1f0aadaed7063fe3c21cf9945eb306a53c3d6648c8c615,DDoS
36937,07e30ce03afa38ae6daf3c4ca11582f9bc11b15e5ceaf701f1fb111bc1b3130a,BENIGN
179057,558c35245cfb0f05e3b35c5e0e3f196cc02475dce45fd97d1b619c45f03fa128,BENIGN
32031,c9cbb5c74933a0c8d2323970d4db9e025103c80bc2a0683a10a3eaaac1034e1c,BENIGN
63296,f4e64e81a6f23d8a6ee14f293f767c3c68aa2e10f189856a5c117e34ae81497c,BENIGN
17368,fa500e3b069a98c15cea78bbe6674137f8e8e1b2e0db897b5d650ec4fd26c33a,BENIGN
157027,daa84ff4b16f6c6d2cf9281072c10b503521390f9436216b1167d23a7ac13126,BENIGN
40429,5be0d9f0ed1cdf1e3a1c276bc8f67a66434c0af1d9f42066d97b7ddbcfe62b5b,DDoS
198860,57ab1b3011db5f00d9d9dda0da3a0fb753e2215417a800b6b6d644f3066640a6,BENIGN
50148,c71ab3ce97dd61b8726037e4ff08e94a44ddff827561ff9d3e3587a4cd4044b7,BENIGN
94726,c3b672f7f48ed88823cbc164857b2c2ccf6dac4877af7459af99f8527fa82b12,BENIGN
89839,9dca6517d17811370f189910924b03721673206f57520b0dc3f28167e85f8165,BENIGN
28672,e8702610ad4b78fafacaf0cf5278151bcb18d23c48319f5086f00d6c18b6ef39,BENIGN
172557,8172e379e09392bef3900611a5d6b0b38ab17d09e904d23774790472793e37fd,DDoS
143291,daa578df9a41d85281331a55c911ef5138e1cafce86d4ff2b4ad44d220f1462e,BENIGN
102728,9c3cbf1a1c46b179d14fbc08677526785529421548d17e534b5156a4c60872ed,BENIGN
144420,5b56e923d545d23f68e20f5b9ece9a42e01f9330cc62aa9ee828af295251e578,BENIGN
138822,1614e54f38acc71c7470843b69194417d37addcf21a4c630dffd0896ae5fe8db,BENIGN
196506,db4c2a0314d844b2bfb059adf94c97bcb590b9ee20c6bf0b738921aa7634a664,DDoS
39971,b762e76cd757bf5816974015ecf07109d7fe115ddc1759df692e50f904f51704,DDoS
131171,85ec60b684222c7bf42ed1f00d6f62c60bd301518da9ef97f2896d9eee16ee9a,BENIGN
187193,ab59dc933424320c44cc64e2b2d486917afa797c1c796f9759084fd563454363,BENIGN
60674,4d6467a4bbef92233c48f0eadd8ba49163fccebba2e8472fa4f781812732d88e,BENIGN
39622,3da6864bfca90a6b46d73cdc71e4d278dd2634a481a9c4d60312d977141aa1a5,BENIGN
14183,1560cf751545f04ca3b518e6df18020342d80fd165726f8c73f277bb393af5ab,DDoS
70719,0a8165163f75e19ed99ee7af0ebfc3d18a40251f12083bb5e8af8472526b475f,DDoS
87200,e414f48f6e6db9ef5246eb78ff84ef3f94371e308983faae104ce2dea809cf43,BENIGN
36160,ef7bd8a0fb4ce548d68d8921416f56fc81833badb2a56c0ca96fd0378344a7ff,BENIGN
106713,3da7997a88e8ea19288a2980548e67e28c29800009fac9297664c1c06abf3438,BENIGN
176912,e8495c61026f5c0d7942eafed604eb66bf1025b4d8336832871f4f6e4b48840f,BENIGN
198523,842149c567bba06a36e818da3d4460c78e50989353ec7878cd3ac76dfd0d9fc5,BENIGN
193482,6bcc69b96adfd3e1797ba12a2c9b405b11caf51b89739875adc417d7a62b4baa,DDoS
49453,68baec23f8595c3a585994d287275676ea559561c7c840dd2522837dd6f1b5f2,BENIGN
137719,2dd5384e9a4c69c25240a8c5b02b6127d412c4982fd16aae255f344073c0589e,BENIGN
13287,2876d91e8486a6a277f79e0673e723ed116bb9ce4c999801f68374d87db86ff3,BENIGN
59628,89496821bd201a1de17e14848ea0c8323eebe0a179770f1391f3ca3c5c2140dc,BENIGN
96749,53ead3a04043cdba876d26f8d13c785e3e5a724f4352f67066597c4a8c4c37a4,DDoS
111064,4dbd1d78af9e0cd163bf59939e94d3a74f64899bc85c1b0fa4b045151ca0f46a,BENIGN
184932,3120fb2e6f0a9cdf34fce6552680bd7b45dae6c762bd26cbc3dfc29f928bd226,DDoS
93290,84c9736c9f761d4f5a51c8e512aa1c6fb2ff0c6d385bda6b44d15b7ccdc1f7c7,BENIGN
183472,a6171fe127baed4dcc9be9759868a099c82759e0ddc9161d146b3dbe2c7f1de7,BENIGN
29012,e5de309904282d02a17b24355e7d145de4cb3224b76c12ef3367d5294427c859,BENIGN
169679,4e63172ca79f9248d2cfb32883216c910102feffdd720b517b031bdfb711c685,BENIGN
85366,eb81b87273f4b724ecc9dac45a3e42c0440bda9cef39a81b7b2be5be4e8e9501,DDoS
154828,cc2b94e9520a45f334e1adebe15c80c4c4db32f17440217a5a8a5d5b9ddfbe17,DDoS
202034,f71d704e46e7f7ac9dd7825082e25d3221ca34da1c7707061b7f6fc7aeffb21e,BENIGN
115376,41a8cf54fdc71fa3e4ab54567f363e78f8f2d7c223bff5d3db861e04f086ca7a,BENIGN
90854,6733f48873d69fb5c000ac6558324447c56913db902b17ef9ea8d1ff52434890,BENIGN
180755,31aeb790393266b1bcff71d504f500151e6288f31c5d1b73f6bb0f25e1897bbf,BENIGN
175768,29d30fccb3ed6bd39bdc6a4264ac87e560a96b9f22cde9b36b977827060242b5,BENIGN
176461,b5ce8fc70aeb7d6511d0d74232927debd3f65a5690dbd79c9d3e38ca48d3ecb3,BENIGN
90850,7e92f00429057a88298ccc804ef688c3ac0532913cc66f8dbd97727360d1e4ad,BENIGN
59186,1e6a92f0c6731ece5a970a1db9960253c4dd26f52e24e5b0a9799b7cad34e065,DDoS
67829,5d6cde8b21f2ce93da0759156f74a8fb01c7d5611801afde23e53637c23b4e16,BENIGN
126498,2e54f44857739d4115477ef0ac0daad8dc076df51ad0df7cd41b00e53762b567,DDoS
79869,65c060d048b91b566e43bf2030a69d9a0ce20252b2b1afb4aa0d42c07c3ef19b,BENIGN
63897,f60ead05822f081ed611af54283cd9ddb918692955018ba21e907419c4418e88,DDoS
39432,e66a431d0152edec76283d25addd4a9f7dc955c569ec989556121a7d36fd0771,BENIGN
68157,6743c124453095c6c861afa10236af0e9e86548fbdee99c85b2c01e14789a71a,BENIGN
148566,cea56f5cbd9590958133ccfc0ebaef79b12ac9f1f1896c54fbd4b093146f826b,DDoS
135219,ed30539f2b00340e88e5f833438eb62ec7e0b7aba5641d0c07573b4241cf8fa2,DDoS
59529,3dc44e8374efe3460ea8f3d6683df22c28cf9085f60cb705655a9c3eef4bd5bf,BENIGN
15761,ad77a5d27e6465f2f30ccfeeffea373bcc96f388d55869d0969cb9345e9a4a1a,BENIGN
18797,6c285cb7bffede6456d724ecb11442e6e95deec58e7bf2e7db95ffe02d07ee4d,BENIGN
194892,5d082a65b00d83d4810e68f8b7bf0b6d7f8687c3795545d29cb573945fb5b92e,BENIGN
199071,a98cb0a2e25747c74bbc24dc54289ed3522951fc876b4aaffbe7072dfdb5a287,BENIGN
3975,0376cdecb40f9d68a169b2d25fcbd99b3a430d7d6f503d4272cabd5ae5e40d07,DDoS
197960,3a60d5aa73539f22a53317e79afccbaaa808cf3c384133763e31b07339f52045,BENIGN
67329,87ba70419bf2ed98b424ce0ecc367f3c98d8528084b5682a64af3a2e6090783f,BENIGN
205828,25f8b7002f582e28c9968fe28dc27d59d9ee0c966c01145c86e53e9731c0a9f0,BENIGN
183878,a3fe4a8fb28e4d5b3079972a45c80dd3aa009bd9da9625dff1bee17a3aad14f1,BENIGN
183480,2563755670baa3934eee25d864ded8fb4a024bc02528caa2889ea1aa90970ec2,BENIGN
97201,03fcab4bc2393e8ffa2f35da44af504a53362a1114f0eb468f81581176456545,DDoS
26222,c26d58910fb3778d644cf06b0406c409f5f2ef558a3fd75c2f81dfa264feff4f,BENIGN
192618,a5c6cf91f6586b9307dc36b310e0688bfcb36ffe17d8c12ca92ce7bc7fdb6b16,DDoS
165235,b36267d67177649eb64e661bf207a066598b57ad79a27cbe84caa29138efada3,BENIGN
122593,a3eee0a536d973f5ae6a158d51108302b586c0a2c880a1bd0cbfe9f69f1e0fdb,BENIGN
48988,5d970bc9b5bf8d0a9be25c1f292d9f8c47b45efae4e2774a466df1baa97f7ed4,BENIGN
96463,795fcf33f1073321c7e9b0432bc1ceecd603b3d72beabe46d7eec68eb1c9de3e,BENIGN
206770,37db5f3376b65b989ee492d21ea98d94ebb99a64ab4887847820d4a9e0177807,DDoS
127926,bd5c7dd725f0760e56e571a164238069d1781bad7603d4b20d99b80eade3c978,BENIGN
23801,450c7aa9dbda9756f33fcc08e53f3d55d89c8170cd3a4c1d0e331d5e2cad963a,BENIGN
25665,b1ed56b0b32bae3160b3d98793f1e2671a8d1a8669fe481787034d75ecaae7fe,BENIGN
90623,1504d2b41284b846c4439c713672bdc6c7de199c2ce6a64436eb1618364ca2d6,BENIGN
183306,352654cfe7e6fd026f55fe64aa1351a9ecf9d23818e9cc9f46fb3419c0275cd4,BENIGN
143674,7fdf3a69029d31bd5c8439fa7bf74089d476d5234b6f255bcae6f969f403dd13,DDoS
11532,8a4d349f89ecb5e5469aa31611d574e674b8c99864077debea6b02fe4858c16a,DDoS
105234,e42ca341f5b1ef70a2efebbb9fcd866b68cab41996bcefd6cbfc478cd07e03bb,BENIGN
87712,719320efd5958448049badb1a266c4f9283f0484997ec92a14cb07b25b0bc6f0,BENIGN
128896,be4e1f3527defbefa4a0af0db71701569b68cccf3468a848652f7a3231a84d27,BENIGN
153010,b8a5a7f6f4b9fcc55050c67a828cc521c067a206d156a143eff3e7ce91fa9ccc,BENIGN
13955,dd6fbc6f7dfc450c19201ab99a9bcabd7cc8f1f007588a4c1c93982ceda08f8a,BENIGN
119005,66f68c604d3a20689c08bd9ea4c4d1b0150fe38b9a61c0ae5d3f08f884455912,DDoS
167088,48a4d1289de78ea2b8be591fea0f3c84b6407345f012387b306c41474e893c81,BENIGN
209121,c0c66acc10aa9ad172c546529a61b07a3e7de512a2f05e9769bc538e7897d45d,BENIGN
22170,b2ceff12c334276e7209c21f7f400bb7997031741b3d8316f25da73bbd2295be,DDoS
99040,ce14853d90e2e6bd3e0b141fc0de5769c0f2c8675a208d129f60dc36c15357f9,BENIGN
110979,c1050920643107f2d3f7fb65a92d3750507cd95dd33464cf85b8cf1ea59dc7bd,BENIGN
42358,8cd9ac02e2b2934d08dbe18ea1166234a2f1c18b117eea14f303501f7beacaae,BENIGN
71130,25168377e42201b34013e5da080f3f97b3f02b6a9a72b82e142c3566dc90308b,BENIGN
97581,62e4acf7aff0929ba18f252bd6b73b139a7482f88aafb02449be82b19a734762,BENIGN
92317,fea81a68eee94dccb64f36fd75b88f95bc4bfa06f6236481376281ed94034547,DDoS
4135,38316f403e5b23a0a72f5d6ee7754c11c494853c1e26c4d0f0156d93bffb896d,BENIGN
101750,1d85ce2ab95a64b8cbe771e6ecfe2f975fb4cfc9f7581ea670aae0f63d1b880c,BENIGN
4419,0e18f7b893bd45d3c29a7f9e21b0bb1a7ebce9294fa25c20cdc4103d3d573424,BENIGN
63981,60d48b3556d6e4d6d34f13ca6f3b87566f322643150001f294df1d2a8df83c43,BENIGN
185015,40249a88342c1012d466fba3036bd88229179a1fbb8b49a273c639fad686b3f6,BENIGN
126417,bb10b44b17eef4a841481032871a3dbe93e32b80993778eab88efd2004d26109,BENIGN
164491,778658838ad81c59e01975fcc55afd4838001dbf34b6b5fd60799f7abab03ff1,BENIGN
26137,e729abcaec07c71f46940ebafbf241498c3179b4f1716850efc70a0bc5d0ede9,BENIGN
205637,e46467352f9278cbfc5f89000123e9e069a4bad521e6ef7dc315912d6ab5142d,DDoS
41501,ab72f0323e97d880d65f0b3bd338e70a0d1bfed1045a08043d3f6083a2107fee,BENIGN
125587,acb08b51d2f9e2eb6d3f7bc492eca0f94536ef5f02b0173d13dfc1e6bcf92bbb,BENIGN
72788,e268a9a302f13f6d547c8d2f4ed443ac1a7e2f267d528497417f8453c0a41515,DDoS
200019,1587af893bb4deb057d8cefcd69c277f8da559888a54d0cf292b5a70fd768b9d,DDoS
209581,26f73562f9e770f26a2876103c732585ad1d493bfe621fb130b2afbf2acfa1d2,BENIGN
32973,b99614679f2405cb94b1471d94f2af4841874c769d3b8c268b4edaf1bfd87788,DDoS
122152,bb57a174f2af306b3cc42c06375d453ea2ee2d02b1ca35a09532d3f66117fe72,BENIGN
74496,22086a7dc46441239deb48763dcf00bd645601d062cf1f3cb47c127e6abe78ea,BENIGN
20314,853cb8a82bba12e62425d2043fadec9941bcb731d5250e8c3220b76b522151bd,BENIGN
205058,c46cd1df721b49998fe6e0ae4666d80ce90070144dda29400f6b3cd5eb682c09,BENIGN
190398,496dda9ac12c0f5f6f1f66b9b5580388efafc6944e53de964f5c8b3e1b6d44ba,DDoS
103417,f20f102444b6ad3148cc2f65ea29749798848ec613177ad92053e2fd17c6ab03,DDoS
2573,6922e678fd62a1909239bd73a93583477596e4a059b20060270d776178494a78,DDoS
91394,7b8c2c6ccc11d6d4697c43694b2438f9fd52feeed1d60494dce555c4b5d53f76,BENIGN
194323,df950c97eeddd171305211b36799898835dba2bad7436ce12f1f1e7990252efb,DDoS
180948,a2646af317987866ac21a55caeff11e74c737c1f4f3da73b66136c7de185be26,DDoS
153817,5fd714f49da2bd546b92e9a88c6b83fc22a7f5de5a724e9b52f0127086941712,BENIGN
173271,a36e316537f6961fead2648f3d17f02acfe1b2132a8092433ff57308c923c7e9,BENIGN
205672,187e54661b7dcf12844b7a1a4665838149c268d6e56ed2b686a3aad33fb6dd37,DDoS
68798,fdcdf13cd0313708cc3e84fc1c3177c273c121795559b56827f22c01076ef682,BENIGN
117384,7407bdd328271c607dc08fbd822a7e19a5ed58e1d4245d20c8d0d13044ca3c6d,BENIGN
168102,e06b1daf1f307a47ce5ed01c8a309efa82d8d01580eb1f9bb17f1d2a12a00801,DDoS
166268,bbd65e4aee81c339cd0759c52680389c9c903c59b3208f8413c3707d106c8621,BENIGN
141367,ae9bd4321c11023781dd4b13bcf82bef15d29da3eac6036ad61e7804656d1a44,BENIGN
30756,a986107ec71dbf082d2402a7752aa631aed38e584a5ef42d2de713d214969d89,BENIGN
59550,29580972378490b92cf3a257dbb81a386c9d8406d3652f04391bbe975b637b6e,BENIGN
156540,f4ecd53ce4eb65e0c01fa0b0ff4d358ae9f5b8d4e979fbc5081eed848e34ddad,BENIGN
168119,1915e37f2412eee2b7e5d70b400e8bff07fc67ec9279384feea64ee7df7df100,BENIGN
75648,75ed8d0d989760b859d824621c58983aff4bc5324cce7d3634ed5e49e9c2b785,DDoS
103391,499841a5e623b3dd12a4fb401d5de2eed98b2dc635c1ddd2d41628b438dce689,DDoS
34947,25d10c4d5d1901c3c113cc05f4ac44287e16aa6a467cfbccad45f7261289159a,BENIGN
121080,77f097b4e3355c70451936ed56f4f15a3fdc4195ac1e4f9b27e482af15913d33,BENIGN
131421,3bfa0abcc64b32d69a56adc2fe3146aafd392a569c3c86a0b24aed5c02746ba3,DDoS
110268,ddbc58463b9a45ac7dea5554d05715c387d47bbc9862848411c38b7a9b653256,BENIGN
112138,443b3e631fa0ae28d62e7b816b45dd9ce5c56af72f7112bbd5127936f3ad22d7,BENIGN
201026,288411bf90c9e40b2dd33fc972862229fde367db237e80e8ff3e5f2fd775bcc7,BENIGN
209202,4d8ae529c76dd11df3a5f6febf8ce02263eb5b4869a08f501d86f6d0283291d5,BENIGN
78910,5f8f4b2c986c334dd7698cae9b3139e5f164e068b29d21d2e2215d7803660f65,DDoS
1446,3c9ac27f2f427687c8865bdcf2c3e3c84c0eb3b657fbbd1e4a7a2dd6bee68b53,DDoS
161211,93a50ef0c87b1940bd02683b777fb116e0f5871af88bf5e6f86c7334fe6c2482,DDoS
180686,f85cc5acdfff8ff2e91c5d34425779497c26dea338d0c71bcfd1a7042d7f9959,DDoS
32779,5752ba5362719eac9914460681f8db5c8a8f242a9199cc3fdbf1fec2d1ed3d4d,BENIGN
81979,3db6f38df1423cfd6335e88474e5682e675111a38c87eac9ea11c26272da6596,BENIGN
83069,2b68e9840714b206c66c6310f92a4bc09527aea579c636542975e65c15d23d20,BENIGN
121131,88156079f7201a00d4901854a72846d276bdeff93c519fd1c7b0d7811f7fddfb,BENIGN
129638,9c49ac513a3c59e075cfa1f4a6720a2a94bae0b3d8a944efcf03ca56eb195e5f,BENIGN
32437,cf4901a4f73ea382847a9358294e711395717b04d5c04132fcce6705d516c6f5,BENIGN
27522,f754fceebedc02ac7c2accec264e74e8960441b7e19208434b7d8ac40a247ef6,BENIGN
181735,ad97f6338fc2cb85f23915f635ecbeff1e082ad63da10d8ea0294cb272aee2fa,BENIGN
155236,5747c34def3f1e680a32744ac89b0b5e590c6033951ef6d0ca265b285bacb892,DDoS
86557,82f5ca4bce9cd57b946ec5a783d7d84a9cb4f5458c7b6f20a222b250c999fc9e,BENIGN
109256,b3abaf229f366e2928fd243429b6c1c7be2ff01bbecbb61e708b0b8db45d2487,DDoS
131777,403fa6e186fdaaffdcd049acb4b37a979d4b2300e12b16d9baa5fd10af9a34b6,BENIGN
43663,eb0e7c7cf97982ddcf78515ece5b5d647eaeca5eaebadba73605350bb0a92e10,BENIGN
3043,481d5a74f37f2b7452d0bc0f6877adfd0849ed012ee17f263ae3591906ca96a0,DDoS
76478,676284473f1327907c0b04e4226ce26ba6d5957f4e9d1403a4e467d31bb37c37,BENIGN
204553,a7cb39f8da106a19c3bd1322bb658e67826e8ce3b5bfc96b1fba30ea5a7239a3,BENIGN
155957,0d77c2c05d9379a313abe6832836f66299f5ef6b53d69c4d07e5871294968cf0,BENIGN
61627,25c8bf3e1aaa16a42d76cbb96f018fde6dbb909430fc79e721ce575a9dd08079,BENIGN
9670,c86560337973968f3901fef9b0e893408b769999d9e3bbf25d6ac0f4dc18540d,BENIGN
187582,480b630242a20455a948f478d1410c2e97217ff87f3678f49e1aa72c10acec6f,BENIGN
72420,fd99e5d87a1a5f20ada23dec318a81da70f26cea96754e6af6fe00d767a6bfeb,DDoS
128682,1d3a973643e244cc48c247f3b9a8b7be789a3c85eb1cc694c3c017c8ee12a979,BENIGN
11750,6eeb34198dad250d256e4e6aa146d7783332ed32976d6943863481758d591b36,BENIGN
150441,723467d1c145fce1ddbcc65f14761acb95ce1fe34028114e8c0aceb345430096,BENIGN
5821,e746f071f7ea71e01d4c7039f8ee2b4ff1ce1fcd55a14248c460d4ee0728b27a,BENIGN
106763,52793e9b8fa1027cc917afede00bf5499584e4c940e9d20027b59b649a3a57c1,BENIGN
75204,88bdeef460ecd44fb6bec615c1605a963f11dc8b74b9d5a57d87aa1db50be309,BENIGN
62440,e2e6842c2e789982923cbc5a0e9ac45fbf30f4c1a1841969c48ff001079f2437,DDoS
4005,fc8209bc4ece7553a8308fd04a9a6e8e9a87b8cc8716525db79de6a3df39d606,BENIGN
77104,50030d7863c1402fc6a21d4cf5e39f23f7e85aa1d0acee589cef83e67c97f688,BENIGN
27150,223e740f75dcc66b57d9fed885ff01d159130ad62413fc392cb70f3929c51a09,BENIGN
103713,d5323f033ce1bb39492014fa99729700d65a3de0734ea4d8c525c8de7265f867,DDoS
170277,27746ee120bb151c688b3bf3bbd1b63ae8da21795842bfdce4980fdcc910299d,DDoS
186981,bb48d02484ffd36e2ec9609583497c0d09456759d04e074f5e7a954b7c23e7eb,DDoS
143298,053aa1c20ee86b436fdfa52f1cfead0a47fcb82f88fe41e5144c03dcf0a8377c,BENIGN
97520,cc3d834e7a5578ee684fe3deed009aaf5e68ec7e06ac094a62b8820f211efd00,BENIGN
76110,667ce4200f51d24796d1fb174048eee04cfd07ed352bf1010bd59606135d963a,BENIGN
63886,50ed89bac6b57428a69e9cae0bdab76371a1aa714a559eb34710d382288bc1f0,BENIGN
155982,ed0423dd1d5f5e361aa823c3fd8061890387979bddd85a8fdbc4b6a4f7ccbdb2,BENIGN
70966,38ed39e910aec3ab92085e74c3e276d88572694f4cb02c23111f5de40443ce04,BENIGN
163437,e0424f278a6b4db96e48bedf080f33aa406137ada8c781d5713c3f5a2ec37174,DDoS
209821,ca4fec96baf399c68e7e1e489493e98d93cc10aa153900846bfcf07d78a21fa7,DDoS
207744,577c699cec2ea3a680a2da97725e0b8cf1f99d477426c6ab49ab99a15ba079b4,BENIGN
32249,23940be08beeb3c754df07a5722bb3f3479b492a742167ddef0c7a643e07566d,BENIGN
76842,47a69189d55daa331b7876e4bcf7350c0cd21931d41f77f49f92e21a9037bbdc,BENIGN
128033,d7bbc57e3e85e317ed79dadfeb342d51e139c32e6601b16691e59a9fd5b87ce9,DDoS
155110,36e5f666e49f27d58dce53cb911e6f3ad23dbd8f81534de3f8479dc8e5d0cbd8,BENIGN
135521,bb2eba3ac8bea4ff170c4b84e69c3fb0fdc4d835781a5e1276f34dac533f5ccf,BENIGN
2908,a4ef8a3696315f945a8514733e05c46217ed337324ef46c44cc10b3c9dea8a99,BENIGN
72048,f0422b6fdbe25af0de8936d358cf31a3723cd035ca018e26d745614a8fa32888,BENIGN
73139,c65f7564959f8061f15f34b452f7262465a0817be5212470c7ee5a0b599d34ae,BENIGN
148170,4d927d4186cf9294016f48991e3771c2567ae5d6173d7960647c9ed2badc7e77,BENIGN
25667,4155135803fe2d974fa3e3c141aae880ca10b8b6fd5ff9866ca70620cc79e3bf,BENIGN
161486,cc612dc8daaef1d49b3ed8c3a22b42148730008a88b884da26651ab3467b139b,BENIGN
45950,e7e8db09a836ff0b2fe2dcaf01726f9502fb0ed8d319def76943c9e2365eb832,BENIGN
147255,9fd06854a36329c14ff46c07d7403ce8504889049331472b6cbf1ad81c5f9839,BENIGN
55697,76331020e6889bf99d79df60cd7ee00120295a1fb0e2bf1e984fffaa72070724,DDoS
51820,e953f78316d12f0e03a7ca3064b0c85484a98389b776bcf718f2fdda8a163a82,BENIGN
186171,23a37336f2bff49adaa7c9c81d8c656c0550aefaba033f0ca6fec6dcd759187f,BENIGN
88510,b70e028565d4c842e2022c2e69d659e3e05bc21e5eb82b23167ee2d13eea5595,BENIGN
156434,814979439d3beb1f4864704e41bd7e05bfd6c8604d4609e6ea7a397f05b08517,BENIGN
171555,0412125998f843cff1c85e4a80ce1bfe8fe0eb4953c477ad3267904fc3f1efbc,BENIGN
108765,36d038b20e620cc786d2c20188eb937ecdea2f876f4820e83b9be74d01a69539,BENIGN
66639,d490222564e91f1c0f10d9eb0629ec2b832e5fa0b153ac150dd9926bfbf036d3,BENIGN
58775,eac9fa7f7f5c619a634d9147e9eea5e906562677e7e7d882eda6b5226f6286b2,DDoS
165138,d5ef374d99b4304e0c888fdde24006de3026ce22d787f7eab085c619ca535184,BENIGN
128605,c582fd073e3155b882c6571dc2a24e10a02b56e6b98b19c26798a21d6407ffb6,BENIGN
75677,6763a3a53f75c7d934cff01365dfc3439afd3f1051d861b06098665d8f84f376,DDoS
157976,d187169d634cbcd55e907e98977b1d77a071382d9fe2152a4eb0a420398028ae,BENIGN
109763,e5c6b48b071c0c74c1d8b301ad2edfd2084f36b597b0f307c0a9bc5d6e177788,DDoS
75740,aa20fdbab69c0c74bd4624744fc0c2b0997a497233fbc2ea7bb57cc4d0d097ff,DDoS
49462,db1bcac101c148082e79a92f3e1e7ca4100b8d66b3e58be5dd17a8b440e402f8,BENIGN
69160,bb939edd0aa814f42e85ce4821c5e609225b66da792cafde2969aca09c536bec,DDoS
143535,78e34706675f6a944d148249e51dce9df7781f208cf75d38749751737f9bf6f5,BENIGN
93052,803dcccb2a5238a84f8456590f2acbde79761cbbdb4a507acc320382d2599696,BENIGN
177769,c36eaa86fb07637e69e965cd3b1392c29c27933a1c1d9ad12a52336860390ed5,BENIGN
143288,1168605947cb3300f8dcccd2b1a6a4a2f1711718655190f9eeca84065585ff22,BENIGN
102937,1c9eabb487dc080d4c0a4097634aaa916f6cc949da3ff78554c68915fa3bbb6e,BENIGN
65150,ef595917fbd98d2da14921a183bd45c1be4e6f4f0c1089ca789db4540cc109e4,BENIGN
34480,49c9394f8dd21051a4c3cc1b6c242c67c301952a7a86ee16d806b92055f56eb7,BENIGN
20227,47ca666d551203d73b6d869ffa232937b33d490b11076beefefd7eeafbefbd51,BENIGN
171179,d6e3fce9e6b44ae9bb21caaaba816c7e5d5e8a91c487bfd7b72b4882b2d457fe,BENIGN
77966,8f273c5279eecc89380bf27f8536b71d3bdacd7282cc8f03fc08f6395103551d,BENIGN
69554,a1c90919b3da2a6cad02c95cd2b81cf015cfcdf51ebe205c992047586c4f3f2d,BENIGN
26569,c75057394232d8913c3e427db03c7f55be40835abe405cd09e6117da24457fb4,BENIGN
109713,f79096d161da47d77786b48144f06233ab7161c08a6024776fd1517200a69489,BENIGN
136776,1c0f02d8519de36a23bf96729f0a8d45fc313d01abaed920701fb6108feb4e01,BENIGN
197518,ad8857d9ad77edf313f2f2f40ebc26f0f5ab8e768498cb5ce6834ad38e9b0844,BENIGN
177244,ffbba27a3bce7aa96dd1e8a115e5a6bb57e0728bf8a1f0e957e80953d5b3ef57,BENIGN
31838,784f713e0404e9b9b819ab51e680b3459caeb29dcb22a6c002a25ff449d7189b,DDoS
49545,96eb9e2b45000325efd1b42b3b2946898177b457b860fa78d731ea5a2aa6cd35,BENIGN
169336,c80b194420a7f1986051ec42ea2c7ff254dfb99e526b93f0273c63edd175c7ff,BENIGN
94109,397abb7e03d1f43414225bbc40cddf9b0df5835651ade002762e725569de551a,BENIGN
201476,79c47e00b19a3ea687406c86fcb5d2f1bb406054be6aa669fe94946cf36e0164,BENIGN
17290,325481070163b8f4871dae5a0985aea619e9413711c1bb7f09a4e45ae71efbc9,DDoS
159353,d0f5a1ee70343af16d6f48d808268ea43f6c2856596c3c2303dd7fa16fed66d3,DDoS
124763,58fcaeded0a394073f7f0819aead1d023690f221a10baf218acb069031a40696,BENIGN
138744,850e86207d405f2af23fb64fe1a5420d6dc7572fcf4dbe0b9bd19d230d7e1188,BENIGN
21525,ae4a37968b83d2af6489df89d8a7e09368e8ee35fe982a63c993a771cb0d89fb,DDoS
33111,34c37104c91a65323dc5b339358b30d2f03e5dbd177a6fec8c0272fe9c200336,BENIGN
209848,019954ef7adba23a656d71dd55ae63b057f7c88fdb93856529f3668643e8222e,BENIGN
42303,4a7f866f0db575644910eca73e1aa4c8b7e2b8462d180cfb2271f70d5040ca51,BENIGN
153638,d315e4307c2de6b3a25bd9401b2ba5fa366952809a1724ef7726cab4e4ff1af2,DDoS
187554,78d5656b164d88e26da21dca125f2e252fb3b1e7f38d1cdbdb6d4bec037ca0cb,DDoS
160721,c6293d8ab79eca54f346782ddbd1a916d8db397dee8d60d2137beb7bd4371aae,BENIGN
116343,adc4ee3758a8fb09c45817738c287e5821f0b81309bd8dc821b87693eea0272e,BENIGN
128103,3903289e4bbe28eab81dc58c3bf0b3df8c16889d7867fb8e2e44891c4b806e21,BENIGN
196852,cee65f0ea0ceb41016c7954f3715d61db5e55fda94f1eb741dc6a629407777f0,DDoS
182563,cb730dbf6c3fc5e799a1c7cfd5c74753a7c8bf409d3b74821c8297235f135203,BENIGN
152120,827081ccb429cbf716bb25b48f7424fa5b6bf59b0a7aadc3fb835ff9f2584659,BENIGN
60271,ea1338cdd03d41bca9a6164858e1fc205318e7932138dc7b25dd7b1d2d869219,DDoS
103054,e55d4b0cfd4282a5ad0e772749ad0349c261b6752ee714756747d5ff388e5653,BENIGN
141378,9d7b8c91ba575175093cf166ac1b3d0925f28668dc48311bac90fd52e1318b8c,BENIGN
105186,c40bb47b6bb29025a1736d0f71544f25583ca76ce7f8c16958f5c442c9b89f7d,BENIGN
147647,c636526124c41e6ba6641514085910ccfffa2b0ec88c0ded322fec11ab0ae980,BENIGN
191564,d08bc5f7a36987d945e10dc193f45e827482bd6342123903fb7fa2f7dcf805ea,BENIGN
147241,677d6fa6937fc431d0213d1ba1e3bf17dd6f0592dda3566ce1f978a1a3770002,DDoS
20791,8dec9156cc990710a1706cb46826ec8e6b5fecdf0f3837d09642e139950322d1,DDoS
106840,46e60b516c53b8be19867241176ab8863722236ee2432e8f3b0793250a4246fe,BENIGN
41924,357825cd6da610d895ae52b043342d7c5740452350b78b5803566b17f9311f9d,DDoS
23206,e5283be0f3cc0adb2608fc1bbffb9539154523902f1b4aa30447bff19ac76d02,BENIGN
70751,b152357de3454bc3494cc83fcb0908d5d27db46361538f67a12dcf2c9f858fe9,BENIGN
133410,1ba3759f4dc1e364d4679f6f0eea11ff64e857af171c98475dca0a04422e4845,BENIGN
144932,8c780bc177a370aaf014f197d4c95fd4a1fcba79f19df3822738fd848b75250c,BENIGN
78571,d8a2c04b7e7a5564b21bbfad05e58148c46d428b7c6752e7a3b71f300b023783,BENIGN
54540,e20dd8921ff6604a36e8219902f45d4fd1438e812848eeed5abb7ec20f11dccd,DDoS
107895,d5e7bfbbdb04a8bb391a197cb77a32ddac9c4001bf8bacca9227c491cbeb4858,BENIGN
68168,31b795b3f4fa17c1fbc13ee1e5efe3c5c1e9fbcffc0774f36dd7fb9315c5eac1,BENIGN
29359,36e41a8bd336aff5ec8c908016ec4b84e5b9f083833deb109b907cabfcfc6bac,BENIGN
3625,4f1c573361a12bb3d159257806b85a38825ed68b53e17da8aa1a0143889a47c0,DDoS
39612,3dc9cda8ff1a5f650c4826d5ab7ceba075a7de9975bfc86aaf66190ed9fb492d,DDoS
209824,5ad6ea20ca21b39bbb4b68881f006e780d875218bb8a2089e14a129b9c92141e,DDoS
202487,c8342e40d55356a7b5ccea121871380fe7f5ae524e4a06754eff97c611a822b8,BENIGN
184945,307214bf7f1b63b542f29fc38e19baf625d5df7ad16346ddee2e4305f959e17e,DDoS
83583,0618a81ea4a5579903520348ef1c725effe26309577ef6cf2a53152f089fb619,BENIGN
100804,257019aa3316a12aa665c731490dd0984546d8342f4ece2f7db49c86076aa473,BENIGN
93222,b2d8919e6fc7076c98b021df39fd282496f6a39a014a400fc955cbcd5dec23bc,BENIGN
84566,793b06339bb276ce2750b6004ec0dc2d8ec3debbff78bb798fc52e8492ac234d,BENIGN
90696,fa0c150705d69960116237664cb23189a50119dfa15b7b039d4ce3451d095375,BENIGN
86401,9096c4d61a62e645b41e08a20438500919a1f52b89b9485a82d8b4b2bcc9c0bc,BENIGN
121514,5cd077f72131ff354dd70be316bc70f9d64e8c06b0ef7310c2f874bbd14a0d26,BENIGN
198887,a7eafd41956e38b6835644f801fbe6f2c5179d2b77f2160e6bbfec9d0a9692d3,BENIGN
45446,901201137e30c1148e0a85374d265fb1501b4f93fcb2d50bf72c53fc134493ef,BENIGN
66328,eed377fd37d0a618835f6e78e13687c800d18d68fc4abc7a32cddf0556d82e43,DDoS
170731,19e6bbb77f614ac0579ea98d061060c4cb8ef09f9352637ab660203834de99f2,BENIGN
113829,6c450f3fcb578e15cb6bc84f01ba6f6b4794adf9f1bce66b731e9e3ab2da46d3,BENIGN
8925,a801185bce994dae094acb0fb510b74b7f95e5b87cba614e438a5c0a3e742820,DDoS
9580,bf3b7db965e37c6ce5457129c586d84b0fe2f87bff21222c2f9255848903832b,BENIGN
32286,02dc29df10df7a7403f880a2e4f20d014924b56e8bae3f1642c88a5aba868c9c,BENIGN
12189,49ae5271247c8dd6b09ada16ea30aefc7a2177196186785e698d3f74ca4887cd,BENIGN
171056,09eb863d9c63aaf984c1d1ba489fbf6f805871393aa9aca4c6d6c030b710037a,DDoS
42025,a12e02aad286162cdec7aec7888750a314d734e352d04dc68e3f252149b5d4df,BENIGN
12144,e113d9e89c0523b422538f59add58094f786af3209f43e07b865a435b8df69b8,BENIGN
103563,b92e5e9b3c2d4bb51d0259a686f77151d188b3fc2ba588d56959c97e683eeb83,DDoS
38076,2a407b88031cb23caac410431d505a91f9acc7f0dc5d3e4ce960014c288951e7,BENIGN
205619,d1139cadc1b1b6e9de2da5c77a8eef473f5411fedf4748f95a419c5ff3476e47,BENIGN
142329,b7e7014e965720345a5213ba10865f0b75310403e1ee813caaa70d233076e441,DDoS
191091,bd6acdb8bdaecadcca1bea94a92bef2d5913096780551e8330593574c5018376,BENIGN
169755,39392d886145de31056871688e6870d2cb906e2f04a3a29d703ab2a57143ea9a,BENIGN
101387,246a049d9abe4ed74bb70e2f1c20e586631059714855e81e6a06ab93fd124884,BENIGN
138707,e98f6154c02aef28ef5343b87424224ced8a98b2c8659e6e902e406e2e0714db,BENIGN
60644,4ad3b7dde895dd34d083d11a1801e626f27e8718432dcd1e03dff0f2cf616136,DDoS
195084,64d6db564d65aa0971229e750cbc1b81871c7cbec6fc978a1ceed4a82049c979,BENIGN
152486,ba3c6d4515c9382a37278d9d3a542d26bb0a9ae81ea0513b026218e2021ec17a,BENIGN
187699,08668c4d737b12eca16a4380c80d83ae1cb11a2f4f14d7c15b417a2d9e762ded,DDoS
137451,815e9019b26fc7e897f02c2794609dc2b235dbb9cc6e9531f0e077655c7f7ae2,DDoS
93264,0a6c8c34018ac7a1505f401ca388e1ddd00df6f3f4e73e119c2223a4cbc0029f,BENIGN
200559,5503794c977d2867ff1ba18975beb4b369d19157d03f461bf025876ecb65335e,DDoS
182314,5fbff54a0ae9ceb4139a1b2f2544a33724466f7d6aa050b31f34ed038fcf2fd3,DDoS
142726,8c2a2f4213e497081c7447275702969ccd2d05e464b76eec814f986dca073f16,DDoS
77201,fb996c523ec5ba2a2699a08f4e45211e85c6c879e9a62e1734bfd7b1e6acf33c,BENIGN
143429,cd2dd10b7f7d5e680274ba62d638fe1b86fbd3a8bbbdce5a9ecd5161e160cec7,DDoS
94588,d3a5f5959c38675c9d8273566400666f13a258dc6a89a34133059259e291b4c6,BENIGN
93143,65ca96d5ec580cf94356598f47ed15754e12afb3f919b79224084d7ed501e3f3,BENIGN
5597,e2f5a607a5ea21867bb951bd291e061b5d8348489470a7353cc637d35e2587cd,DDoS
120993,9f2fe2f5feec6c92dc601b11912e7debc5aaa319d550f773b84e67eb107ebaeb,DDoS
2052,9fc4403ad0c3eb1f0a7af106cbfa8e7a4a6bbec5a523415c445b9542aaaa47f5,BENIGN
55255,dd85ea2691aa17100fa48ac4c69389b4b896e6397e2652ffbc62a737703311da,BENIGN
89393,6fcde386112242cca1008576e51894d4e9efbda81ab3d5eaf62dff11d56617a9,BENIGN
134600,d69e61ac232861dec23a44dd3840ee220de2f69c49249a9a7ec3dde3d4013609,BENIGN
31907,e3f539a84ed0cbf9179b14c7803f63e922cb629815ef6cdf0086ed5b94b24b0d,DDoS
183126,9cb627120837423296d6a17c31ac347cd5af418ee8cf96d7a1cc86174849de46,BENIGN
62200,3d26f4c6b708f95978addf3ec04dbe000df8052d3986e85b318f635c4a9b36a5,BENIGN
60359,866fd1217a0ead1818af4af6b7a6e998a04bab8950c2abced4cf9366aeedb228,DDoS
122465,1476e3ac4cf63cae7ebfe0e863aeeb20759c81f769516d262e32ceb3d95f24d6,BENIGN
60428,82e64c8f42a09dccb4459e5c1e2aa76170af78455af920e1e8fb60ced3d2ce6c,BENIGN
56945,56c51c97098b9f51d730c6e6fbb1fe22e5ba761fa1bf5d04af19ac0e9151b3dc,BENIGN
149228,3c84b52f422376e37455490a97ac1b7292a4540268f2043fa83c7e11a8f8fefc,BENIGN
6395,94b01377cee76009c9ca7a926417f65f370779c3cac274b78292249d82ead214,BENIGN
53284,af2aee99f2e17da4039e046d06cb414481c24c3613af10eb5179ab7533b5339f,BENIGN
176115,d3bc851dc1e3ffc315542ce12f5249be5a32c995d784dde88d57174230a5d921,BENIGN
87761,8b74e57e3f106224c95ed2e19fe16cdf5a2f2e61503bcc71ad6599c8ab43543a,BENIGN
73381,8003228307935f6567b2e985e2a0e14694ef51a066cbbfaf2a8b6c0765514514,DDoS
182,5c9308c0edef6634c93d334593a8758e6cc1c1c92a2ad247f165135f8af32acd,DDoS
70643,ef00eadb7a47d935b97e062b2557e33af05d865e3a26580d78f394ec20d17765,BENIGN
23263,4c4e6418cb47de65536347a3268e0f2c9e72b858d5b5ccb68fa3b315730634d3,BENIGN
70913,a477ddbb22fb9d1959097015fadb8d5995cda838d2c3da7d1c45623be22e6a90,BENIGN
21046,34845836791fae87afb53673dffbd76cbaa774b3fd54e2e35f3da7b531887ad0,BENIGN
149025,9bd733333d2ecf46a35ffabce45aecf1d10e0f26eaa3564a77fe906a12a6ed6d,BENIGN
40571,23d46dcb90c1dd663b18d034a461c57e6449feeee360b1dd3df9ea6715b96981,BENIGN
208214,ef141889012b09b142fba71a3980be325c6540a3165abd80ce8c27d6db0921b4,DDoS
5217,6e8331963ddc03f1a3e23bf5004b4c4f69e5066ea6b13f595801ad9501deb9ed,BENIGN
118547,258dd41407c241023cd97fcaa9ded280984e64152726d35ab609db97488b343b,DDoS
209693,ef329610d40d62cf8263d56f45369c9c867aeba214d784037d680215af1ee18e,BENIGN
42684,3d700e89eff065424075a1fe0041305b26deafe70a462c48771276c9040b58e5,BENIGN
29334,57f5767720f04c44754c94294f19c48b5a6fec651d97c8dd0a44e15eea6ab7fc,BENIGN
78174,26b3625ac67fb90b7299230172861579cc1272c88a83ee72c6e4ca52e462d63f,BENIGN
83355,f0d7af2f08e180928a58a9771925710e1d5db991492156de825a6365c3dd4e00,BENIGN
122295,98fce9879ef59c3dd94627bb6fd746b0c262d242da6ef00ce3171f2e3ab89c63,DDoS
123967,7bedfebff9753421af562766a1b01acd9956e597bcc8e270995f1a86af8ee1da,DDoS
166995,5a84a6cbfb4526b9343e0b558edd458ce1ebe4ea2a7dd8003126987afbf7c930,DDoS
111401,0b685d867109769c3eb565ad1c220b94f3a729651994c65994a2821c7971f61f,BENIGN
138577,ddca0ef26bb81f5029f2d07c7f97464cbe6e85b25960687750dc91d9834a15aa,BENIGN
86324,6bb49a1a3b8171a63b31d86ddd4b6772f1e97d2207919573cc92493009d365c6,BENIGN
133342,bd8d5bbb1e11ceb496ca36a78b74aff7b9a5de25f6bfcd5fe17844f36e66ac42,BENIGN
181877,9971f252a683aa7af04eab19dd6294096e1c0b24e7dadbd6cc4adae31a9945de,BENIGN
134083,5825c3e0a03be1225631a8af2c14f5ceae66f52630524594bd6bdd1069a35e59,DDoS
11947,8e9b71df2376200b50910406b927d6925e5b1a29c04a125f6e71a11f2196ec03,BENIGN
202598,c782eec431759ca2cdfdd49205af8209628713436526974ada96a292b34687a7,BENIGN
62320,b7a32f40c1bda66327979cee957fe38265f3c634ca5486e500a2ef0cfcf02bd2,BENIGN
36067,082ae7da0fa39a8c5484dd2659beef89b4d671d42a05062519048492615c61a8,BENIGN
18666,6d8a4be3dc29c7ba0c2318e10916e5961c6f373d18ebdfeba21d20f192ec44b2,DDoS
156950,0a7aa7746209d171b566f918c9b6c1a35bda9de4cacb93052601db2dd0540f23,DDoS
86952,74d4cc1ff0b49c11502151c5094bc2cfef8171cc7b9231962f5f63404aad77ca,DDoS
168218,0ee7c1cc045f82835fd81816b6756086e2783710082238b756430e069d7875ac,BENIGN
163766,d58b6f6c0b4df7bdd4ebe117668397a6c4aa2aaf3b7e1d4e094cf1e34e8b0100,DDoS
37127,b242b0ae030f3cad95dd2f9f13a47dbd12db013f4185834e65c191df198c7a13,BENIGN
21311,524fa157ecf9c77a9a5a58674447a09ce68a77f3f2899ba58b7f6a170986451a,BENIGN
35149,f33119638e26398dc9cf82297b8b5c27c870fc4e500740734d8aece1cdefe131,BENIGN
39921,f7f0f8206bdace891003d119130f3f0657ff1244c10427fd0fb34bdb59acfcb8,DDoS
107962,988d5ca96945f9a9c2154cc965eee428661120eb927fe674f667c50332c25b9c,DDoS
62146,6f0c3d8e0474594ae3553a9f1e9152401ae6def90b919aa65fe325c70f6b4f54,BENIGN
55743,0846759f526409b3b3cf0fd00a757d4a2db18b5c6de8e9b26e54dde00ea625a4,BENIGN
69779,fa205107c9adb3f1848bcf3ca7fb97ea76d46e86a428557b2333fa30204bc2cf,BENIGN
174018,539b23c9c5009f7211412aa0f7e9f8f6a466034614d27eee495efae0efd2d32d,BENIGN
184832,c4d7eb030bcab5c835b4b2f3ea797b14a6e213f22eb7c6285c2b59f75b5ebbd4,BENIGN
91933,a26f0ac2b733d17bdc4678b0f87552cc15c11b22e7eaa420c81fbe6060a0fa2e,DDoS
203236,8dffb21db100a765ac3caaebb8af1ce10052f2a4f33d362bcf29d86b13244a27,BENIGN
23982,3948888a0af53caaa3d0029201b8b047d8d10933871b145f263042df7f6bfbb5,BENIGN
57519,833d2c7f48fb770b0cc48397b8a60fce57d016fea529826c0f453356df1e81a5,BENIGN
169928,cd98d15fd8ccc2dde55bbbeba4cee965d543c57d728a20b070c567f9496a6532,DDoS
105022,bee224e3a260e8c0e9a5205272a365cdfe7d41555ecfa467de682e1131dcd364,DDoS
5833,38e9d868c3b05ac1fcf40f0e02ef4beaed69f9caa3d01d6244979bd870b689a3,BENIGN
115884,df1919feb9ac579f3d04a0f6c0cf2a56243ea447f492dc9ee541031a51f611ce,BENIGN
87528,6e22fceb1e770feebf6017ac64ebe61a6210b2e48c5555c9070e37875766cf10,DDoS
11003,8de2bd0f35ca01a8203eb43d591f68a32c40386f6d1270dfb9b5629b268bd2dc,DDoS
191010,d707b1687eef519728c7429ef386141a108661a32343419f1d8c5a5b3564d868,DDoS
101195,f14240af02813284fbbe60340daa0a4d7f06cc91ed58422d4cf7484684134423,BENIGN
146114,f83629c603489ef2e77d4db452c5c13564efa3b32be02a5cba44003b4ba62c49,BENIGN
38613,a0c1920fdd22afd7ce5c09ead90a7a4a7dc1c5c8f6db66dfc96368ef4104067c,BENIGN
159616,91df20f0615bee39da594e228a091fc8a51683920f15757ea464d5eac71b735f,BENIGN
189701,935e60d3fae984a5a086abe12b37d2a128cc4d1054f0e31a5879ddfb341784e8,BENIGN
173753,c4e993ebf796da768b899aa75f19dc11ffc6bb8e23d9b1b3a88f198545c293b7,DDoS
87159,0ccdbf93e427ebbcf7e74be6d08035beb48022406486f88a241d9a5a56870ad5,BENIGN
69511,2116edb76443e441bc430ce395db978e5af2ee23f441e8ca6db8a9888c402df7,BENIGN
26433,5593c3c8ffed2a2872ead93a83374d190a4c51f00021136fd0a2e74cf7d82930,BENIGN
146618,aba76ff01303cf901b36162b5e19b06e5c143c77a4677384ad789fdc51453db7,BENIGN
101328,659dff90b7c3a7108c36d1a96e068ba84b917ab06915b862de1ced6fb65e7054,BENIGN
28993,fe6bf4d438f50d32b9e086b0755d66a1534d841880e6da35536e145146af3890,BENIGN
16951,491646fbe00865b8ae9e6c3655c88e4e72814797a37da692664e1741bb6eb8da,BENIGN
91856,0f688fa932bba8e7fd4990db8a5979b566e523ff1104e842d01ada240c785745,BENIGN
47787,9115edeefbf7df7e9d6008b5a760fc210f42f05e2c24155ead4127259a44b664,BENIGN
12078,b2d83cae18ac3959a06d6b834396867e8b981e552c52cf840e3315ffba08edb2,BENIGN
2526,cd8a5800644f14967954f1fe10d30cdc902441d6e3321b2760ec74a87b69c25d,BENIGN
126058,b98bd84b626f1f20578b42b23bcfee7ac5b6c778bd88f01262754e552eaabd47,DDoS
19277,791f09086bc89f6b719433bf5c0ee19471cd8f93a365ab2490ca357c26e59c65,BENIGN
140594,d477faabfbf0b218842caaa2b036f300cf9938652be3e795f4e6582af0e406fa,DDoS
22987,bd05ff36526d2c226b1f63d6043c00bbdc5f9cd87855fbdc19a75b1c4584dd4c,BENIGN
196815,d2e82ddd1abab9b5a0204d5e9387d5e7b992aa232437c62d5806a26a811d02ed,BENIGN
151817,b863b886434228f9ae2105822d56239ad7457ae612f5035f8f5dc5b267abf5ba,BENIGN
142304,64b579e16ef6201251a5e3c124e0802f4a8f70021cbbf3d1a6a3b5be2b8fa8ea,BENIGN
205304,2b586dd4096270fdbd23aef7025d89812c4126130973a553bf3b9b6b9574b396,DDoS
50837,1c30795204cf63708d5bad37da7b8e4d7c1b45206fc099d1e1e0117aae97dcc0,DDoS
34798,35aabb51403fd739297aa7f0dc649c6fb9f78ec689bc2a83d89d3d0fc6bf2615,BENIGN
78075,3c696db3b6b99844b179dac415fe35482661f56c5c2a895740bcfdd73804e996,BENIGN
193116,65d8042964eb4dcff4e5449482dc3e84fd4d08befc16c6ced91214dfaab6bee5,BENIGN
154749,611ef7a5b42f99d9450dfacafb1863a0f332a447ee8f0308ae077eb9296be7ed,DDoS
133444,6e29761b1700a9c86de283ff19cf6514e40aac01c274faea5caea4ea2719c3fc,BENIGN
120752,70e66899814c0d99fd527dc4cf65c3279d1d6828ce595cbc5466db1a431ee77d,BENIGN
73229,cccf343c772a5b767a5127e61c12fbde3d7a27163a0cb8daf1b5aa6fc3a99b60,BENIGN
106218,97a7602d57f6846c7419aecee086b58973d3380539d85d3891376827ea5a8e0e,BENIGN
88404,e0ed645f50c979bdc3490182dfb1ef5e8333d3b23195c65584852ce750382983,DDoS
131904,79a4721eff28167566d34dad086f1bb1be451b2eca250ffcac6ce4972efca5eb,BENIGN
45630,5c8a294ba62694fa103035d47b9d4f7b5ba844744b5ad83e0af5a92e17be650e,DDoS
14946,b215f6263ba07dcbf4cf4c1e2513f3a8273a346a61176d4fe173a128bc81020a,BENIGN
138408,42cb7ab231039a5fd3d747ea1392d416843ad7180fe85bdef52a16386b394f74,BENIGN
104618,b1295c93ab4ecd00d2ea362f8730771977c103830e930719e5889bfbace89af6,DDoS
9292,8c2e7ea7a00c5c95c3385d4322b611e78db20b7aec153a9beed14ff32dc00eb0,BENIGN
188213,7c04274cff8e016005fb2d05c7ddcf0ddb355d7e8fe6482f1a33d3329dfe986c,DDoS
63952,23b5926bd7b40e565364694c74b8497ab291c3bef7e1ff7bcb24edfbbce4cfc0,DDoS
167785,8827c68b41a3255d30034427a4b22e96e81c083af8c14afa81964aee05b07b6a,BENIGN
76324,fd9fe3ca92f108905ecd18b80f573da6d2755b26a444da0d8bce8c7121974c06,BENIGN
165481,c9b87efa7c3901976c8861fa09f63fd1443a8ce45252739de17fb5ce870adfad,BENIGN
50614,92aa5297b5e498e61983029b478fcf327f11a6acdc6abcbaa37375263e96ad19,BENIGN
132849,f1ab9294b25d4294d18b3e48cca0ac01b89cfd4986d5480a1a2c210ef1847f6b,BENIGN
86469,cb2fd9c8256398ed89af42f8191706969a58c9ff1b99ba6ed7c10d7d911e3180,BENIGN
26334,1ea4a9d7a4ecb831060d6cb563d2d88f711ffdcfe32ab646dc1636472e31a41b,DDoS
50157,06d069f8d72472a8463090ad5558efc6a89817cbf3afafd878a1af0d723f908b,BENIGN
167867,65f0b794d5e1d3246e5ab8a8ff801a81d81b07472f7f1f9b76ee5d00666cef76,BENIGN
56329,2c905ba445e2f16c5f6496b894026eff45332ac4f8fec0967161eff739934ff4,BENIGN
95164,6f985183dd2b2606c4fba5a200341d08122e59bf9272a22ba0b198c50cab8fad,BENIGN
110282,26013b9b257d60d8f605583681a08685b8a23a5e312d038bc2af9f2fdaa31ef5,BENIGN
9374,5dc602cc8f82dc09a0c4fd774b72541b8ef30b01d79ffb10d28374299073e630,BENIGN
55008,032c27b948883fc5086bf326189d52e4177226f717f97f9e20047784a66539f4,BENIGN
90187,49ddcf52a25c3055cd0037d163d99ee2cede3a76401228e8bcbfeda0a1e84142,BENIGN
69739,0be13994490018d0d72a7702ace2a5be6678a765292099f3d43d70c39c1fbe07,BENIGN
11008,d5b1f4b2853166991ab9ffbc1f4479e7b46252b439d718efec1aa23f1f0fe703,BENIGN
104273,774368a9d7a86ad58eebcb0e80666ccb1a2832130fe0a98f734258abc9782cc8,BENIGN
2104,337290c1b0d1153e8d391430aa49e59ea654c3ed036480514a1ed45a61e76aa0,BENIGN
77578,9da39bbf5f82353aea14d273c3127b7c25957f4dd157d96e7c9c82271037154a,BENIGN
179211,2b07941aab702851ce6394d06a8057dfa8a462fc0320cde4743eb061e6743ff0,BENIGN
32560,c54cbe7b95cfd942fd10bd9168774f4a4a662704cc7ed189fcb3ef9afb382e1b,BENIGN
109881,205187afc5d0e1ebc5eda4d0896871f53daa430a9436eb74696584567b368bc7,DDoS
181545,ae8acde697ef1f5e69ac7234550377ac5fa65707cfab7f64fbf7a8f45a62fa1c,BENIGN
45840,2d01ddc059bd86d0a1e8eddcee6f5c11c306244bbdc51e8645c167d8cd4fab28,BENIGN
126210,7905e64c2f301d11ae970fe44bc7289f9e6b2025a77d0afe11d33e49dbd94d5a,DDoS
3868,edcfea98011bbf1f9ad18280fae9993dd255be8230539bdfb2400c7d2a1adf88,BENIGN
104370,ea2cb31ad0b082ae8eb37ea768a1dbdf658d9f9f105b42a9b385a5e48d504aae,BENIGN
159181,e06473b3baa00a519722e8a18db61268fd86e6a7fe0061fb00e2e08b2aaab44c,DDoS
72986,8834134100f7346d062755b858eb87d698db060e8e46fb32a9176c51a0153fdc,BENIGN
147834,74f34adc75024df5d17ed9ffbf11d83997257e9b8648b1752f0e54f4ee43dd5d,DDoS
172454,0aa3e44698431def2469e7b5d58e3a0636c34ff9a30e373fc50536063027f61d,BENIGN
24780,b38209bfe3ed1a6377de9859f083928438694db32174b63a9d4c2b81489f126d,BENIGN
164081,a125b4e9d6dd84eb6d80baaa28759a54d7d26cc34170caacf0950c87e2b12b22,BENIGN
36331,fe348dac83eab5338ba8411a2d30dcbad3a4fbedbe487305895859006c9772c5,DDoS
154198,2f8ca605a2a84eee449ef53a6f3d058cad73c21dec742bc4a8c936da3551e259,BENIGN
126043,c67931671dd1c5d34045bc667045881a648844b1e32c28ee43762bd5a8581ed3,BENIGN
90035,fe91e6759eb3a57784b4ab3b935ebe96df4996eeb2c91d96ad2caf90cd80c008,BENIGN
48025,065e872afee3fec8f32ed6fad2391807d86f6bf16342d730170524d32abbb988,DDoS
28515,1640fac43809316dcea167ff5db7b102c3d5bbc39741e7545d14d5d440ea33b0,BENIGN
46901,9e195515e74acf8c74c543cbb886f8f897e8b6c2604f796bf132d67666bcaaea,BENIGN
104414,45d57cc4a133e124cbae48b3352dbfc4a9cef09322321466ff0cc3164afd0f86,BENIGN
21620,af82b8ad869723f74c7b3574acd3102707a8f177e6a9b46ed0381fc1c7327c1a,BENIGN
88172,e43fd08d8642302a9e02218017fc68045c2bfc2815c595453d6e953760ccfbe5,DDoS
55341,14dfdfc0c6a2c7b658f2863b4c996fef492aa4f043afd5421b560d2ccbaa94d7,BENIGN
209562,bfb7501a6841579fb1424ad7bf4dd2138e2f28a68c6c1bba79e97a0ba3570e5c,DDoS
166205,98d2f354cba496dadb79fb4ffa9fca7e85c9752b535cfeb32905379f0124097a,DDoS
65321,39e9f3ebeda31f4f5d6c038d77c1c706f5fc094348bad59e5e021aa02ca41b82,DDoS
167048,14517b4991c364ad10ed80124586b860de5dfae57b16beffdbd094664b06bd9b,DDoS
131969,368a05d631198e03223c3839b1e01155568dc78af2d3642e30aedd41283f19b6,BENIGN
73837,8029f28f88df3ba2d4882c4e3db012d8f65009fcf6d5868f1244dc66f0abf99f,BENIGN
107999,15d2b0efcf23b3a8e066d058cf5ef16b5435549f2289868f641c2c6afb271a9f,BENIGN
76265,da4f857129e9b201dbc3cc82855875ffb21e5a04696a1c0f3772c3a2945ea7a9,DDoS
128115,beb16de4ae4e554aaceb6824c9f8aa6c6aad2d8f9a1d8671e6ad7aabceb621d6,BENIGN
25400,0d0e237520162bd5d471c9dfb01e20795e8fd0e3bb2dc39f8dd8399cb004103b,BENIGN
131861,e588342b26ca4551ae04c46f9deb3fb6459dec678f4c0e77cb4fe1c17b16fa7a,BENIGN
155044,41e4751821335d5ffb16eed879bc01da848b63332f8650c2e093e75fac1c5242,BENIGN
140578,08ef4a5177d8e14a19dec0533ce282660d6ff692eb0609eecf2fdce5531f47ec,BENIGN
188190,f87416b8f7f027a91832bf1e9134c4b51fa029b2bc9b90e538ba0e7dee677b58,BENIGN
43243,95498752587122c4fedeb05765aab90338fee855d4c25c2360df3c438dc6b21e,BENIGN
192085,2d044760513633ed099362425fce8bc38aaf257fe7c786d935527ecdc50b2d5d,BENIGN
114288,f9ef14dc3ccb7e015752db4a6d4583d6e0add590c30d3352e13833dc04e2accc,BENIGN
127580,38e98be2bc6c447ded008fdf1793661312db77cae2a0b8082b50da2a5cf41709,DDoS
14556,eea8c8bbf276ec4c68ba21016a96208d7c81c7e62bbb95f49b40c010aab63aec,DDoS
145512,3d927aedd7408a2bcf7d81f9bb0b1fc3cbbb43739d4411017f13cfafef7d6e5c,BENIGN
116598,58d47775538a320ea2a68d97c8728f227b76b7cd09061ecb8e3425b991c53421,BENIGN
126787,4788406ca2360912ecc25779b3f7ba317d7f2b898bda42e2114994b7c97301c7,DDoS
180308,bcb0129ee5139e29331a92e6dac89b1942214693180da504de0c53b3048c778f,BENIGN
38518,735480ca672e53014e072f29d00552e3f67fd2cfe95119f708477ec5a79c6d14,BENIGN
50525,2de8f7a8a14220d0ab28252c19c5de37bbb666bc3e4cbc7b71850eeace27bff2,BENIGN
106413,c69104a8e3ea4a5ef27b433a1f4988564dd5754fe3dcec53eea67efd862f3a00,BENIGN
134491,14ebdf391007dca57a4bb7d4431020ecf2c60da4258275e3187957641dd9ea8d,BENIGN
17278,56b8f11e6b046366a0330c663bd836b3ea53af83ee4c2ef48846b9d31a41eff9,BENIGN
64132,906394ac552379223b92fffb0ad46c57fbbe25d81160d8e6016a812557775cd7,DDoS
185721,a1e66501045c958e66f998a69fb720930e808c0f0f949698bf41a5943e3a1b4b,DDoS
184657,d481a4c2ca27a1228e8aa86bbe421c33941cfc5aaac770cd06ca04f9d2dc1632,DDoS
22532,2ba6c67105fdec60fa8cc27a21cfaddcf3c127e16678d5fcbdbc32ed790efa95,BENIGN
22645,754db82f40c7e4e906e67fbcb1076a86f9ee6030282240c8ffe4ad8142850cfd,BENIGN
1061,990e5573ddf98a3e10de6212e6d3f8c95ab5fdb5e28235dda508d3dbc47f5b7c,BENIGN
65920,2eee8589df134a342f4e1aa0ada61458fcb17c7fa16f2f6db3fdcf6fb9996d87,BENIGN
194471,d649df247aa9bd65b395423059b11a3737464264ed3e18f47c19556b23f6da98,BENIGN
78520,bd51d6939855586eb6e102caa09e4f75844f3965fc645b448da0be1a291ca8b9,DDoS
133636,bdb44b08ad4845fafb9964e359862d6ab0d1666e7379b3f0c120f68e16c0a09b,BENIGN
16743,fd0a6e7989c1481c47b32814699e6f8648c81077e2bcba9fd21f2afc08ca752c,BENIGN
3449,0b6372c30b5ffac898b87725fb1f9a6f1a1d9bb3fd4dd8d61ceb3c2a89ed40d9,BENIGN
100760,0e0ac7d1eb5d66ac17b2c789e4dcda74148cc153869fbbb11d17b8fb4c13864c,BENIGN
119075,748d08de2063c7ef982f0d570416757481a76636ea0ee721a731d8e2acb8a6a9,DDoS
148553,78e590381639973ac90993d118228ee04d161cb9e6f23f20bbd264492ac90531,BENIGN
58314,957d7c7a3cdf3145db4e7b75fdb7e64ffb83f2f515a06df3986566650b22ac9c,BENIGN
39323,5dd9b1393c5a7fd6c8156be18f9aa4731b8d3e987143e685fe84352cb25359f1,BENIGN
141913,857e317773b47ff1f218106fd6b70c805897ada29da22d95f709a379907e6e0b,DDoS
116411,9d7455b70a62a3f356c98efd0d0cca5f482dc8c9369d7e0709db3aa955f25146,DDoS
44775,20ed46599c471cdaff878591ab4c6a1318d4736a5a55c4dce39e754f207868e4,DDoS
35117,4584a98a1d3ecc4e889515a3dbf2684973d824b19234ff74708cdee85570936f,DDoS
117373,26de2aadac11ef4447dc30ce5765eea8f9ce6ca84b50fdccac29c925e5b66308,DDoS
133801,84b943bb7dc9f86f99c6082ffde7f0e697c607caaba03ecff2d984040aaea047,BENIGN
96428,eaeba75b368b9ed1eed96ee85db5f923d74c9f1f9049d19c2cf37ddeb65dba72,BENIGN
203335,cb1f3c2116066194a2bfe56099830b1f25422379605fc3aed6207bea86e49901,BENIGN
121164,5551f85d1876e5ea1f5510aa244c85cb6860bcb5f60ed8efa0f7c9fd87ee1e81,BENIGN
29886,7625bd2c408b6a31f65ab9a7ab359741190c773cce0737f9225d70d50e967676,BENIGN
12799,ce2e31b90b6f563817fd810c6575d3688b11c9ff88c07bbb76680b224ed17cf2,DDoS
205852,56489a5980ea82f7507fde28509eea5650d6f43e8596ed246d6185f5d25be1fd,BENIGN
53225,55f6e08ff975ad30512a1c61e4db980620fdca5ae502b55f59c0c9fadcd09f08,BENIGN
38629,275cd62b36a78e1548fc90c4255f41fd3468d493255f22d9f77bd8c8f37828ff,BENIGN
183999,d77fbb0fe835233d8acb7bc4262a96eefa730d832f3e7029452fe2013497d16a,BENIGN
199163,aa714b70b1e3f3d4d906d823b07a54dbed5002ac7b6306edb32c2338921b408c,BENIGN
10695,dabb1540a3d39dcb9f20f7587f1bc7722ef175ef8e131bdc765d4b6b6525c956,BENIGN
144307,93729b84f7048b6d6b2aee0a8e536a0e4b53eae17867ccb4b4223d92abb12b78,DDoS
154346,7f90b8c4f676c570afcab610d641305ec618f799f21e2590d76dffabdcea4f89,BENIGN
194350,047ca493117235b68a8398161e5eb3de1ccffe9dfa75e89911b0b4db41ee9806,BENIGN
139958,b13878a81bead15634ce60e4ff7cfbd336e70b0c39e5c1b8623846754b522f2a,BENIGN
78981,3e997202e23d749d30829e7f10c2ea016d49b38b28c850272269bba84a68d3cf,BENIGN
139510,78dde09c1d1d43efe4d88a3d1ff2f21bcca5f8e725881561ea1e2ddb82f38d3e,BENIGN
105850,e8d1454dae1b9e57cafc9767b7e4e1bfd5ed79b29fca136b311575e3ec2e0705,BENIGN
92492,74236f711fc5d57c84171bda4d203bb80e87536a015e69152e8c51d2704bdc5f,DDoS
142663,e91abae6a6ddda57f36755775003d6a1835c55cc143df7f8a5acada97d54d4bf,BENIGN
79595,098a75098e47a577e854b22298503c72bc0bd05099846fa0a09ea8384de14ebc,BENIGN
101056,ff2a362245603569f12326bf9b2e003ff28e7f13979e731104898b62fdb1aa0d,BENIGN
40520,19a775c579b1b921f8ad4c3e01224bae1ef35d2a5cc53aace4ac064bec093b83,BENIGN
167132,12fdf846a53b22687a7af496037452aad1310b63e6529bd8909e030d801d7ce9,BENIGN
126959,14540988ab6f202ad46385971dd4b59c8277a7929e0af11358bc244728a1d87b,BENIGN
67723,c9350706995587a3c5344f06ce5dbe82e1a0387aa6e2d05967553eb86a8a286f,BENIGN
129480,cf8fe9091f5518ab92813a5df6e0e8962ce46ae3931cf5d93669c8a6a263aa2b,BENIGN
37910,d80c6d4803a0ff1444e303c5401b463c76c5a753c49f4af16788143bfd6ce389,BENIGN
43076,f7c878a52ea240356c9d844d2d9c1e4e21a9777eec846a1247580217219d4692,BENIGN
208857,e8bebe6e79d9fa8f6dde48a4010e6b06846b17177b392ed61922b2ea1993a43a,BENIGN
125619,534873608f7cc1df0de1d83b90e9474bd5bc9f74f13695e56a86c3c648b9b990,BENIGN
70155,642d0194f49c205d5f9eceabcd564d194860d46259bf92edb5f007643aa756e4,BENIGN
57067,1200338745b648993e020566ee7545594ab8a48ab56ef00c0b638152f0516011,BENIGN
73729,2bb6f7e224ef4cda9957f9f14617a1ecffeff200937f8f34c572a8172c052c20,BENIGN
119509,9eb692216f075d452060bf23270461b1729a456b0cd88d554ecd3c36ce45ba33,BENIGN
32187,1005785313ce6873d43e47d5f578762ee1ee6051fc97251e001366e827be816e,BENIGN
46786,6445eed1d4663da3eb2e01709184c7dbd6bf59394eac631f2ec042255d7ff5d3,BENIGN
146779,a3058a0ab2576ddd5ece95ea18f8ef76c5cb1c3f8b7d7e5f044d037a5e981a82,BENIGN
147189,638c7a884c4e08cb161eae7627a487656a16f14f934f8350568fbfdd8db770c3,DDoS
131796,b5763635730b94eea08a6e2cb7a6b9c12833ba9acb1d69713d1485ff814006bc,BENIGN
44404,d429db2688e60ae61a784e42686053893e30065d95b73fc352045609a21701d0,BENIGN
110017,c7791644bdd35aa84396f25798e9c44ff63696c33ab9a2313a82067ae28eaa92,DDoS
67657,c954e160f6ea7203cca333744dd9f57fbfdf14aeaaf340014bb8f19578f17b86,BENIGN
160450,d1dc4ca6dfad5562a2dde648a86ae05a9599345fba4b8ebce476401a39930032,DDoS
174425,00f2bf99f8f2f3c92b36070f61af6152a42cffd8cc28d4cf18a2ca1230431eca,BENIGN
7559,3ce37ec3772ba71369cab71bc0944b11e3c001262fd6f8fec05be2d6805a449e,DDoS
89935,df03c4dfdc89aa92a1ca3b8ee6248af8ce8db9e0f225da914080eee1b918eb55,BENIGN
13730,14b9a54a156602369ed4556f710897d73c5b6dabbe6f126cd21b6ec9e7b64e32,BENIGN
91692,4562d49eabbc3570bf2de144a232a06df560691b5d46d3c48ba03e6b44bdf093,BENIGN
125935,41ede4d0216876ef372954da8602ba063c31a7d21a749b737447dc4f13df7258,BENIGN
160672,2674fb50ff82c0d3814596e5caf6f9a33f34f5dd37df5c3151e458059f9058a6,BENIGN
49600,14169cc94aa26654a44694cff4f0ecded75ecf79cd219fba4332b58626fad1ca,BENIGN
182093,9572eeee9fb0dba1fbde071c5526e91aca1d427c2a3cefb08f3c23dc0be0e122,DDoS
80388,087c57d620b95b8b28a1a0e849d0605cc2c38e523ffad6921b7a26f033c78eb9,BENIGN
139483,4d5e74a26f9341b7009f5d2e150c6d59f9b472de85bba60d84e53a16afd22e18,DDoS
133732,9ac1a532c8b614f70f7fdaec56c404379fbb70d507e013e0228188aed4522bee,BENIGN
136784,64690ff58f5510440ac93c7da6d422e3b1ed530693f068fa558a1936f58fdd95,BENIGN
143860,fcfea5c79da39c9b488faf95ee9bed352476fc0644f069f5d870fc9b409654bd,BENIGN
131357,d98918e6ad996a9f811ba32a431354a741b97100aaa6b9e50b0fd70ec5b0f111,BENIGN
95328,ad240abfd23f95815bb6336d38c9e1cd8d262f85bd721d99fce7095c31798cd5,BENIGN
116170,6e7d11c54d2db2a7ec4c3fdf53f7b9403bb73849fc8adec9c50557a5820e91c8,BENIGN
164055,e75ea8f4ce50ca6b6931e05aa3233ce8119ed417f0941b1aa30d99f4527d39b4,BENIGN
133407,cba9fc2d18f0b1a9bf076e97cd867f35a14cb929ac3ecc360e7ac997fae06750,DDoS
3333,a54fa431c498c63325b4ae40adc101f74fcba01a6bb2ce1ea337006f0b4f124f,DDoS
71331,07591a45a4a29068d3f16c9d4dda6f82b188ca9734470376e348a4c2361c19f0,BENIGN
158700,7cc1f6578cc3976636cafb593fa83b33d8efa458df09fea20aecc1d6999b861b,DDoS
208672,23fc079aacbf1f820d732088507a82f0fce8354a23abf22afb4f486829659360,DDoS
102080,63959c97c81f789ab5b9e8bb6910181a94c876d40f690f886193e020088d1e21,BENIGN
70609,79657d56ac986f4484ac7526ce82c392c0b0ee0c9034ed1ff9aa5a64719513b1,BENIGN
132947,43548ecda8956ebd6e31eed641c4768e600099f6f53a0e42e861ffcbff2900f2,DDoS
137656,fe2013042df9312b0746160e527c3a44fbfa847c21ad3db7188f78c8a0c1397c,BENIGN
165448,87c1c99db7cb5822657be6ee1108e41d0ce72aeaf24a93bc7d3b35122a700794,DDoS
25977,834bdea3294e4853e7d205902c22d11cedc703f76bf16df6683654ffb0ff27f1,BENIGN
79778,cd5051b15a6c5079b6fadb95c98273e33aee828de0aea7457a85a0119ae912fe,DDoS
89674,7b3d8d8717b1db6b4cac90b7d33d242497555bd1d3252909e5208ba23f1c730d,DDoS
173617,358e65b6c46e59f500a955e45ddb95e578853eab7929ae0bb4d048ccda2e8dfa,BENIGN
14916,c03043cae5880df93d0b9e4af3db750300fb4abb8754f448df7976123ebe4b94,BENIGN
173118,f5db46b24b823295fd5c64f548d90d8b74e427b8b62323b016bdbba24a8519c0,BENIGN
135071,82254d8c19c5ab50ca18df2aa2a7051140df435d051da893ad065f1e9c088363,BENIGN
31164,afd3cf17eec51a02873f47dbfcc603a59d7cc8b3bcc63a047f59bdf08ea71386,BENIGN
200372,14cabcc599fcde2c3763ae5cc40f3c1f22c893256610e219c4419a68ed55e94e,BENIGN
185672,e858eb543e2e71246e86a066fa654809b96baab92c62787db9421ac28bb804c0,BENIGN
10100,847794568d5a05749ab8ca12bd940f0ec249ab28bd3c6308ee19089fca6a6e96,BENIGN
193939,014d7c14a9ab6371404fbfc565dbb64b64026448691ddb458e24374c2b4dab41,DDoS
133222,b8d6b0e676ccac734695897572784460476e7d70bdc35d6cebe51e8729ea5db8,BENIGN
179263,6738ad2bfc00f7e6a9d81b1dc54cf1bde321734b4ea8c94d3cfc58789439ba2b,BENIGN
20466,3a4542cf6ae979656c4e6eae288b8b5b099c46f5a99b4300f888621f186b4b26,DDoS
90142,769c9b562a20436879c87a395a64459db83d50dbf2872125aac5fd04b6b79f82,BENIGN
64646,26184127e3d7218c451af39960429ba7ec6f880177bdcb5577dec693644d67e2,BENIGN
81118,23238c748c322955368a47f5cd76d6044ce9ced08da646fc2837e8baddc0dfed,BENIGN
92031,268f599a93ee53400588c319c71a29c68a411341a336a19973274617c1251721,BENIGN
169442,a99b8285c0c9b8dca191991d72dbd83355b942947777335a1c30b9c98d8a5f7d,BENIGN
18161,dd176310d32687259fa27893574a22cdfd4b11299d3874de6c97578d03b18d79,DDoS
3808,8eb06d8b42cc94ec1672ad3bc03ee40b4265de62089f49f8f5e23d2f360a6e85,DDoS
86662,c6062880dd54987a38838cd4c941cbf096bc6952e0e65218220e7c4f5e725535,DDoS
185843,6b30fd964baeef6573cb596276bc50e82f2cccffd9658c0d389a1d5da43b45f9,BENIGN
17993,1221daa4e37b85b9a3aaf8560d888985f48e7b72fa6ead754f0bce0d318e7676,BENIGN
133130,aced2ea5ee225c2d1f19e3381e45166e9eed11714cdbca51191af006d8d10bf6,BENIGN
184820,aa5fbd75edb237639e8b14e782772f0b02a50eac7bda97538f88f00cfbb49e7a,DDoS
166389,cb7274c94130cf0941a629135f2d6e893b18cc54a15148fe0590f49818a46ec9,BENIGN
188020,cad146f2a63de8d96932788e4d37291071e95c3691f04c6a2e58f210c421f01c,BENIGN
77291,2aa773bf6a3951d84f5f77461d9c451e3f28c7723f1df4b4be23f9a460d2f59b,BENIGN
183490,d3794736a892323181464074bad238cd0de1958869cea9a1ec6c81f5d150fb20,BENIGN
20955,0eab98b16cd900aac55c20fb19174acef2a51ba29ca3fca815f4b00f9435fca0,DDoS
188232,3b0aaba508cdc5474ab33e8dd41f75dd876e4b4286ebf9d1b6aed4fad86e99ed,BENIGN
4049,027bc0dd8675ca0b7d80ff562324e7f72e8cc9a6c255092d0b224d0f53a5310f,BENIGN
128689,f61a193e96983e7c10853b137ca4835a5d5b5f77be9bc184dda5e014cc136679,BENIGN
70601,a36a23c5cd7f05ed1cd46abad9e4d1fd241f7eb85b6c7edb99a6cd2452a5b50b,BENIGN
165504,663120912c6236da1912eb794d4d679aa1b00d3a7eab766baeb918b2a6af0af2,BENIGN
150398,2052b49418d659f6843ef7bc6de01c60537b45015e95379d5d663d9f0a3f480f,BENIGN
50170,84b39d85aa4de116b9f65ec79b79423a857d9a5880f03472e445cf6d2eef5868,DDoS
137521,6a415e8d9da95ed67cc1b266117bc902551a7493807593926c62a8e44f34c6d8,BENIGN
67346,b164e5fca8f644015584d66daed75f88eb7706025b6c3c2804f63e522e27848a,BENIGN
127348,ff1983ba9c675bc0830c57858315deef17fc933c3c6979948ef7d954cad641d5,BENIGN
153122,8fef5be6dfd54236d2e99151e07219de7578b7488823424b1b3baa365f985f75,BENIGN
33295,e176063f41d9f7585ad57ae12bffce5482946783962227190eee34ba17b282f2,DDoS
140932,5e01ae1f0f0ca2b7cee26301d17331f19f1733deee49683d92f633d7944f9223,BENIGN
107681,82df87088ecd5a3eb32a959bc92df25da3f0f5d3ceafbe3768353513ab5a7db7,DDoS
77917,1e1f6e009529424a44f31927d7d29beb07f44c302c7e404fd8ebbd2dc287ab82,DDoS
97159,3c6bbfdd057a25bf6c9745b10e69270f2397c951fdcf625546299fa4a53fd14b,DDoS
50838,fb3569b20b94a550b4da04af390dc8cdcd434105d0a194a265dcce4014c3775a,BENIGN
124263,233093fc3425de94c607cc4962a7cce92cdf3da251f2620e200d16144358a764,BENIGN
143545,a058be350fb7a478b37c32810ffc9c9461d616eed1f2614d719ac36d7fa24f60,BENIGN
71546,62e71e1ce83a94293ca83ca1a94f3862c3d3f2102b508ef69bcf6a066d32931a,BENIGN
147762,f1d00eca25d3cf41172e4e0623e75a7385ae6327e2b594a9b70b3787b8b9da33,BENIGN
176913,60c3bef7f74b265d2853b4ba2415f68b001dc0c964e2e374021e3f310d2da5e2,DDoS
113351,898a4c362af94eb07232849fc5f30c6ada0e81e9494095b7e9bc8d9cb6facb43,DDoS
27433,eeee27aa87d4e809f73c392b6b1dd154d543958966091136e7a4a539b9d17d56,BENIGN
80528,4c00f713ff5a116ed1167d93f93c1ddfa08761e1726ebcaada10ca49e5b39984,BENIGN
98965,671734adb2c13df67bff957f74dbedbbf6c93ebeb5732eaae1881129952996c9,BENIGN
112831,38d90080431942ebc6aff06814bf2bd1d4df684482334b6973d4879e9d8c72fa,BENIGN
67630,4c8397092d1b7efddb1718846a9bac0a7ada5dd70be6f5a48330bae67ceeabf6,DDoS
126153,7bf1e857cc00968913c866b2945fa34464c5b8e3e05dc17fd53667d343395daf,BENIGN
45952,87610d61cace991a2fab086d0d81a3f094ba81a3a41655e9cb2867fd8cee969d,BENIGN
90289,9deff40df02921d9195d26d2448d76178178975472f61b527a606f1dc74cb339,BENIGN
97258,b4956dc1b5e08b458050d9b6fdae11e90cf63d4257041d68dfdd654449c18416,BENIGN
152690,dcbcd4ca84cf60f2d267600470079a4eb6e2b59d6d6808290c4ca2c7cae27120,BENIGN
108404,29f6bd711c3de9c49f069fac504d44f61207a9b1d860dc29d76189c785f397e0,BENIGN
52038,a21f4245f37104eb176c9b084ccdd015839f10a0c32725070b877f148fed5d75,DDoS
72204,93144304bc0e32db023fa4846cd5dd0767142b0325b46434fb68f55e1101cc28,DDoS
58874,1a9a198e0541755520a1980ac5d036a6f3418c6db9ce6ef44863ee081d2f93f0,BENIGN
29294,a60566bdd51d028b60336131ec100539e05e2acd5a4fb42f9591b2bcda3a9057,BENIGN
46980,8fe9c4a1ca77483f92e6b6c38b2b3c97acd4d8e3a09821a7c5543bdc6bc8fad3,BENIGN
4957,49eda6b34e017e1d48b0962c60d5ba7babe5525ec42f0f1155af7cdbc02c4ff1,BENIGN
143692,c6cad9d71c7fafa4e5270886d73ef9e72659315acc5cad1857c30f2012611e56,DDoS
154142,4ca350ce5d2bfccaa02fecff1e646bac2cd025065bd6a23fad4aa643abf6ad72,BENIGN
200860,b10e7a4ba4483e1a350cc364ee9ffe4a4a032743d031d1dd177591f05bf803c3,DDoS
92386,73975b92fa52a046551017e1914df7726d09176bc5380d11b108f587a323a6a6,BENIGN
162044,cbd502b9624244d0661b3143e08dac670766726eaed6a6809ad8ca503a0dea48,BENIGN
188120,971ff1809336db0ad8cabc4eb0a17ae70ca0a38538840320b079c3abd3c868c0,BENIGN
153381,cfc2a9833ec9ed3b40aaa7b09a4472b57f210d94a7f0c4826c9e5339240e8127,BENIGN
40873,3f95e3b47125f9e6e7a2118035e378f664d54a40b98c726829569bfa5732f101,DDoS
55859,180222cc85c4750f684376063f983275a813d218406bf7984b543edcee2bf86d,DDoS
201673,40f956c12e477c17481eebf66828b572b4853669b143db5297b8b9ccf9548c49,BENIGN
87759,17b4fe9f893d20e11cc676f218a8bd85d3d56adec4b02df5f250ec6f7adece7e,BENIGN
95686,3957a0e62e820799b989da5e78b33c3c3e63cedf38a8066980ce64bc58e9414b,BENIGN
198725,e89997d0bebd9caa6db095ffc0cd659634c998841c6f965f3ac56f815180d000,DDoS
130481,8a27d089ee52d87758f58c7852786f8851a40d1438fc19dcc32cf0f894e961e5,DDoS
69666,0a6dbb3ad5eb55cdda07f0fc86d22fed27ec15d22e10cea1a9c99df90e25bc13,BENIGN
86445,a53ad9ec49ff205ece923aedafbe89c7e480660cf9341e8905a75f3da46d3c88,BENIGN
58227,b398ad5f4ed88692cfbc2244e37641514fab1035db391702ec76ada340a850a4,BENIGN
27352,f038d1d87cce25f753ed0e0a61dbfec65fd9346772c9d55c56cc1121eb0b5cf3,DDoS
32522,5f69bc32a1b1426249d4e5b85a601a7fc32b64b2c74c3c5f5c1a95a8698e4c95,BENIGN
46978,927b3db6531d66daa37bf70cd548da9fb03aeee0a55c8472c7c24cb77d14d835,DDoS
9488,519bcfd7ac1ff7bacf77329f73405bd9228e2280b6e27656f3e031207720672d,BENIGN
79807,38910aa32e0b58e3bc5dedcb84fee4690e8d650f5e1802814f12ca402d7d0769,DDoS
51724,2bab66d1cc30f5347eb90f7c098031e670319d24add5956dfcfda5c3683fe758,BENIGN
95700,8956da106c2b40cf8521a70d27940ef30852e0fe8a87ede79d1a1e9d6507a70a,BENIGN
178458,51e4da2578eabba08a6bae27f0665088d49cc0034fc37c6fb595add9b3993763,DDoS
19131,3bf891846207a367f8729ef2421375df3aae83915084dd644d5a0ceda0f2db67,BENIGN
131182,a185834f3ccce462e9ff6b1bddc9fffd5ad0759d9d655aae113bbda14953338a,BENIGN
66487,542cf82308bd74f1ff2cd4d911dc5d1bd670cec4c4208e2866e0e1967984ea46,BENIGN
136973,17b856d53a155027ce16c16089f794f1ca9040daf8cd5405185bb0aa4bd9167d,BENIGN
36388,92393aac13699291d916185d7a23541414deceb9b20e2adb23d07ca81c574710,BENIGN
116286,af0d724070d8bc282960354b6ff57bea90c898ca69bc0734446e6a01dbe17aba,BENIGN
64459,554ade70e354692331482d45dbf5c58b01d19f9b1f8f0214007dfcfab7e7d421,BENIGN
55437,db5e2d6a955fc2f6e444d14d220e884c7f9903a206a214d03445b9b24021363d,BENIGN
83170,17f906df37fde8be22eb503983e4204b6ae48bb02b601d69b21d7938272c4d8d,DDoS
56509,f61c863e57e94688d003a2e95ad1f0f3870997a6e208834c1f9ce64271558f55,DDoS
133974,c30aebd4dae7cd1b6b9d19f78043e2be03eb35efd968560d9f0a3bf66774a0c5,DDoS
188695,d28b2aa16ca291820ce5016ec78b8415d5da844760f32567d82507d57baa7d9a,BENIGN
143133,36249c330315a8ff1cf493caf61555216b563df0b9ab45cbfab198683cd07b27,BENIGN
83543,0c0f72906ccdc9e9ff19293d242536b7ae647785fa1eef9bd8de0b505060855e,DDoS
174676,ce290644f911bc37f3dda187d87fab7cdfee09bac56662cd8f1da7048a761333,BENIGN
38607,c798342b2f827cebe7838da0d228b523696e098db5ce5438e398b1ef3bc4e3a3,BENIGN
161100,d196207a82174d3c1a588c74a1430906cac7ea33fed5f4bb7314f7c48e2614a2,BENIGN
176806,e16f3b0196f24c248b3563c3f7b8dd7b0cf1f3b290ed038d3484b839b87ce63d,DDoS
17237,8b4fda10288b81077d1ce441774f1f2c426cd73454fd5622e2e93765c04785c7,BENIGN
139146,008acc1e062a11dd946d6be719216f14a8bd962913d5881ebf66af71a6167e2a,BENIGN
114684,98010e2a386a5af8dfd07c4db6020c11ac8d66147bc9c351c61d6c800cfd057a,DDoS
28657,2573e1e8b17b15d6b2fff9ca4285ee405b38ac551e42728f685be44b88fc6c16,BENIGN
34042,c68c99f5a632e0a4d0c31e177d32947fa323c693beb05071964cfc21a6d9bc30,DDoS
183669,0b296dfb48ff3b928c445338b79961510a23f59274a2b6b020e54029f3b90707,DDoS
112298,dab8541f26ad80fc7984f378df0d6da3018c815a71d1d6ccb6d95abe327afa25,DDoS
168378,bd2a7186ef8c4b55adac497abd460b2afb8a3c4f0aa67823fbc0164cf2cb0c2a,DDoS
38805,d0911f2405d71235fcf961e7477d3ec93504648c614fb6b119f1d071b3b75c91,BENIGN
31900,6c72140a2d0436815d4f8bc77c8fb94f46e63c9300289eadfd89e6bad7f3e777,BENIGN
93920,f8487c6a988ec10e72eef74a910b4e40f4e08ae19ddd0f1a92b3b5f3b0ba7375,BENIGN
56138,99eeb4e8acf8bb6ef86f5501a312d62e4b71ddc90ebd133f81bcabb223675483,BENIGN
41894,2c495604ea794dc859158fdc9f8080bb15f642ea8dab61280b44fa257ff57322,BENIGN
172219,b5d8a2ef6a956725311cda40f927a5e180fa2d37dc04a156eaa1fb393be434ba,BENIGN
194114,59b5a40a76fd5b15399696b9928eafdf8a71c53e459cc0d7c747431afaf00e62,BENIGN
156552,47a451de69d48d0ae35f90e7e273061ea9e20e3e4f74ba89ca3f216ea2c4bde8,BENIGN
207304,ab72565db99028f9a81d0051192a12faeff91dfa819d49b728b75c619caab671,BENIGN
199614,070c66bf89f2879030b36510afbc2d911b7c5fa8455d8892f532963dfddcad92,BENIGN
49012,0885dd498387ab849abeaca118dbb6c124afdc3127368172a60423ba3e2f54e8,BENIGN
76944,5c0e7e3c460f4ca658c13fe69fd04d2a43f3b2320daba3c20faca446b0939276,BENIGN
176001,e9f6c5ebd0caaf0f9c66db8cf36072f581afe0ca1fe1059f219eae76f4656f86,DDoS
153173,06ee823a81c46a83cc32f47b990343079b0f46ca451fd0e0589e99e56e605bd3,DDoS
91948,39c2d93215146e1bec6cabe0a2dbd616c5c8fd796d1384621c839b2e4dcf0019,BENIGN
131030,454b3cb6c045cbdebee244ba4966c442e959703b6a6fdf3106bec52a7a0aa19b,BENIGN
74977,74b16e89d73d46a17f75c5a34f0f6d840b75b981a4e9e13a538678a45faf371d,BENIGN
96758,26200285dbbc959a55315d94d1cab811053297f70537ae7bc225e3c1030e3dfc,BENIGN
2921,b6babec8ed00e9032915f913e5067032bce849466e3da5d3ac19f318bf18cef3,BENIGN
18001,831507c568dfd4baeebd8b49f1582b0a1bb284c234422c604168487e7b29972b,BENIGN
4714,ab467fb1680f65bfb6f7272bbd0b8f4bb0a379f09a6e2e4526d5974b4ed2b44b,BENIGN
96066,fc6b26fe92da2d8e12844d099f5b1de668d694612185cba1394e7d07f1492313,BENIGN
163127,adb3d86e7261d69bd7b14018314389749928eb42d46e58665d4d58bcc5a61d14,BENIGN
173708,b24587af046e3a691e9ad944a306cb16cd9e56e675c99e1ffa2119689210d0c0,DDoS
199204,6ed4d679e9aeebf570309da1a7be944630e96442c3731dbf7916c6d29dc76eb3,BENIGN
156541,eade252ac21f0b91efef2351608fb37ba0fba426607324201cbb88001e66336a,DDoS
111857,4edd548f1bf3306deb2b1f1402c1461a0808b9396c37c34e301b3f55a9deb493,BENIGN
205451,cebc1ac82193e5dcef8c5dcd5fbbfee0fa8cc54525267c2bade8a06c8e39661b,BENIGN
71332,4b3d67c467ab27962e03d213e69bb3396ee187b3cb0815e5f3d660f84e6b58ab,BENIGN
187581,c12e6fe34ded264b00b858d26842c0bba80f54edf07ae5098a237145e4607b8b,DDoS
136634,4bcbc2be23d0c6f4e300a1117d8198b2cb809c35a4a3e543d756881eaed43721,DDoS
81483,2e6ed1989c03635f5bbaf5a05ac5e2e713a597e14ade66fe58b2cb584649ccb7,DDoS
128231,534c15ad000c1dfd8b06b875769859aec2cb9257f9da539a369298c6e7a9241b,BENIGN
148331,8d743216e47378b690f39d0d95c259a6d396da27e638ce9cafbb73ce22562d68,BENIGN
44716,0fef8584c383f14c12a14d18fb46fd5d9b9807e3a63108d67725332a342d7c3b,BENIGN
191137,9572d73fb92c049f089d12b978ebe671001bb81fc4db5ac5e2a7b8b413786cec,BENIGN
21481,dd0ce0cd366c7dde4d94c09c24098a9716a4c992ffac5a79f52d131fb2db46dc,DDoS
33854,fdad33615031574d21b535768f6de51278706b1c49a5d74aff3c93fc70a05aaa,BENIGN
121722,ff05ad26bc0cb6a2821093e431e9cbddb6e048ea46b6adf42308abe6de868f35,BENIGN
87740,168e1fd1b043b831ae81af9d5b617577b556fb9d0316940c87636335f9a530fe,BENIGN
202164,74f229602eadf54c45aad50f9407119977bb592a48273a3291ba5644dda0067b,BENIGN
87188,bbc4d2f7496bdaeb205818ac3f770b54984e1327fdd52cd6b6c6f15d4b12ebfa,BENIGN
29435,8cc8948ce3ab43d1665bbcd4c050c5fe3963f4c6e93c1f387c76ca1caa69bd9f,DDoS
21254,126c41b83b458d12f88e60dcf91f637d10b51efbba5dec6d99c0ccd7ad41d246,BENIGN
201678,727f0ce41313c3740c11124da93bede5e01c0fa75a119c66858d17a6c1efc01c,BENIGN
153941,abf907d8f2a4d6967379149f1992ca1feed5198df5644e0ec275049f35924232,DDoS
30559,0691255e6891b9b629acc8a804a88a86d60f4201349e6a48149d56b6644b6b99,DDoS
204476,151ac7f8328114a33f8c2f89bd3728ed0f51ed01938aa646fa58d520f1c6c83d,BENIGN
163632,d5c1726c879c8898eaf0a25dc262082da2225a98cd37367f123b5428416922bc,BENIGN
9185,70207f84e95c19d3d04e2259b7c5b25b8ac3a169ea0b47193e669d5b15e7ae55,DDoS
402,03f5b343d151148f933a782ffe533354e7810b36b7a44378afed2075d15e1b10,BENIGN
201111,9fe2ec7a46574c0c9804a941fd824139e5512cf1daf8d910fcf851df01ec1af2,DDoS
16877,e78d760552969b2191e776fdf8d397da4b7b4cbc55e59829c7db8e506714fdc0,BENIGN
197162,8d14464225be30cd0ecb327a2efe64617ffd9d9325d6d2205360aa12e1d0d862,BENIGN
78139,227be8515df7a5d6fb9216e6b8a9184f62261028dbd4f50871a98c8f867a40e6,BENIGN
78286,a6200aa61c9d0ec49436bc861df535d65d797866708c6954b7915681b617bccb,BENIGN
13324,ebb986252985152cac7e77a07af24b6cde85a6bbfa3b780d66dd250430627ecf,BENIGN
14933,fcf4ce20e207043a11e579bacab01c59f359faceb98d36c85a8fcbc53a4b8a6b,DDoS
163625,1d6ceeb2896e0909641e68448feb4eb9a937e92c57917cd4642776fd865d63de,DDoS
60326,511e381963257d6e6214717b76497b46311a9763d36ee8435360bb3613641eea,BENIGN
170763,f927d8299479e1dc492ef9f7fe392f1e56cb0ec302703e070a94c714dfae67e2,DDoS
187715,924018ea0d2fa41ea7b16f199e347e68d645aac5b5cf06478f5525c09293a4a8,DDoS
138255,6bc1300cf7626d06b18141375a1b1461f94e4c2bf613340ba280e3f1e3cdb77d,DDoS
60743,1c27cdfcdee08f1bb73c6ce6d93f36a684cb46b0e6134eaacb5442bd118a3e79,BENIGN
101591,2837f4b8aa66be3da70400ffbade7e2032ea6b323800f04c9477b9e405e683fd,BENIGN
199031,cebfb41ad3c970538aeaafbe97ae8776df6e4bd32b8027049766ea7e9b1a8f7d,BENIGN
10005,b97a5503465b6b619f741632b9c2b4cc8beae1d73bc0ce88ff01dc67de57c479,BENIGN
83081,c3d91c3b3182e31b6fe6e4c3f77836699c55d2da092c48c671f15a2a3de51091,DDoS
174677,58b4b146ed79609cc7fe090ce4801fd739daaf5760ff53d7861d92319d862be6,DDoS
141032,2b70472b24c530e0ead743e029e6b3f6fb818aa79c167e14ebbb6dba8e8ea6a3,DDoS
135624,e8b4fe9ff00081967afff770ba1c72e41fa7ab84808b7dbb340b75c9a1246020,BENIGN
189689,caed159aded3c3a1be4a4a87dcda2e9549a6850ee83754ad5220a8906ae29611,BENIGN
107432,49bdebd96b544e8754656c0f2070badb68336234b986412788347a1ce7144985,BENIGN
172786,e0cb41bec6f338ac0829455989e3a4b16ca6bc1c765f21eb4cf28c2ad325dca6,BENIGN
8051,156101cd27596fa874fc66d8af1a4010a29ee5438fad28544aae20ba753c16dc,BENIGN
163597,732e3002c29b3dcf6bb303c38812195d2c174d960730394b649f0398b1af07ce,BENIGN
83754,b26d5bba3e2a5e99a9ed64ab63a51c267aee6b3a7f14fd675ee1ab0de5f51fc0,BENIGN
93857,c4d23273b6509715bd12bebd448f561a5cc83edd22260ca7c02e05c55cd371e0,BENIGN
103654,74e1f0c35a906f8eb06109d4405b95fc46d724d88b86d71a35bfd31ced0ad38a,BENIGN
159059,68b31aca22f751f2e9054a508007fe520c35aed0219fafea18133438cc0e9511,BENIGN
193586,571311224b57c86fb4e6bb7bb8c90293b8e9965f21b4bc062a4b94bef2c91d1d,BENIGN
83179,bb5ed91f9650814a5a62252140a7ec163cb147d70f9d0a18bc041262826e55b1,BENIGN
178399,b5164ed86429c1ef34cee33cc83e3b8b11d8e699a4a785196da09f9b5f43e429,BENIGN
6946,36f2400d8de89ccbb90a90bffe05778445b2d539dd3550f9aca9ab3b9db9acd3,BENIGN
157374,e1d26b4b8e2027f0d774f4e818706966cf1cdca35bf21dfef9990105c106aef4,DDoS
105490,9b01d04fef3d025c222bc52d162f9e17e737b14ae9ecbe571eedd77085ed8f32,DDoS
167468,f93d89b925dde47b259389fe59fc9c07d1f59c65aeabdf15865dea3c8cb8c957,BENIGN
28264,5b6ea9f6ef811ed8961cc60c1bff7121f7b546b6a7179fbc6b5d974179fb5a2e,BENIGN
83669,bc51ee9417491ae85ba8629afc3eb271204816291698bc0764a58c092127f869,DDoS
98355,ef85eba9f994950268460a4419f6c80e066e85805e3cf20ba22e111bd196064d,DDoS
156320,2cc687a27e16b87dc5a8714718304eed8f9a0523f504b6f62074e77b5800b068,BENIGN
11205,bd1cf019d65ae2e2c0523468e895b1aa2e0d8a996a44c57ca803cb80813b6a3a,BENIGN
168825,a2117295aed800b8e186a6eb3f10d767d6d22821e26d002fa03d3e1b88168311,BENIGN
69225,c94d142f7e502fa44f165a1d47b99bd73d46d7e9a1c48aa653754aecaee795b5,BENIGN
190001,9b4832dfd7291627801d1be319792f8fd7c4e01c4b1af0c0a0cdb11cc5306568,BENIGN
152425,0ce98db8a503c7c28936d8198273bc509b299ebc49745feb26ddcdb59c00601d,BENIGN
81700,a914cf58628b8e3ac1c10e89a0ae428ccee1283554424fddc1c2ac15c57758e2,BENIGN
128489,acef096f87bf0b3e53d6a380217996b36458eae175d2eb1dd6ff5849f4fe7efe,BENIGN
173638,694b9ea9cabb094f5c12d40051337fbedd9826a3f61b7de84a38765abd92e2cc,BENIGN
128511,f99fe20a0a95f352ebb29c2f3dfb7b37f9dffe693746fc3e7de4cc42ba1a0f03,DDoS
32000,4a1c44da544bf1b1f3ac6183e9d7e173b7b6306646efd04d08d24b297d17aaf1,BENIGN
179837,7981e80d82280fe1ada1fe4e00f2dc8cdedec5a8b3dabc0a9e21d6474f0294ad,DDoS
69022,9c0d84ed7c21e79f95b9657c5de8a0e78b42f991fd421740dee9ed5bb9b2bcdf,BENIGN
150406,1708eb7c9ca314246f30877f3b9614ac2b7b070d252d4444cf1997ee3982befc,BENIGN
1580,76891e1286671f5a45fd512ff2829124d483fbd41fb0deee7e5d2de62d859b18,BENIGN
121695,affc5e2a8687b15507ac3f615c984a4c16a94113ad9de35fc13ecb093ed37fcb,BENIGN
69783,8f95ce0ebcc47764c72d7b4d85cfd34d1c3d720423297694a43a64f2d822f22f,BENIGN
103187,897084b1a43d21dc676d0c3168880c0464a1a28db318117983e68f4a7396547e,BENIGN
193077,9344e577f51aff8d49b1557179cb1928753acefc9956b5269770bc3a1a2f6e8c,BENIGN
182042,e22c400e7918535ef94bbf507e7aa3bd0a724cf8d5a43e1ade4b1128bb5a4e28,BENIGN
112502,456bf820216c4fcb27b56535b318780be04c21fa34b18eaf18e57e0895475181,BENIGN
170269,330ae33967d296c1f2ede00779d1de7211b0d85141181a10602bf41cde64a455,DDoS
115153,13a1240f4ae02096a2755a92e76d6630f7cd5700b662a479a60267aea9668397,BENIGN
76217,53d985500abc72164dc20549d7561128a9085547a155135e7213917200b1b999,BENIGN
123333,114aa25bab9a27284aa0d048bc0c06ce56cf25e441c055c2ae4bff468d4c789a,DDoS
11004,adcd820d4314d936d464e4cc4310f74e6590d3aaaf7701db31258563d72f8687,BENIGN
157764,f2e886940bdbd9d10c903e617b2ecebbee25f8dce0219831800e4d1f790d2d79,BENIGN
9240,0b10c90dd139c4625bad4b5631a9ccd7004d7fae5dc356eb6ae5415cc3695c62,BENIGN
45402,811cf6adcd46989d4c6a3e6bced2bce56cf17ec691fad06c5454e1a53038d2ad,BENIGN
181081,2aa0e554fc679a99aa2db72004de52dd7c206f350ac1c1a39ac6e1514651354c,BENIGN
190069,9512ad86aad6f5f05f0a6921f2667125f72bb67d45d37004c4175772e326ca97,DDoS
10596,9b282b193a872740a7f89e9f88b2c91f6cd33ee28c4bb6483f3b2fb9631ccd1a,BENIGN
196482,aabcd5400dcc936242dd3d2e5f34f9e3bf16f5c1a4ff4fe00200c4ff89641829,BENIGN
79493,fe1a6fd8d447db836ea2c157f1b1acea244014e43baa905d372866ececd521d0,BENIGN
42892,5986f7b4ae332b8834754109b087a4b4050956aac362ee93489de2a4d7a63423,BENIGN
40220,911b45a54581f3f00ceaf34342f19733421f7d232d199f3a945895f2693d4e22,DDoS
175168,1f229990bfb3c00c785efccf2e43cf2ebd5af142c308a0c2bbed4957bc2eb600,BENIGN
112204,aa97f34d387068a5e6e81f4c7508051d0ba9ea5055fa99b897446558d5fa901e,DDoS
88923,d8e2afcb1d3262a14df6a1388ab40262c8fc5fb4e8ba91d327bee29a32696fe5,DDoS
96195,74ebd59b719d65133a3f9996a735640f17ab323ffb511cb5f466af6aa55c7496,BENIGN
87929,48ac95a6efdb5af4c96aded3e4fdc30139ee4dfba01b4120a4310c6a483dceec,DDoS
107685,1fd896fec4932a74660aac60b079bb4f18d3e6d48df86d6559b319563b067fb7,BENIGN
2519,2a2d8c75dd76dfed7c4c985d6d51743168b0cdadbe711989828e7c4fdb122c0d,BENIGN
47650,c343afb6705e289a82c72800cc6fd2f06ca860e25a67a9ceb81bd0bb36ba0ca8,BENIGN
150855,11209e6b86304794bec723f27426828da7155bf87026bd68e8421f19c94150ba,BENIGN
103363,9c1b7f08c2af68a2806dec0ed410e5e38dbf62b1d3ce59d4de018ba07564edd9,BENIGN
83374,16199ad0fe3f6316570fc9e4adb21b077da86e64004dfd14a3cdee1a0cf35c88,BENIGN
22732,0d4f93c5d896c4f4e8a90b891da9dc8839e589c383060a9810cae016b604f077,DDoS
138567,34bd034fc2962b97df647dc8c667efeea16abb5e1887220c75ad82caf66f8249,BENIGN
26813,cb2f733ec037f43c63a2c18313eb3fa3e7e4e79230ce6d44748b443c83f4f931,DDoS
149694,2fb5f0fecdae2a43f9e9b8f96704d1e2de1747994a7f3732d30427f05ccb8e20,BENIGN
131665,d4e726ad3e67f4d282bc1fe5efb5f18612fa6c566ea4dd3fc72f180fcc0530ae,BENIGN
34607,0b85c8d4cb66ac98d665edd38960fb659f6b7f408737ea05bc8e4baf1443e51e,BENIGN
176133,482a12ec0a59dbd6e80ce3a8e037a80a6b1f7f8427aaa63ef3c70076d090b2aa,BENIGN
53567,cf7e3bd38466d75db6164dc9e538e6685e497983fdf8913e94193ac8d5ef43ef,BENIGN
77099,b34828c3e4acded8e28b0dcd9a712cb60672ee9bc6ff4902ef9a2e844f03851c,BENIGN
84394,7e2120c53fd0d8b018c39510cd69fea310344db0683d37bda4e464884531f49d,BENIGN
41049,78c811866e9e839d62fd65bc6faee6ade72fe942643d7dd6f36777e7628b524b,DDoS
44594,aa9c38daa73e4184edf91f8948396267e9ad22d866f101a6ffebb589616f98e1,BENIGN
32680,c1342a9572051373417c74899978e7b30a5f6aa01ec7c86275d68cbc7673fb6f,DDoS
39224,40c34d0a928ef974fe3011813592666d1a691df48fbff571c0d7ea589908804c,DDoS
94062,64ee230b9832e3e38574a5c96de0fe7caed57ec40a36bfb2411c0fa4fe597aad,DDoS
53290,c784b862427ecaaac71120a638182f26fa8f0af52519ce31d8a96d67a8b6fcc2,DDoS
44900,b823f5b139ed84e85af3154ce6d08557826ae9a34e99d7a35c0d3b2da2ad6ed6,DDoS
203453,6640beb3012d1a0ce1aa717dc448c3314a8a52ce37ab68cfbb0edf519f38d794,DDoS
169930,6ce63f67d5a6b636b8002576b0e3507bce85615cba9e07819693e2caafe0350a,BENIGN
141681,a534bd5a9f7d5f5f053b83de45b4a909ac63cf858d75b34b705bc3251ffd3708,BENIGN
94079,eb7c9490602a3a56e6bde2decfcb0c4c765eaeeed08d25087cde382386d22a46,BENIGN
25070,346bda457db2b6cb65999bb9fab66d61d22d4e316a797fb896aafa4b564fc76e,BENIGN
61287,324cd2c60e52b83d4b89082eb82f9d41408bea2634814e96fedea784a1088bb9,DDoS
6816,d0b7c1b97ed1df0ac2f3fc5a35a631ffe8272cdb43e10d822c3f59fe2fc6181e,DDoS
53224,15e71c062c64a6a1eb28e5ff55b54df3a7ee2fcbd5264093c112fcad69e72643,BENIGN
64483,f57239b639708295e841e353d768f6af1fd1233ccb5a476f6ea63df4e0e5d0eb,DDoS
103219,ff66f7dbb5cc3dc7b82c602d49b82c5e9af835ac173ec6a681650ac54aaa0495,BENIGN
209135,eb8df8e2e410c224d3f54d8e808617b4dce53a06d35e0c27fb409d3054e45a31,BENIGN
47725,ccda1529e062f41acf627068a49062564e74864b5881ce7fce61bc54b919a1d6,DDoS
116712,f9c329be27efafe4b0cfebff829af25994c7a6a12b7225f60dc6e432cc5fc3f5,DDoS
136410,bca00f501dec13ffec9879e50183cead4d39d4bd8826a810ff71f043a2af4436,BENIGN
32397,d88c59ade54d5f15979f80be8121e281b9f6f8c2f12be45d816a0d544d5ebdf9,DDoS
64971,ab58902b29cd4ca87c25e6e45836cac353feb56f32039075d328c7bb66088d49,BENIGN
189862,25510d2c3cf6b5d4b6335acffc1cf58538bfa1e2a1f06b9ea4c75f64cb91a8f9,DDoS
113283,999c8174d4c5d0428c4763ac73a6336770b0f26a3fd5dfeb1f5fb1df0b7c5015,BENIGN
130444,31e4dd29c97800a09dd447b15d791888767bd58f1479372941cfa53e64068437,BENIGN
189672,42f3fd413c0ffa0f678c7756ed32dd0e112ed08f8cbb75608e9ae0791173bd04,BENIGN
34539,9806b8be3ccec1b1946299d062fc3f8f3e32a0bc4d125d8d87b62f754247f982,DDoS
80089,fb29d778185bc0a7720dfd5b8c3b623fd3ced0f1e47f4b0de11a88a2de446f55,BENIGN
115914,7e596f8f08dacfd4204c2100d51e19683b28c521c7cb23ff430bbc4da00142fa,BENIGN
126297,c39dae11d1508f3a702700010c1f76b43338710e2210215c0c2fa6a67619dbc6,DDoS
193182,78ea8eda93555a4ca90655f1ea9f2c878b31f4a25ffbbb4301fbe6301958f8fd,DDoS
84764,6a10428e9a4b40da5dc3bc5b594c6e74a5647005f59e797650239ebc5ce41f93,BENIGN
191962,ab3d976d2f34996c96e0c30fd41502c3a6bbe26146f07d80fc1935bdaeabcc5e,DDoS
12015,acd28531bd0d2d948ef245aa7aee18332414f5ad5c10065fb4712268458409aa,BENIGN
11476,5b14f941994eb1aa36fed29e8780c2c1eb27a056b546169e6f4008fe525cb45a,BENIGN
57656,d4a1714d584974004d2fb3ab8d33be21a351e93b0b78636a6292be6c4ce88590,BENIGN
125854,0b5b2bab5d9b3a701de2e216f652e71704aec74e4a90ef9e89d92c10e160d588,DDoS
20952,b4a447634238f2745989af04b5b23b47a22fcb63ae8877478a7ae4675ce51937,BENIGN
182976,6f9ca9efd8f912fb62ed2080010b784c2c100f683ce0c966c88d29f147b4cb65,BENIGN
206844,17a60897a92808494d68382c723d84743b25e0e710165e9e5459e79507dac502,DDoS
113557,79bf8147ec2b41813f22c20d539ff6cde218b21d8b560f6754ec00d7581491af,DDoS
142460,3f716d1b0c9c538771ea3df6c776bfd467ed94f9adc13842aa26303b5c92a96d,DDoS
157041,e1ad1a9a48f2a6b4305dc4d0b15c5dcbf74e25035e5d4cb27ab808d2a21408d9,BENIGN
107022,4a134cb68feef03eccce7cfc613dff492dbe6ba710e5f031932cc6d598d42bd9,BENIGN
206892,3bb843b9c64490bb731fd0161c7db52b01a61492e2c928aafc5a5acfc0d618e0,DDoS
203708,785fb0b20b4d535e3ccb4d26f191041fb0b14455ebab6c6ca94dc61430fddfe2,BENIGN
209469,343f60f8f3b1612a498c81316faade7de3b5c0167549da39594b3bda9b76365d,BENIGN
55413,f0aeaf6c20cd8dced057c822f63204869944215b6e539d729f426e2474eb84b5,BENIGN
33445,dbca8216e9f51f24fd20b86ce7c33efe04fd5c81644e5b2c155dd2be7f49960f,BENIGN
208881,98536ea6a363fa8fae9142348f1e035eb22150deb1839d97f9754e2712a3e4f2,BENIGN
129874,784f7c6a2b005629c1d029c4c541366ff81265d4af7daa1a6cb367809f07bad9,DDoS
29436,f9b334f844e5efd2b698669233b668c20bc8c6c3bb935fcec628faa63f59f4c2,BENIGN
54998,eb765484fcdb7005d4e2a2528804bc057860592a16785709296993accf3ea1ab,DDoS
176903,c1ff08175c15ec49c55ea1fa7385a9781fb363bfb6d82a08cd3e9b60c487ef8e,BENIGN
53743,9708ec444ae50cb29941e3c2049cb497aad07b145b2e5a7fca949c778e233727,DDoS
153849,47cd2045f4aab7ec5077baf44be57cc8677b8041a7a6884972f5ff78123cd64c,BENIGN
22052,1300b54f10be1529ccdf16f7589f2fc2add4dc3eabe8a4b57a76c56b552993cb,BENIGN
134465,20bcb1ed4fdbe7c46a4b7c4494b65aa9a955cda06591b79f9c40d1b7cf0c975c,DDoS
107151,36d34df5f85efd5449a30d45173ee397c05e03205b9d892f62542c8ff28b45b0,BENIGN
91498,3cc18880ae098670bb962e91300e3dadfeb8322414d34d4a4addf25b62e31a09,BENIGN
159620,7470a77e631ab4228537fb43ca073a7441e501a90903c9457da43c93eb7b9101,BENIGN
112283,85bf0c04f192a666bb80a54e4b3c52980cef95fc3df4c7b22e6bf6ccb976bd04,DDoS
41384,908afeb4988ff52dad7f6e1a6c71d11f3a4cd07da1228b3ea10cefdce520d9fb,BENIGN
121585,dc92e4810e3a1edfe8f9cddef07da151cb37741da2b6c44a4fd522ef593d154d,BENIGN
207617,93e6ff0b928a1d542c1d1081d6def3f19400c92bca510f733497f419df8c36fa,BENIGN
189587,aa2d8a6d6a2e65e462f09f430dda8f23033ecde67da3d148eff3295087d49d40,DDoS
137093,cce215e4127ff17af14a7c54aa1a320e470d4f089a1ce8b8b79dd9c8fcc17624,BENIGN
199017,9937c207a3ab21e878c9ba057fead25630d4490ad7353499ad1273faaa0bd9b0,BENIGN
25811,a0843a29452fb5e54b76497e8a720c58d9a5a7f9b214c03337e44738809a0cf3,BENIGN
99219,e5b028d517f9540cd2502667a68df5d3aeecf5d5ed02dd587955ffefed21ce1d,BENIGN
22475,58e9baa3bf373b535c78f0f707e73d173cecb25b305a25256df3e2e480babf93,BENIGN
161591,baf16dc5113d559cb0226deb89cf923cc907fbef2e5003e79a8ffc9ac853632c,BENIGN
60919,77ddac180fad4b72772237edc5485267e2e6365662518838fa1395fdeac8e5a6,BENIGN
1016,d7bd078227041992ee5c7090fb479c9e641b42f91a8955222e036ecc08b5cea5,BENIGN
162213,e3fd492596d10c4265c5383aba5a387dfca383cc8e8f367334b6bc797e509bd1,BENIGN
136610,9497dd77550c80e4bcd468a5f636d7764dcdda6f1c3a62ff3e6023377becd856,BENIGN
108111,ca3f83026e8a16e35ab8eb40d8ac09159af187c56fbc344b5905dddc1c560038,BENIGN
167660,93f9d0eb3da1f8eca016660970c5f7c9a45ff889d3c65d3848337e464111873a,DDoS
170201,d8334a877506370f69cd888aee01df7d568f6a7dac9f9ef56580777ba7a58b10,DDoS
17901,d2c69b31673e77421d9f5738022786ed13ed5323d775543d97f2538a4376f839,BENIGN
12607,eedbd3f724d5a0c796d93ab7e9f26a369accc6f751650427d2e49cd7cc4bf589,BENIGN
47046,91567be4e725803305c2ae54b92cf136e5b308b0fd4e11a00e3d85753eb3b0b8,BENIGN
74103,da85a4140c34d963d3f42804136664bc687a16d610a71b537bcda9d0a9770e55,BENIGN
52652,de0d7a1be81ed97dfd23af35585184d738ab234f60b96c4fc288dae46dc60f47,DDoS
71246,dd46a1cb54fee2d641d930b19cdbf8e6443e41d02cfa0cac0e866d68263bad96,DDoS
14861,0e4f9d098f57f7529654d027e984b7772b2fdddaa6a18c7c9818c0e0ccc0fb07,DDoS
209774,e8c69f6fd10cc18f7ae0e6a6fc42c6ccb455be524da12046b6f58374ffccbdb1,BENIGN
153061,6e79c1bf3f47d219c50d3eadfd99f994fdcf22af8e9e8575bba58b0e3a30a720,BENIGN
125213,e1565178f7dc828e0919cb2c652539629520b1a01e8a4d72f41f36f2bd1bf0fa,DDoS
203002,89755412719527992a14a23b6d167c77880c15d139e2b5f5dc1647dda5cb8dfa,BENIGN
166431,d0f8f781f9bec09d2e504b7e08fda6a6d8359979d64a8141ba52cc8b3acc543e,BENIGN
90271,be50eb9c0cd65a493bae5d5d614df9e3c518cd2bc40fb85a7c84f16d32ac40ff,DDoS
118132,d93ad4c4959c6b2876b057911c25b0420790f3cd2381955fe9a00f513240fd74,BENIGN
51982,285a1f31a09245aa8c15a1da54f9ef6bce4888d8a6f1f884991efe0961327a51,BENIGN
103290,4204d75e1a2095e8bf8fa795d8c8dd0bff83474eec791c521c25a7c1411b61d8,BENIGN
19863,1f521d71ead474782305cc0888463fa8ab0a929fa6f02cf6151b3eea3a8da5b7,DDoS
124487,af8efe7995cb44f44099ccf9a998d5b17e8bc17b7e9bd1d6106ab510824cfa1c,BENIGN
147,676d1b41f04f9cc024beccf241b528f1abbd2ed09ef2d1c3b574b6ecd005a04a,DDoS
145536,22543a4962ed1f7749c59768af7bd0ec9c030209a55b632b2145608e172647f6,BENIGN
27249,5613e3c1469f82966f752d66b9c9d7dd1f06020b663b4a3cf82d7ce1728d9c35,DDoS
83013,77ffc6536341cb00760d68edc3ea86533e417240f02df0d147ab84172a8d0a50,BENIGN
99030,285685bb6494b0d9adb8f39fba7b648c9f61cb6767d8b20d2a75c387fd64d952,BENIGN
44270,292fada4a507e4de75ed82c798d63ebfc2e46dd69da90457fb24e2b3b1fe0204,BENIGN
4920,052ec23ef415a37d0e50a4ab825c3ee99ce020c82064f4401b166af830624513,BENIGN
133323,b15d63fca98505b0a311a6a27824976515288c894b1b5d9ad90de5ce4135f9c4,BENIGN
60038,d0c4628227afc54b83b30acd29a1805fd333efbe5215e8b8b93d0dd9f037ccc9,BENIGN
64818,7ecef4bf621f941422624e72867edb7e99df176331ec9840275f20f6489417d1,DDoS
82263,21c994674b0cca4eb73ccfce2fd0a4c87ad2668aa392cad410b6709a6155a09f,DDoS
178407,5ad914cf3924a9117ba489cdefdcc6bf9abd806fa5f325827b3d0817719fc291,DDoS
184495,e5e2f59ebb4129c56aa7f1398cb4e103ba58cd9f05fea7749f537c5ad0a6fa61,BENIGN
104369,b8ebd1272cd8788e974513601b7811222d5342e42cd7bc9b1e6934f8d0c78308,DDoS
65252,5fb6446e442a21c0a0771818587def83a0a3cfe5368a662429d3f4daf5796576,BENIGN
59055,f8cd3af0f0cc3e51473682331eced69bffefe086540b1c2a3867ea639ccc5a0c,BENIGN
94115,3f058cb896af651131d6c3a645544cc80debec9fc668c208a7aea45131e390fd,BENIGN
78168,c5805959b220bd4f52ca3559a3af50f327e6e46d829c2164b85f858bd4d56495,DDoS
197672,9e77b1ac8a7d226b63c19f89151d518dbbd25e2acc27b3d78d3fb96e8e26d834,DDoS
39618,a450c574f10a9471d3317f49b5a13b9c7070e5a7958a915c5c3c295133287906,DDoS
192111,9bf33e5138c21b4b316e877d6a550968023361fcdb9885aa9bf2db26970d982b,BENIGN
199576,31c1c6be6ed9f586cc74f80fa00d6ae3e9313e8e9e3561f9f64a4cb19a66a790,DDoS
9047,244c16ed37c659b2cf52cd6e3d9380992f677bd152e2c9139d7c970bba23088d,DDoS
97195,46681671230d40f11c41214d0c240f0de8e94adc7c74091e2e4032dded31a496,BENIGN
110010,6fa6cf0eea7c9bb4634c8af742c2bb3069a84c1a2ba078394e2a274033d57243,BENIGN
71104,b844e3748b2bdc4480e97bd60d077bb5ae003474c8ca05e951f7b028d3afa3c3,BENIGN
191713,d3c30645973f41c097e355697d10100b28ac71eed743732249ccb2c1a3c3baf9,DDoS
187914,a6a1f7e749a89a52866207ddd17ed08ffd2649f2c418c0bb6ab31f6f7f810d85,BENIGN
43999,5fa6af3c9b386457a871ce3903364cf1edccabfcd2324e9f5a1ea259b4aa1f3d,DDoS
39749,e576d2694b1a210cce79d9342b9ed829095c6ba50a8fad8d624ff9238296efc9,BENIGN
46360,d751b71d08357d23ae920274836704b658954936351eab98becc33ce5adc6dc4,BENIGN
196660,51c4b5cc28fa5bb15694b3a332c87e53a143a4ac0657e2daaf4b753d07d4d3f5,DDoS
96832,b0bdeabca3830f8241c3de4539f7e890b48722313f7c1e2f47124414076d49c3,BENIGN
547,473c920b4dd808548ee13baf1adc6e7ab4b2ec4a502193e19434d8de4de0e610,BENIGN
197369,401397599c290a4927b2acfc16493fbaaa315b0a30996d1acd09a5e3b0821587,BENIGN
144799,6ee27f1ff6781a72a0927b85981fa123a94662700c099539f6585ef4f3421eae,DDoS
125689,61638309c327f9d843f2b4d332f4a30e2696ae641959026b91bed4a97a07a7f2,DDoS
124770,cef906e92384d876a2eaa250fc2b38b3cd6180a5e1ea0f47810dffe1260fde3f,BENIGN
204398,f9b27da298a74486e5f896e58e1b0bb345374b9fc59821db4a8666b7248b3754,BENIGN
3997,192d0d46d85dea83ad683c89e0fc37d11c54af94da21eb3f98ec0e10b8d40eb8,BENIGN
181537,87dee255436385bb46403fb68fe125d86d0edd6ef6a82e603754a2ba01039151,BENIGN
156254,4592242378284ec0db2f627ec60d45f211fbe28aa7f1b57c455a0920b682e460,BENIGN
18838,6ad84e79fe97834eea2b5f624cfb81ee85bd1ec51bbe7f359f4e28164ab514e0,BENIGN
178678,fc5c82a2c0f156a67a6ca382d03b10a9846633038a1dfdcd5974bdddcb2deca3,BENIGN
175371,56c036ed5df7b196dff4fb0a11b86b21f9fbbca6f330fd8cf0051810f387841f,DDoS
11724,96a353c212afd16b5571d45192e7ce9f8d81900a8541b57fdc1a13c18fe9f4d4,DDoS
130696,75145504642e7282fc095d2564ad7571005f9b9fac17b1e08e634574f861ae20,BENIGN
177692,672ea76b658fd0b20feacf98d99fc7d640ab2c5f8b6c6b215c20b8780e318324,DDoS
35357,807f650b3afcd31c6beab7a57b46447cd8b0615acaa88b920810ba923d112979,DDoS
120992,b16592cb2cac608bbf461d21aaf748e2d74670ae4a0dff76f7e03993b78ddfb3,DDoS
193698,24833746808ba15d14aadee4f2a73ec0ddc2b4d198ade744f0378c9135cdb771,BENIGN
32294,70bb51072b4e40a3c3cd3c7a0b32005631c2e07afc2d50e58940ef27ee0b7668,BENIGN
165809,23436583d684fc18b85f97022416f2f31d6a87afdd2bbe1fa6f5b5481847ffb4,BENIGN
173050,9924833c603614313c5e276c74f2466675381d36528d0f70699dc3752fb783fc,BENIGN
121355,0cae0fc0c9b1ba0dea04adbfea195befd5ea76498954a81e56f224e4a246d5ea,BENIGN
206675,d5145d7bbe6ebef8f3e45285bab648f281604726f11e2a8c91ac69fc6e0eb74a,BENIGN
202784,d8d321299171e70d025153668b47d67de2ee1a2bb365ae5ab4347d9149ce1e8b,DDoS
74223,88cedbe12503b2e23ad22b290c0b75448bd4ca624d443216b490da886f5ec5b0,BENIGN
142479,6a8f7f3d08328253ef599edcc037db889af40e2c937d658b9fd4f6f966381d88,BENIGN
153301,59ccd77fdeaae9939364d5bcbbd829ee2c06e4561551f032b2bdb18a7cb5e7f9,DDoS
19149,b03d53d3d2df9c548dab98dae58cf8c22d9b3f4e76dfc223a4f268ee1372dccf,BENIGN
20831,1c38610f279cd6b8dfd09d53b2eb8b1fa09c1150698b29416070b18d7a13a5db,DDoS
129174,4b988347242094c22d8a817125536b5b6d149c7aeb4aac3bd3b0cddfe6f4caa1,DDoS
110473,12833170f471d095050f84a722cccd2170404dd7fdfa7c0d062a926fcc19adb3,BENIGN
27936,8e7a05fbce3638580780d31eb7919a40012d6a80d6acd4d67788060a90eec2b7,BENIGN
153561,fad7263ea69d5e881f387164ad77f429ceae226471239e8129dfa0df9354ae17,BENIGN
25522,adec81dadf8df7f8551893aa62bf5dc5221cf4929c3031f43f346f3ec00951ff,BENIGN
158108,c399a37ca26d722c5aa845bfa57451775364393a1ca5fdb48c13058072257cf4,DDoS
69211,17566b547cd791b0e83be5eefc823102ae10642972cc70052a28343aaab5aa34,DDoS
195966,d337e2385c1ca0caa69c43721d80c2f0a07be165884af7247bb0d9b3fa46d514,BENIGN
53145,2aac78da07e9798d90949d1eef8d6b8db4443662422d0061aa93ea7c33fe29b2,BENIGN
75102,1a1612ce6f6ad858595eb15e87943b1b0dbbac6cb39e9708ca224075d74ff591,DDoS
123178,40b1e2cfc1f8fbe82c4a82f98640b4bf2ac84150e4dd557af23cbed2042c4fb8,DDoS
141468,6275c6d95775718cd79a48196ab57c68dbcacc0cf3f674b5c957ce2ec061bea7,BENIGN
173333,6ada42ef106817d2cde4df6838cf433ffa982389f3f8693a4eb204db8ec57e0c,BENIGN
162495,90c2a45971112cb4a52616059febe3877d420df6c12136508949396f44f58aac,BENIGN
38094,77ecf03a0d59d34fc3e8f006e053d90b09b6708a710e64b2455faf6fa09493ee,DDoS
78742,3aecc9be2029193de5f5a8a5e343daae513b01767d4fbc0d317c855184ce8a27,BENIGN
207142,be948e617a6ab855aabc3c75313d46cd758b35db1b8b9b859d0d3afa65ab7569,BENIGN
203190,1b2b00028ebb920c69512bc0ec2fd63f8b40f180b5aabefec3bf7e4fe6d46030,BENIGN
97031,3d605b0771569ac0f344b1b828f06c9895837ba47de9b81e33e341ffc606f297,DDoS
112127,06deff291f291d384d1aa341e4926063ad1a91fd04af9f1e922aace690982d04,BENIGN
191142,68cbed35be7d4a8d49e425eb2db0eadbd0b28ef5c00bcb5e1e410e0fb46c7853,BENIGN
20156,56574993b87182a9642b34dc124ec2c49f30b9a54c8360bdb0aa351978e07f17,BENIGN
28429,25a95d10178f093c70d9e41d323f9e0b577e0b355214570b2e09f02f56ab2157,BENIGN
24760,caef0316054dca0e9afb731b7ab96f1bfae443982a285068ead239d0c4b902db,DDoS
84630,6c4f934ccb16b3aaad66e899d5330ac50d58c778ed5aad91ebb71cd340911498,BENIGN
85717,9f131bb591aad6f60b1b76add878a97d4afd3e8ab3621e821ede68416dd779c5,BENIGN
183608,5c409edc317db965ab37a9ab067c81569f3b3f325ebac283aa4fb273b17584d1,DDoS
131734,833286a9bdf0bbcbffac5f0439ae6120b131e95ff002ccf1f2ee940712376291,BENIGN
198056,a95e67ae55d4c21d57ddc8b78b1fbfbc31dfc8ab407246e1cd4abbe4b4cb1ee7,BENIGN
9263,655ba40dca9085bc849111bc01ee6aa7be7a00503ec15b7afbafe8cc26b4732a,DDoS
8062,ee4043443df46e4639f2965c8eb51feaf037b174722824bc546c3721cf659029,BENIGN
20290,f26a2c779cfeda9d9eb96fcd2f217334ed41465a5a40525c5b88811d0acfac49,BENIGN
161805,773345ef8863612025e17543cabf0bcb7eaeb5a128d591de037475e3af5d0b7c,BENIGN
165159,dfcf0acc0c8aa1f12bf8eb9a12018c1b3894fedfd7e80ff2723ecc256f1b52fa,DDoS
86150,e569b1349f67c96eef48050199fbf47ce2cb0edc32175ba4f610413ddcf2d4bd,BENIGN
70929,3e3723e02c8ed7f24fd2ae2bdde4c2165eec4a876e2b0d62ca70a66713542aea,BENIGN
198800,dcae8ad4b02d10f81b7b7f013be5be51828a0e11cedd230cfffdd71a8096b168,DDoS
67315,ac6253b5e60d078120877dfdd078d0f20782565056d2fe3a410ac8fe47a9c685,DDoS
161461,362d5bb6e37b424a33f0fa99a762b657ab43b8cb3089629f9c94d10510daf205,BENIGN
168576,4d91078d696993f971c3b8468f53bd951a242961039a76ab2a8839582b61f508,BENIGN
186209,305e94668b77ebb2e08118c2a5cec95a0a6e84e341e07117e55055f6d0dbe362,BENIGN
10380,a71e65d29e66401271ab323dae08fe0bf734274046f81d7f41322caaa5843003,DDoS
186462,9ed35dae5eb60286cb5d2c9d72f3bf622007027c1f131daea417dc5dff84f7d6,BENIGN
136832,87ebc1e4f1e456cfa7f95135edfff071c8a779a661ba449604ea211e716f3c4a,BENIGN
8318,f51779a37a8310304db8863e19a5043932978b7e520a6223ead4582d1a6be05e,BENIGN
151630,41115b8c9086c983003ae1d2f5370a2843fd165e719c8360c8c009ce1dffe82f,BENIGN
176449,378192a45e8da5a9d44a7ea6294da5530c92cd547c40b0bca572cd9ada6b2e0a,DDoS
159121,8e5097e1676d80fe36bfd0f097887b57a0669a6640cb2cc1824545b0e0af83a4,BENIGN
3552,2e0e8071138256cffc19170f8d1dfef1a228d0698c6c5134bf60bdfd25add12f,BENIGN
133551,7fe689ecc7b557fc97e48d863f9282e39480eb10288672d1dbae6f21f6fbd6fe,BENIGN
190025,a9b94c4b83782a802bdbd703eccbd78d135b79d44efbbe221806e2581b2efb7d,BENIGN
125239,05aaff759317bb58be9548998cf112c18888de662e697d05b07334fdd662a477,BENIGN
10597,1c46ec6a96796ee18b40695b6482b9b5f39b83cf0f41faaa6588558686646abe,BENIGN
107580,a483a9b85cd83a60d23427c93fc04243c1c46cde66fe81171489b644ccb3767e,BENIGN
65025,8868b3488d40eaed43dd1f96ec73f73e1aefdaf41e5f1f159f8ab8a1acd23edb,DDoS
113968,f7c2c40c221a928edd575921963a67c83fa9f3ce31fe204431a1b4f2eae9541c,BENIGN
45104,69ed955fa570e8bc2dc26905968cca837c7f06008f372f103da0f31c55105ca0,DDoS
48922,00e8d9cb18075bcb12e1908a1c8c0b8b057a8b7835121bffab4735d101fa2b37,DDoS
8812,ac220ff175991f4e961bfdccda3fba7636a7d7092acfe7ced5d7f7031ab13a7a,DDoS
16292,2dad739f9fe40f987867bcd8db66f91b0eb45e74ce4076e215125dc43a86a8bc,BENIGN
54869,a1ef074c4c46b6a2144af1b2e839ead4408c8aaf3e1602ffe5c369370e6ee654,BENIGN
151656,7445485830b6efd63e0c1e5a430a8f499a4219ad082bc1dd47cd79da6fde025c,BENIGN
89487,7e31dd39353ee1b103d7f798a88ec372b16c29178847a8e2b70b65b9ee0ac0df,BENIGN
75961,05bd4098d454cb5034d32357228984cb85582d56632430d8576706568995d46c,BENIGN
22778,66dd9de485a92ac6e8fbec087a18ee932946f9a3a1cbf2aa47294e3e15e81744,BENIGN
109792,441d252e5fc57ddc28d8c9c7a89361c03acad22d04d90e2982c44307e27fe445,BENIGN
143046,7ea99a2514f8d70cd02cf3c70902dd8131ddc239d74b75c0928a5d841492ee45,DDoS
204709,72bf6125337e114cc9e4fcc56aca5b9dacea9e3606ccaa6efcd742417bb04d8c,DDoS
91077,89cb55e0e39a57258159510334eb365116b8721bae7d51b48c1803afb1749875,DDoS
203298,012d1fe220dfc41d85fa9050b35bec05587f14905db12d7068effbe7441621e6,BENIGN
50067,401683584f83b37f14099322dba5d5e46f223ce5176a074dad57a43da41b5c39,BENIGN
78244,e2161e788c5a281c33b2a79a0650ff3522ae8b945230487ecee9bf865483c12b,DDoS
202151,c4ac17616c173131dafc9d05400fd221b6306024fb4c20b4eb219892680b99e8,BENIGN
131604,dc22560d954a981b04520b25639767595e12d308d8e07bd5e83e467adc7245e8,BENIGN
125721,e13e36919e06ae9f864b27f3ba3da04ca477773168b81f34d3f15ff45d27a95c,BENIGN
114952,e94aeded99c8b422a87d343e44bddb9dd062a63f01d4dff6ba70ba6d1e0a2891,BENIGN
159984,91e4c77e77acbe20cc81ff8249e6dc05fafe79d55754644e50e744b9cd595d94,BENIGN
124942,8d67f4a8e16e7b92045d5688c32c757a216e3e48676d41c8258f3bac17ef21b0,BENIGN
160770,04d1713ebce366ab56d8f968da52d24526e8c3b60fca097ec3ee3293ce3bcafd,BENIGN
151067,8b9d44c709db101bfada448f18a1a852559b478b642ae2618ede52d8551fc392,BENIGN
162174,db0f013249cd9a2dfc52c42abe5f641fbdbaa3fab3c89c37278a1170de83681e,DDoS
139593,47874c58fdc50dc4dd926b6174beb70bf1168054a26fa8455e3a4740b618d899,BENIGN
3235,dbe814f772c5b783ed7eec12e8e3627885ef5001bee48d108340ea82805395b2,DDoS
64764,8a9a478875d41a63229d19f1a881decb4b4524c4a51dd26705797f4ebfde8410,BENIGN
29604,851817ec98d40683656a93bacc3c635f1351c44d936def9ac88c196df866e24e,DDoS
91019,7f96ed675100834344816ddd4070e6a9c460419a50ca60a293e2ecf4b87ec69d,BENIGN
104856,3c317fa5f9cd8c749ec2218c0dfde27dbbc3f3cdab07da7be05ff55b455ab4d5,BENIGN
71054,093a314b86877def36b3717fb00544f20a0d5153abc587f842a4a2809c31e869,BENIGN
206705,ab41c035f951115ce63fc8c4c1ccce4bfe38529306fb30cc5ef7c3a3d667a32e,BENIGN
146550,86232b678c5b440e3d6d554d6ba705d0f97f60156d890c53e85cc49d80b023d1,BENIGN
46316,f6fa68fa2591f474caf0ad191056cfb9d224375df580c2960bc762b6e74beb4f,BENIGN
171597,c7105f02888d243cbcaf8aca17d8732f7f0cd793b7e02e9df6a4636213551885,DDoS
156332,592f493e18f1d0609367b1c20ddc1524f7c2ce1c3e308d61b6bd450c47dc8c63,DDoS
97458,8fdf8f76dd834618a9802c27844fa7486b9a8277890a0f695fddb5fe49ed5ea1,DDoS
202621,cde35db1f1ab8c30ebc381a77c8de6b7dad563353148cd3b8e8738f68e03041a,BENIGN
173364,3dff9059ef5f925c2f9fb55e745462eea3c9248eba3e8f04e187ecc95239adec,DDoS
197918,559fabe66f62a18dd17113fcc0618f6437a8c0c5495d01464a8ae2d0ec05457c,BENIGN
127380,a11923257071ebd5d015b31afccba8f6852ef6eb5155e339b1023519f815ae24,DDoS
62441,6bfb4a0d06327c338af41741347fcbe3fbcfef97f0b9d1518d65d44cc0baa361,BENIGN
100345,549c5850513df9864c8f9a7d9cf5e0b418cab866aaf8b9e85ea87284aaecb512,BENIGN
174415,73d0f41a68a05c541dfcc2715fb0b3ad41499a33d3ba669790f3983443faa3a4,DDoS
126488,a1734f131dd508928f8fad879cb66307ee0f1e5575a84298e4900d0bbaadd065,DDoS
141890,3084fcb13962ca2f277468597e3a4e27a11a9296842dd8054a94a125a5ced398,DDoS
44289,15120ca70e0f6f07e1aac32a90ed5167ea9f084e6f16ceb723c74337e0eba7fc,BENIGN
130244,e0f87db36d0da1e3d6d00bb6e1adba1c53bc99e60893d804e754685640ca8841,BENIGN
180974,ff52c7583550694a6459018deaa8d9629a7dea1f659d4df4cefbcebce70bf2e7,BENIGN
71424,382f5096c3c6f553a4fed4345d6fb8bc94e988ca73b940c6adb124683be06f30,DDoS
201042,5fe6cb14ec32fe8d3aef0dc80512e50440e39d06d50d4587cff47c2eb71061c9,BENIGN
47183,f5fefb0fd981dd71a4e25cc085aecc96fa330df40370915e6dbb1dd1e5ce1524,BENIGN
126360,bf3ea6d686ecf6431ef2bed4c658ae1a4c69604d82743f1010cbcee1a27d8ef5,BENIGN
13057,81ff130302d0e863e390c69491278d126e39f89cf3ad2e542398acdd7256e3bb,DDoS
83286,c45d42d5e866811641acb3ab02df68b30ecc20bf3ed053fea8d77ae32714d8a8,BENIGN
170660,cbbb1e8f52c79a053bef0e32221c59ea39c29e6d4449356bced8a8d137b531e7,BENIGN
197247,00c189854ed386897d7631a0072f6b7c3467e481999e297a687cbdcec8af0190,BENIGN
183714,c10018e85159e1089ff7cc943769c8e707aae018efb3c99ca44faeeac63f528c,BENIGN
157837,b4af51ccc5740e0dcea87cace856130203d2d62666e66bc48f53a6c84becac0d,DDoS
180246,2558d50d694a5266069f09fb2f39fc20a8bb044b487a244fe9efbbf80177db0e,BENIGN
190591,6db262673c05c57beafc805b703b484a262bce9748b030b54f07d575c0371b32,BENIGN
76413,a5e214dfc779b642184fe5e9f90a223cb783eca09b26377bd702c0a7a5b366fe,DDoS
146678,a5843ae9a99de725485e951c5f329e512a79328f67ef9eb8411605eb17a87197,BENIGN
137851,d0531a104c3b805ae6087b132c66b653d5170e10d992d36554936639c6362157,BENIGN
18915,5cc684bfb40de0d53b0d364c1742f7f3233e910f158f091ab30d32e46ee179f7,DDoS
173631,f9fbd6f0b70d404e185db0c011a98df0a1bed4ec1d476a183bd4e7fac8d9f7b2,BENIGN
28511,8b77d54db27fa156fc99cf99357400c9711dc92cf0c210ae1e6d9642c577877e,BENIGN
104987,bed7f88ce00edca67760af392fa333b6e7194ada953c7785b1d9e162c57496e9,DDoS
208360,7038d5c6b16be50c5ef510bf844b243e89e7a425c0550a0c1dd30ac382630da8,BENIGN
62244,6134db22cbf0b735d7855f2cc800d3a48a0f4688b27f7eede48308fb30021bd9,BENIGN
133276,3b133655f38378fa0b1f96d9b9bdfb481b9183071e684852a32c21287d2580e6,BENIGN
85939,fc00c8c189b1cb25a962a6bb4df785bb02feb2e6afc0d63b7ea4f21a5aa6a498,DDoS
19028,20275b808d6b67be16ba290eef956c10507a8b2358741e7cfd7e2bd3e99eb242,BENIGN
69261,718e0cc86ed5a6e1fda1197c5ef33f16f4a4f51cc76110c696ae9ac5f9db7f86,DDoS
110430,3b91b54e70e4ee9371025d33ef4ed88414da2814906542c017f51ae3a5aebd35,BENIGN
102418,7d4abd7eaf0cf11b3bf305d64a9a9fb37944dc4dde5e632b106e4ddf0ffa9e85,BENIGN
149953,d0206aabc2f15c9eef8a737059e8906b9bfa0a10db200dca7b29c0c2e527fa28,BENIGN
135422,c176e14f5c96d1811c496df9aae7a199e0ccd1cb2b203118a69e4f057e6678b6,BENIGN
142038,b067818ebcd8246456c63c3805c5d0e564aeda1f9ef947a027c4cec07168ae80,DDoS
205872,03b9e858ede4ed7d4a298b6d02096c5f970bf767e19cbb2d3d8edfe9ba2318f3,BENIGN
142781,71720ddb4a89bc0082532fabaa8f92c2a653a48d7f81aa4f7b66acfe0fb8c127,BENIGN
36913,ad00acdaa64ccc88d88354cc7cc49e73afe5d644d18e76f70289c68f532e08a3,BENIGN
171157,a8a18588ac2ad566eb5fefd5e155c4326564c40e431edff8f885b7dd9452339f,BENIGN
38904,c77f083529bb1a15c617ddb878a752ae9330e791fe883c9a3b778b37bd4f2677,BENIGN
151567,b996c2fd474c1822b045c1117dbd831a124dab090633245e98399985605ea581,BENIGN
41769,0f241a4e02af347baa1908a09e21f7df102c9b7814c6eb8075d92a5d531d6693,BENIGN
178740,09f55dd93f5eabca74c57be0856aabd6fc3d109cd545c8be45866ce656c445a2,BENIGN
153360,102b92384d7a2ad426b0d95b28b2e1a6003e7c5a591220d04141d4476707e280,BENIGN
120054,d2205221a0a64092e59b45a265b3de355537be06af88a22f7a9a1fc81d06eb20,BENIGN
167342,feb437441c8f5ddf82a1c8acc5ba085cab0a19bb15a67b42695d658dcc2184d3,BENIGN
29215,e6678a8eea2466e2a651c81a3529f96a07c0f47e0ea181b3573a7ecac1364077,BENIGN
100256,49c251b704cdd8c5138729cd3fd45d04486ef703423d0598e24ddac5d68e2f9d,BENIGN
137853,b4d00fada9e4a51b8fe47997c84f2fcd92b9ae0f4ebd2a673fc68cf74eaabcae,DDoS
5328,13ccfbcdd3f87c7ee948b24753c3c3cc818d4ffa8590217ed197acf902e933ab,BENIGN
151801,1ad12584165126f89cdd005d60cd3b5d52daf2b67e01bbe23086e46bd371a582,BENIGN
12398,34d1267aa7ae203b2de6dd9a455c6bbd06853091d027f733834577f64de64023,BENIGN
188650,989b1c28fbff4ce683725e5ba0a43248e4e593717cae1c1e48391e32bba242bd,BENIGN
151250,e644842fda960ac2d849510f1928ffc9d1821707d6dc5aea94dc63874b63d265,DDoS
155149,1dd981fddae7214bc52a81dfb22bdbdde48eb759225352fde4ab1b822ba03b9d,BENIGN
59147,7b05022a5e28104731b1f271b23ea5fd61a2d1ba78c09de6aaeb574a19c3ed89,BENIGN
180518,5222ffae653228ba60d4efdca2a8b82951e5f039b8cd328cae033fc19338e92d,BENIGN
142407,dd909b15eca72b3ca7e0baa336d79ca1a9e31a3d94bffc42e126907133352f58,BENIGN
198360,4fbb04b30317f3aff61b4e13c6ab5e8ac698f87d502f8d6267bb50aae464dfb8,BENIGN
173717,464f2cc704f7a4601e95081a93fc20d9471cd85968d7950072682d025cbf1d84,DDoS
41305,8b6dedb503ec66ee4d667ae2833fd4d77e89b85f48a59fdfaf1d831fdacf2a28,BENIGN
92161,6244d4f5b8fd1e3005b026ddffef1d13fb2b62ad03c328bb07b7ea00e9f34660,DDoS
12690,48c3460628b2edf9da664aacea2495c15b2ec208ed03e31d5e3635bc1a2a2d68,DDoS
106686,1b678fad61149ccf481ac9c5fe84586077d7606282149f066b5747ab9268c171,BENIGN
218,1adb86f4a011531f691fa101675884bc6bae0deeecac6f48cb2b4f29aba25a1c,BENIGN
126014,acd4ee5f326077ee01bd89c098cec8cf7228aac6a618388e3247b1898aeec720,BENIGN
165550,0da522d4d1b0a0d3bd3b962ffe749bf1fb034558d6842081ab6ebb7c8a738758,BENIGN
109831,384b17193fea850a650e5f8ab4824c0a124f559077a3904f5db603a6e756d231,BENIGN
2985,c117d6390a58839c078650993960b60ae4dc27a7de6cc973c4b90cde788a7d9b,BENIGN
119434,12ae137988a0551482b8a004a9cfbdfb64bf3869a950c47d4a58db90adc9b842,BENIGN
134711,0973f2a17b02c49a9abe5fa3c12ed47644dbb5f3fc2ebb89a557adef759df119,BENIGN
197064,1b1d79f4deff8d6abcea36109425c608352c342789b85a0e4349606fb0d4acbe,DDoS
170770,92f19631e2c5c5ec0f84a79fd7f41fec75c4e62f9f856a6bcf22a1ab9d291679,DDoS
199011,cf4d84540218f6543339a6c2165939d82ae2c7d345b1666b33a914379ff9460d,DDoS
167586,fcbb3fd96517937ff16790dae45a84c03b8b0da0a60bbfcc23f770faa90ae2ca,BENIGN
104463,3aa8947fd78b6ed14affb534515b4b94e69188d7f6a7933376adb3a19753da7e,DDoS
27922,a3c3a2dbd3b9efcf38f339d1bef0c6cd03e824004a53274ea1bbc2db00fdf72a,BENIGN
175138,b5c796dc395b83295011ef27f08f304cdcc11816700ab8d5e2e481d0611a28fb,BENIGN
17048,a375d259e4210822aab05e2af022a33e47833ed53458d2aa6ebbde6ab91cf9dc,BENIGN
44120,a496da1304d9c8bec8a7adf71e1120c8ffceced6307156ad057619925586e8a0,DDoS
110322,d5d239d3386c03a25576144430e5751e395561ec30c448c49ebba1b40d4fb8ae,DDoS
198208,669851d5cff1ad846ea190e1e55a6a88441e9410526a84e2fefddac559a31a2b,DDoS
144936,7d8ab8162be4afdd4913d407b5c80ae38cff91fd1cce187cb6371992264e5630,BENIGN
47452,07de64c5d329f500ada527dd1a06dc832bf1979a20a8a85ab1fe25872978b25c,BENIGN
53313,0cc58edb104f99d3902024000a951382250600b00afc9f1c073535de25954915,BENIGN
110302,44f8287866814fdb0a20caef19c15ba2fe5912e84b6b14b517b282829fc8dcd3,BENIGN
18312,476fd3c5a98c3d428b49e1c279289e739bb84b235e50c2b21552cb847f7438eb,BENIGN
182522,460dc21a41112c10ce10b67182eebd919e37e19635d6d6de447ecf9e5146b1af,DDoS
148219,561c12d91d0bad45cc34d75c385f6a9c7d0ab147c2134b63b3be936bbf12068a,BENIGN
28211,a7363e5cb808a3423a3f4e2bb19bec570e79201a5f92f937c5be8bdb35d6e0cb,BENIGN
194265,4e9e4339193d4b96be36d6e4706fdce757fd720815d36ee12cf2b5c6a160d578,BENIGN
116770,8866662a51080ca8d3e5c189913205d690496487d1d9bdf9361f3fe6ac1092d0,BENIGN
29775,a65dd4bbd8600d0a1255f0c499c0d1d956e3eb740f0aaaabffba85fd4531e488,BENIGN
114710,887cc584ad57b874c590b49effe011ba27908bfcc222680055362b6d3795a44b,DDoS
102974,7ced4136785661b8356a09c1471f5dd86800f4bcefd83f0e3cd0d91176720376,BENIGN
128727,c2dfd8169df07ed5b29bec9f7837ddb58fdfb01af5a824f9af7f3ce1cf86f279,DDoS
22916,3203ff9a8eb8dfbc90e2ba8befb78de025c5edc674a9cef9cada6e8f42a4b177,BENIGN
64996,26e443e196c9ff766382e65930b9ff9c2755bd79d5fe3b809cbe6e9c44ce6489,BENIGN
47051,9d5b948c9f3a5aa5ea95dbcf46960457c89ecf89037344aff1932c1605d4f971,DDoS
177836,529f00f11ff0f4713f2014e1364a7eab881062ac7f7c5724520c6fac5b8a53fd,BENIGN
183028,d6d420c3bf2cfbbd45aea5a75560dfa9e90ce0371f7ddef927ae1e002944fc13,BENIGN
188529,9cab2b9485c2a5bbd38fe31e55f8475e8a95bb9d362c2c55319d33f9cb5b66e6,BENIGN
209145,a10941331c3af71e49e7b2e6ba5262dcadf6c4ce0df407508d089aabb9c33ba3,BENIGN
110164,724b56ed66f10d83842b5f175cc07ee2c3d6730c1373572808f127897bebc6cb,DDoS
56777,155199f7c668424595db9a7576cc8d7d4ddb497fea7a68faafb4b0c56eee1088,BENIGN
105489,fff6f8bdeca4f548fcbc14c0f46c164f038ce9dafc2d30283af10317f37473a6,BENIGN
141224,3713d26b16d805c08cd4e1d365ef218b8d368abe651daa641cdc9c09ed2f6118,BENIGN
156238,2b43556c9951c5ec4966c99fb79e8511f4ead05bb967ac1947c2c006fc36a3b4,BENIGN
111808,a070595d3d91aa9e3d21dcf6a34f1f255546e66346143644ff4afc84e0eff872,DDoS
47324,ecd0625f1cbf8fc42e15ed851d88e0122f4f84cccfbd4bf268a3c85064be5a68,BENIGN
111376,c30ce49e6193ae8e8bd19d03d85b016d43f77eb04061818493a2c88222661ed6,BENIGN
71854,4e3ed1f0de47bc56e262315304ea39cf72ec3d26b5245e14e1a602748a3da4db,DDoS
188595,245c5bd07e5743384ab464babc9b3c98066d8fabc0bc2896e802fe64fe84bffd,DDoS
3383,fb55f611c834b7651dbe227d0c9012ad9c1f1954b183158d6a638ebd14f1acdf,BENIGN
33222,06f6e8140648c2291e5aa79b360618e6eaa3213cfae1b4de705831732eb892fd,BENIGN
194754,f455698660ddc690b5daad2f9887b8f3a149216f5824f94ae44865df7aaf7703,BENIGN
88455,64e777563bf103c20314405e93375da4dacd59e7601415fba42dbb931a686be6,BENIGN
149004,4d0d954447e93f46956a27647cd7629b8df003271f56ffb71d3b8584df0dcc8e,BENIGN
23099,175f32543f81effcd48ce27a7701ebdefdb12585a7007d1a47c9ac5c47d6ecfa,BENIGN
135524,613acb51119a3c3952002e8511c34cad7bb8ed44d681952e6f7c3c3d627ba9c4,DDoS
128729,d7b24f2d821a564d5cdc9e51f2598e137781214c1b9eefa7da3e8895255f0b51,BENIGN
101661,9bbc21f21384e8279d56eee392f9a9183ab37f7a61f1a1d502f90780a97c405c,BENIGN
60586,3a9e27f9543ec380ef1b31b447382ef3bad32ead8976d5eaa1388b5551bfd8be,BENIGN
111062,ea45d018f43bbbde55225fd84cb866e69dad019bcca76a2bd65ff35802e6957b,DDoS
144142,e0e32c7ff4bfffe129c88ea5a4b08bfb96ed4bea866613f33724c6b1382dde90,DDoS
30555,c06d65f89ed3dd5518fec1b1c3583b148012241b0192259a16429e2a23b2912d,DDoS
122056,5570b8807be18d058efa3a80c500b7e397c2604b920de13dadc963ccc75092af,DDoS
109449,8309d1beb50f2866c11b8f32af94464b711593624a7f4294405202d591bc133e,DDoS
73598,8aeb0df91d3ed77300a894278ea96a4dcea06a5a8653194fe697a0883b3e1172,DDoS
99901,e1988890ae881c5483f123aa5118161a8bcd04168e13b3733679e9442d998242,BENIGN
78273,cef61f48a3307e4f752f704c4376a69699881a4e0c318cf6ca083029616567e7,BENIGN
66337,9624e21e72eadbd914a005139b61ae29a3c55538e8bb58e1038a0ed08673d242,DDoS
103461,66d4e3e4771eebe94a6edd903d6eb5461a088ccddd517e968ab88c469dc3222b,BENIGN
99571,1d72a2a1826a8f344dc58d62fb0b129406ed1cad79c323bf3d0f8cc34712da07,BENIGN
172566,c2da38b9dbde5b0f1f8cae4f12e112e81f057a0d16e3197855f6c50e3359bff4,DDoS
172466,cd9860be17c5c4e59071bb3c09fee39e257967089ea9db2abed53f76f121daa3,BENIGN
132017,b8c56c7092e5cc434ec3c5c8482f4e56da586b530dfd7d3b9c7655a61c584e1d,BENIGN
134550,6a53e720c9f5eb08a6195584c1c85fa97b4363124298eccd5bdf379f9104ebee,BENIGN
150705,03f954c4c34783b5d9ba9a7e2fe936ef0bd20f1d531418f796b1e6024f7c4dc9,DDoS
193100,70fb18b3461ceb8c82573bd8786f7f4231ea548afb6dc2c6f26861a941c149a0,BENIGN
104688,d552311520083057f22453085a5a4192f328e5cdecf692878636d94c8c62a206,BENIGN
206201,7902d5a4a54d0040b294ac0bf3ff08460cf6b92ab57832e529c9a8a1e5d7c550,DDoS
93159,5accc67428b72a086a392e665b701a15c0a93f434ab917faa3172f787d683c5c,DDoS
68382,f33c8ed62bf6cd1a9d275bf7f374b94551d41d97e47f24592975b2f87cef217b,BENIGN
151734,1c31c2546a82ade3a08dfe60e1a94bc689713000ba06e72e958fb66108287251,DDoS
100451,ad83a736fca454923ea67c55b1b333ae5335713ae3f97a22dc3a5061c172b75b,BENIGN
154440,9cb33608de376d6c7c2bf87e5d848b0d0b475fc4bf5c381733f6ac4d2e8c52e3,BENIGN
206961,0edc9992cf2ad5d065d3aafae2649b4caba8fd5def3e6d4a84f2d447bc3291e5,BENIGN
158396,0da3aec9c69fc3fa487e2555926be8d508a8b30df934d126a42a992c0ebfe1f4,BENIGN
98422,4d36f9ec7ce524289f259e603e9307d7e5218d3e54ad1b10e244c9d2d0b44f80,BENIGN
18139,4dcc7b6f5568275611d68bd19356cbb5d2b106ffc46af5fbb5a58dff4ea68de6,BENIGN
187717,aa0f94356e808cd8e49b11879f3e1c094834377d331ef83ca7d18bb185ceef25,BENIGN
69418,82c57f8031ba6a7183d4e07b402381dec1a7f9f3fe37320a9eff9e0300f9b2a5,BENIGN
73645,9d58268c54c4fb7f7f9dfb9c1fa4ae08935915c49cf972b693be437d84bfb79a,BENIGN
33460,76c98355bccf8ae39b8bcfe8479d951bec683ed6bef6aec04f332639418447f3,BENIGN
155246,0259fc954cf93e546beec3a332d63632d2b308ba75b35627d1dbf60a7ff64dbd,DDoS
206738,0f9d208551eb392e2376e37ab087029d0a8ebc252d6a797481a69a56d7daf6e7,BENIGN
98304,68e4f4231157e52f7b09fcbaa3c0b600dd3eff6b30b9069a99e396772007ca7c,DDoS
78953,ae88cc57b302d0535d699dca327f86a97dadaa9e484c121ef45f01ad817ff5e5,BENIGN
136504,007a99ac211e9fe27582bb44e1fd53d446fe4ba67b5f777c3dc3223685483824,BENIGN
83782,575798f622b5048d41e5387211e6f1dbbb24ea93872db0d278729a027a50e925,BENIGN
9982,515f4fd6148b44e1ef1226b37acad2b0edaf35f4291de2d56304febe23596319,DDoS
161849,485f0b5c7b15a6c4a8c8e06f26c4253540ca5c1663d335db6be38a7f7206c299,BENIGN
148415,158823ed924e83414542d2be3b6b2b2981344cffc9ff9e93f52681e888ffdda5,DDoS
13783,28c317b928db7d56cf38b4abfad4ed72c81dd3dac10e967d9fa7e742d4303306,BENIGN
