window_id,feature,drift_detected,stattest_name,stattest_threshold,drift_score
S0_n500_s42,ACK Flag Count,False,Jensen-Shannon distance,0.1,0.015479776445691047
S0_n500_s42,Active Max,False,Wasserstein distance (normed),0.1,0.05529849430027667
S0_n500_s42,Active Mean,False,Wasserstein distance (normed),0.1,0.038362436655375615
S0_n500_s42,Active Min,False,Wasserstein distance (normed),0.1,0.0535665897996005
S0_n500_s42,Average Packet Size,False,Wasserstein distance (normed),0.1,0.029407159459674967
S0_n500_s42,Bwd Header Length,False,Wasserstein distance (normed),0.1,0.06835648815221951
S0_n500_s42,Bwd IAT Max,False,Wasserstein distance (normed),0.1,0.060983657861008754
S0_n500_s42,Bwd IAT Mean,False,Wasserstein distance (normed),0.1,0.07794375489588921
S0_n500_s42,Bwd IAT Min,False,Wasserstein distance (normed),0.1,0.0785821926008107
S0_n500_s42,Bwd IAT Std,False,Wasserstein distance (normed),0.1,0.02234737201875392
S0_n500_s42,Bwd IAT Total,False,Wasserstein distance (normed),0.1,0.03559136767624513
S0_n500_s42,Bwd Packet Length Max,False,Wasserstein distance (normed),0.1,0.027032209955079378
S0_n500_s42,Bwd Packet Length Mean,False,Wasserstein distance (normed),0.1,0.029561881509352527
S0_n500_s42,Bwd Packet Length Min,False,Wasserstein distance (normed),0.1,0.07517879410671689
S0_n500_s42,Bwd Packet Length Std,False,Wasserstein distance (normed),0.1,0.025173164121579376
S0_n500_s42,Bwd Packets/s,False,Wasserstein distance (normed),0.1,0.02931539402803685
S0_n500_s42,Destination Port,False,Wasserstein distance (normed),0.1,0.04409243622986686
S0_n500_s42,FIN Flag Count,False,Jensen-Shannon distance,0.1,0.010059493360239136
S0_n500_s42,Flow Bytes/s,True,Wasserstein distance (normed),0.1,0.13725876251350363
S0_n500_s42,Flow Duration,False,Wasserstein distance (normed),0.1,0.016741550749455603
S0_n500_s42,Flow IAT Max,False,Wasserstein distance (normed),0.1,0.019212181110299605
S0_n500_s42,Flow IAT Mean,False,Wasserstein distance (normed),0.1,0.049480886786161075
S0_n500_s42,Flow IAT Min,False,Wasserstein distance (normed),0.1,0.01755428675267414
S0_n500_s42,Flow IAT Std,False,Wasserstein distance (normed),0.1,0.03898704057645544
S0_n500_s42,Flow Packets/s,False,Wasserstein distance (normed),0.1,0.03884410364227309
S0_n500_s42,Fwd Header Length,False,Wasserstein distance (normed),0.1,0.04747205004799324
S0_n500_s42,Fwd IAT Max,False,Wasserstein distance (normed),0.1,0.019939357519199986
S0_n500_s42,Fwd IAT Mean,False,Wasserstein distance (normed),0.1,0.06253169224293138
S0_n500_s42,Fwd IAT Min,False,Wasserstein distance (normed),0.1,0.068625550344246
S0_n500_s42,Fwd IAT Std,False,Wasserstein distance (normed),0.1,0.04957143373689446
S0_n500_s42,Fwd IAT Total,False,Wasserstein distance (normed),0.1,0.01753032019131241
S0_n500_s42,Fwd Packet Length Max,False,Wasserstein distance (normed),0.1,0.04111693437022211
S0_n500_s42,Fwd Packet Length Mean,False,Wasserstein distance (normed),0.1,0.038258061034482524
S0_n500_s42,Fwd Packet Length Min,False,Wasserstein distance (normed),0.1,0.09319572670600124
S0_n500_s42,Fwd Packet Length Std,False,Wasserstein distance (normed),0.1,0.03999356975719937
S0_n500_s42,Fwd Packets/s,False,Wasserstein distance (normed),0.1,0.037158553409022535
S0_n500_s42,Idle Max,False,Wasserstein distance (normed),0.1,0.01638063583577023
S0_n500_s42,Idle Mean,False,Wasserstein distance (normed),0.1,0.035620226390005075
S0_n500_s42,Idle Min,False,Wasserstein distance (normed),0.1,0.06305074512240731
S0_n500_s42,Init_Win_bytes_backward,False,Wasserstein distance (normed),0.1,0.02219125406483666
S0_n500_s42,Init_Win_bytes_forward,False,Wasserstein distance (normed),0.1,0.038654639309898355
S0_n500_s42,Max Packet Length,False,Wasserstein distance (normed),0.1,0.02891212374552031
S0_n500_s42,Min Packet Length,False,Wasserstein distance (normed),0.1,0.08253557022874757
S0_n500_s42,PSH Flag Count,False,Jensen-Shannon distance,0.1,0.0054289356229056205
S0_n500_s42,Packet Length Mean,False,Wasserstein distance (normed),0.1,0.033830359211232994
S0_n500_s42,Packet Length Std,False,Wasserstein distance (normed),0.1,0.029551650736540157
S0_n500_s42,Packet Length Variance,False,Wasserstein distance (normed),0.1,0.02270807271981184
S0_n500_s42,Subflow Fwd Bytes,False,Wasserstein distance (normed),0.1,0.032256668720192894
S0_n500_s42,Total Fwd Packets,False,Wasserstein distance (normed),0.1,0.052602961015343445
S0_n500_s42,Total Length of Fwd Packets,False,Wasserstein distance (normed),0.1,0.032256668720192894
S0_n500_s42,act_data_pkt_fwd,False,Wasserstein distance (normed),0.1,0.05424954017169057
S0_n500_s42,min_seg_size_forward,False,Wasserstein distance (normed),0.1,0.03503589289092387
S0_n500_s123,ACK Flag Count,False,Jensen-Shannon distance,0.1,0.014026781279871647
S0_n500_s123,Active Max,False,Wasserstein distance (normed),0.1,0.07538378900617586
S0_n500_s123,Active Mean,False,Wasserstein distance (normed),0.1,0.09649271941434129
S0_n500_s123,Active Min,True,Wasserstein distance (normed),0.1,0.11306993821247603
S0_n500_s123,Average Packet Size,False,Wasserstein distance (normed),0.1,0.03322780394756124
S0_n500_s123,Bwd Header Length,False,Wasserstein distance (normed),0.1,0.0496659618178344
S0_n500_s123,Bwd IAT Max,False,Wasserstein distance (normed),0.1,0.06723868564393481
S0_n500_s123,Bwd IAT Mean,False,Wasserstein distance (normed),0.1,0.07743761222978189
S0_n500_s123,Bwd IAT Min,False,Wasserstein distance (normed),0.1,0.0752231590736406
S0_n500_s123,Bwd IAT Std,False,Wasserstein distance (normed),0.1,0.04282692663747661
S0_n500_s123,Bwd IAT Total,False,Wasserstein distance (normed),0.1,0.03650034734174177
S0_n500_s123,Bwd Packet Length Max,False,Wasserstein distance (normed),0.1,0.04701962639075102
S0_n500_s123,Bwd Packet Length Mean,False,Wasserstein distance (normed),0.1,0.03257591236352941
S0_n500_s123,Bwd Packet Length Min,False,Wasserstein distance (normed),0.1,0.029822889964780906
S0_n500_s123,Bwd Packet Length Std,False,Wasserstein distance (normed),0.1,0.04656068574800027
S0_n500_s123,Bwd Packets/s,False,Wasserstein distance (normed),0.1,0.02369540443867008
S0_n500_s123,Destination Port,False,Wasserstein distance (normed),0.1,0.012997664621359584
S0_n500_s123,FIN Flag Count,False,Jensen-Shannon distance,0.1,0.03261659491910333
S0_n500_s123,Flow Bytes/s,True,Wasserstein distance (normed),0.1,0.5551499758098323
S0_n500_s123,Flow Duration,False,Wasserstein distance (normed),0.1,0.020257424592266492
S0_n500_s123,Flow IAT Max,False,Wasserstein distance (normed),0.1,0.023049701479231487
S0_n500_s123,Flow IAT Mean,False,Wasserstein distance (normed),0.1,0.05296052490187715
S0_n500_s123,Flow IAT Min,False,Wasserstein distance (normed),0.1,0.07926822941443831
S0_n500_s123,Flow IAT Std,False,Wasserstein distance (normed),0.1,0.037886080218298326
S0_n500_s123,Flow Packets/s,False,Wasserstein distance (normed),0.1,0.052809504932080316
S0_n500_s123,Fwd Header Length,False,Wasserstein distance (normed),0.1,0.0477689612352159
S0_n500_s123,Fwd IAT Max,False,Wasserstein distance (normed),0.1,0.023950514910341888
S0_n500_s123,Fwd IAT Mean,False,Wasserstein distance (normed),0.1,0.04706511015855665
S0_n500_s123,Fwd IAT Min,False,Wasserstein distance (normed),0.1,0.04666675644522382
S0_n500_s123,Fwd IAT Std,False,Wasserstein distance (normed),0.1,0.02698589887418105
S0_n500_s123,Fwd IAT Total,False,Wasserstein distance (normed),0.1,0.02237448076825827
S0_n500_s123,Fwd Packet Length Max,False,Wasserstein distance (normed),0.1,0.042701822307554545
S0_n500_s123,Fwd Packet Length Mean,False,Wasserstein distance (normed),0.1,0.04786376247169834
S0_n500_s123,Fwd Packet Length Min,False,Wasserstein distance (normed),0.1,0.047977304523819965
S0_n500_s123,Fwd Packet Length Std,False,Wasserstein distance (normed),0.1,0.03773325160794751
S0_n500_s123,Fwd Packets/s,False,Wasserstein distance (normed),0.1,0.05425491158807949
S0_n500_s123,Idle Max,False,Wasserstein distance (normed),0.1,0.029877729612459346
S0_n500_s123,Idle Mean,False,Wasserstein distance (normed),0.1,0.062714688967781
S0_n500_s123,Idle Min,False,Wasserstein distance (normed),0.1,0.07643576332971151
S0_n500_s123,Init_Win_bytes_backward,False,Wasserstein distance (normed),0.1,0.01754979339458417
S0_n500_s123,Init_Win_bytes_forward,False,Wasserstein distance (normed),0.1,0.03850153646469968
S0_n500_s123,Max Packet Length,False,Wasserstein distance (normed),0.1,0.04666721564554129
S0_n500_s123,Min Packet Length,False,Wasserstein distance (normed),0.1,0.038212364652773494
S0_n500_s123,PSH Flag Count,False,Jensen-Shannon distance,0.1,0.01586810519990093
S0_n500_s123,Packet Length Mean,False,Wasserstein distance (normed),0.1,0.034772933393993705
S0_n500_s123,Packet Length Std,False,Wasserstein distance (normed),0.1,0.040599468167952645
S0_n500_s123,Packet Length Variance,False,Wasserstein distance (normed),0.1,0.04361687937280912
S0_n500_s123,Subflow Fwd Bytes,False,Wasserstein distance (normed),0.1,0.03495171786022674
S0_n500_s123,Total Fwd Packets,False,Wasserstein distance (normed),0.1,0.04790746589793197
S0_n500_s123,Total Length of Fwd Packets,False,Wasserstein distance (normed),0.1,0.03495171786022674
S0_n500_s123,act_data_pkt_fwd,False,Wasserstein distance (normed),0.1,0.035749456827838366
S0_n500_s123,min_seg_size_forward,False,Wasserstein distance (normed),0.1,0.04867582065761947
S0_n500_s456,ACK Flag Count,False,Jensen-Shannon distance,0.1,0.02434218284042606
S0_n500_s456,Active Max,False,Wasserstein distance (normed),0.1,0.05400166694189537
S0_n500_s456,Active Mean,False,Wasserstein distance (normed),0.1,0.04963347826250616
S0_n500_s456,Active Min,False,Wasserstein distance (normed),0.1,0.04145732235000658
S0_n500_s456,Average Packet Size,False,Wasserstein distance (normed),0.1,0.04319933707322152
S0_n500_s456,Bwd Header Length,False,Wasserstein distance (normed),0.1,0.07370347392596036
S0_n500_s456,Bwd IAT Max,False,Wasserstein distance (normed),0.1,0.05518637486097706
S0_n500_s456,Bwd IAT Mean,False,Wasserstein distance (normed),0.1,0.06454793072991763
S0_n500_s456,Bwd IAT Min,False,Wasserstein distance (normed),0.1,0.06062759397452305
S0_n500_s456,Bwd IAT Std,False,Wasserstein distance (normed),0.1,0.036002984218751706
S0_n500_s456,Bwd IAT Total,False,Wasserstein distance (normed),0.1,0.01731537299131409
S0_n500_s456,Bwd Packet Length Max,False,Wasserstein distance (normed),0.1,0.045897027791717136
S0_n500_s456,Bwd Packet Length Mean,False,Wasserstein distance (normed),0.1,0.049583942656123585
S0_n500_s456,Bwd Packet Length Min,False,Wasserstein distance (normed),0.1,0.033875521114642745
S0_n500_s456,Bwd Packet Length Std,False,Wasserstein distance (normed),0.1,0.05615204119778178
S0_n500_s456,Bwd Packets/s,False,Wasserstein distance (normed),0.1,0.03463349474507336
S0_n500_s456,Destination Port,False,Wasserstein distance (normed),0.1,0.05011988874595351
S0_n500_s456,FIN Flag Count,False,Jensen-Shannon distance,0.1,0.0015682575128543685
S0_n500_s456,Flow Bytes/s,False,Wasserstein distance (normed),0.1,0.049169289389648894
S0_n500_s456,Flow Duration,False,Wasserstein distance (normed),0.1,0.018229187274521615
S0_n500_s456,Flow IAT Max,False,Wasserstein distance (normed),0.1,0.037660152343539935
S0_n500_s456,Flow IAT Mean,False,Wasserstein distance (normed),0.1,0.0731321927531144
S0_n500_s456,Flow IAT Min,False,Wasserstein distance (normed),0.1,0.04337480505062475
S0_n500_s456,Flow IAT Std,False,Wasserstein distance (normed),0.1,0.05371099635227584
S0_n500_s456,Flow Packets/s,False,Wasserstein distance (normed),0.1,0.06738649770126257
S0_n500_s456,Fwd Header Length,False,Wasserstein distance (normed),0.1,0.09540971082140515
S0_n500_s456,Fwd IAT Max,False,Wasserstein distance (normed),0.1,0.035568699547066436
S0_n500_s456,Fwd IAT Mean,False,Wasserstein distance (normed),0.1,0.06986803030600904
S0_n500_s456,Fwd IAT Min,False,Wasserstein distance (normed),0.1,0.07224792662780087
S0_n500_s456,Fwd IAT Std,False,Wasserstein distance (normed),0.1,0.01961488848804746
S0_n500_s456,Fwd IAT Total,False,Wasserstein distance (normed),0.1,0.01796341157363488
S0_n500_s456,Fwd Packet Length Max,False,Wasserstein distance (normed),0.1,0.026541747690815718
S0_n500_s456,Fwd Packet Length Mean,False,Wasserstein distance (normed),0.1,0.03155234593158145
S0_n500_s456,Fwd Packet Length Min,False,Wasserstein distance (normed),0.1,0.028433518256767886
S0_n500_s456,Fwd Packet Length Std,False,Wasserstein distance (normed),0.1,0.03335667248060979
S0_n500_s456,Fwd Packets/s,False,Wasserstein distance (normed),0.1,0.06788701906029515
S0_n500_s456,Idle Max,False,Wasserstein distance (normed),0.1,0.034220995226796676
S0_n500_s456,Idle Mean,False,Wasserstein distance (normed),0.1,0.03590721802761748
S0_n500_s456,Idle Min,False,Wasserstein distance (normed),0.1,0.028137225704871784
S0_n500_s456,Init_Win_bytes_backward,False,Wasserstein distance (normed),0.1,0.02227768229292584
S0_n500_s456,Init_Win_bytes_forward,False,Wasserstein distance (normed),0.1,0.040750414471385624
S0_n500_s456,Max Packet Length,False,Wasserstein distance (normed),0.1,0.04300887327354118
S0_n500_s456,Min Packet Length,False,Wasserstein distance (normed),0.1,0.04490077630500398
S0_n500_s456,PSH Flag Count,False,Jensen-Shannon distance,0.1,0.020355750406225503
S0_n500_s456,Packet Length Mean,False,Wasserstein distance (normed),0.1,0.043422311493656
S0_n500_s456,Packet Length Std,False,Wasserstein distance (normed),0.1,0.0436517813883677
S0_n500_s456,Packet Length Variance,False,Wasserstein distance (normed),0.1,0.04212441141711022
S0_n500_s456,Subflow Fwd Bytes,False,Wasserstein distance (normed),0.1,0.03197256771038721
S0_n500_s456,Total Fwd Packets,False,Wasserstein distance (normed),0.1,0.08987177654725612
S0_n500_s456,Total Length of Fwd Packets,False,Wasserstein distance (normed),0.1,0.03197256771038721
S0_n500_s456,act_data_pkt_fwd,True,Wasserstein distance (normed),0.1,0.16530215314563196
S0_n500_s456,min_seg_size_forward,False,Wasserstein distance (normed),0.1,0.03637314071118815
S0_n500_s789,ACK Flag Count,False,Jensen-Shannon distance,0.1,0.003813515813040236
S0_n500_s789,Active Max,False,Wasserstein distance (normed),0.1,0.04116772266469841
S0_n500_s789,Active Mean,False,Wasserstein distance (normed),0.1,0.03501211033478202
S0_n500_s789,Active Min,False,Wasserstein distance (normed),0.1,0.03887270516765521
S0_n500_s789,Average Packet Size,False,Wasserstein distance (normed),0.1,0.03435689278700197
S0_n500_s789,Bwd Header Length,True,Wasserstein distance (normed),0.1,0.20180385569551682
S0_n500_s789,Bwd IAT Max,False,Wasserstein distance (normed),0.1,0.05140683624149123
S0_n500_s789,Bwd IAT Mean,False,Wasserstein distance (normed),0.1,0.052744511891658796
S0_n500_s789,Bwd IAT Min,False,Wasserstein distance (normed),0.1,0.04747073834949393
S0_n500_s789,Bwd IAT Std,False,Wasserstein distance (normed),0.1,0.03826443261037867
S0_n500_s789,Bwd IAT Total,False,Wasserstein distance (normed),0.1,0.016737330605628417
S0_n500_s789,Bwd Packet Length Max,False,Wasserstein distance (normed),0.1,0.03438798991690715
S0_n500_s789,Bwd Packet Length Mean,False,Wasserstein distance (normed),0.1,0.020641529068387385
S0_n500_s789,Bwd Packet Length Min,False,Wasserstein distance (normed),0.1,0.033502579597784306
S0_n500_s789,Bwd Packet Length Std,False,Wasserstein distance (normed),0.1,0.037019737382642165
S0_n500_s789,Bwd Packets/s,False,Wasserstein distance (normed),0.1,0.04108600742130627
S0_n500_s789,Destination Port,False,Wasserstein distance (normed),0.1,0.033764260962339095
S0_n500_s789,FIN Flag Count,False,Jensen-Shannon distance,0.1,0.010059493360239136
S0_n500_s789,Flow Bytes/s,True,Wasserstein distance (normed),0.1,0.26668513751234363
S0_n500_s789,Flow Duration,False,Wasserstein distance (normed),0.1,0.026623585416892435
S0_n500_s789,Flow IAT Max,False,Wasserstein distance (normed),0.1,0.02232119622173347
S0_n500_s789,Flow IAT Mean,False,Wasserstein distance (normed),0.1,0.029393865356515437
S0_n500_s789,Flow IAT Min,False,Wasserstein distance (normed),0.1,0.05696578668508515
S0_n500_s789,Flow IAT Std,False,Wasserstein distance (normed),0.1,0.024860361724917353
S0_n500_s789,Flow Packets/s,False,Wasserstein distance (normed),0.1,0.0573331877455694
S0_n500_s789,Fwd Header Length,True,Wasserstein distance (normed),0.1,0.28480755768902777
S0_n500_s789,Fwd IAT Max,False,Wasserstein distance (normed),0.1,0.021137553308314443
S0_n500_s789,Fwd IAT Mean,False,Wasserstein distance (normed),0.1,0.03514848100423391
S0_n500_s789,Fwd IAT Min,False,Wasserstein distance (normed),0.1,0.028464561253134152
S0_n500_s789,Fwd IAT Std,False,Wasserstein distance (normed),0.1,0.030545719521601542
S0_n500_s789,Fwd IAT Total,False,Wasserstein distance (normed),0.1,0.027612610989451645
S0_n500_s789,Fwd Packet Length Max,False,Wasserstein distance (normed),0.1,0.048996166639765366
S0_n500_s789,Fwd Packet Length Mean,False,Wasserstein distance (normed),0.1,0.06619164956593937
S0_n500_s789,Fwd Packet Length Min,True,Wasserstein distance (normed),0.1,0.11240572226998971
S0_n500_s789,Fwd Packet Length Std,False,Wasserstein distance (normed),0.1,0.04493282501071364
S0_n500_s789,Fwd Packets/s,False,Wasserstein distance (normed),0.1,0.05659025272032795
S0_n500_s789,Idle Max,False,Wasserstein distance (normed),0.1,0.02185119746214712
S0_n500_s789,Idle Mean,False,Wasserstein distance (normed),0.1,0.039779588996644265
S0_n500_s789,Idle Min,False,Wasserstein distance (normed),0.1,0.06171771360650287
S0_n500_s789,Init_Win_bytes_backward,False,Wasserstein distance (normed),0.1,0.04203387519946216
S0_n500_s789,Init_Win_bytes_forward,False,Wasserstein distance (normed),0.1,0.03170469524910729
S0_n500_s789,Max Packet Length,False,Wasserstein distance (normed),0.1,0.03359085505401504
S0_n500_s789,Min Packet Length,True,Wasserstein distance (normed),0.1,0.10421229882446321
S0_n500_s789,PSH Flag Count,False,Jensen-Shannon distance,0.1,0.008203515991400812
S0_n500_s789,Packet Length Mean,False,Wasserstein distance (normed),0.1,0.0339961561469296
S0_n500_s789,Packet Length Std,False,Wasserstein distance (normed),0.1,0.02426785237142037
S0_n500_s789,Packet Length Variance,False,Wasserstein distance (normed),0.1,0.019948091028821266
S0_n500_s789,Subflow Fwd Bytes,False,Wasserstein distance (normed),0.1,0.0697375270577557
S0_n500_s789,Total Fwd Packets,True,Wasserstein distance (normed),0.1,0.27624268560748544
S0_n500_s789,Total Length of Fwd Packets,False,Wasserstein distance (normed),0.1,0.0697375270577557
S0_n500_s789,act_data_pkt_fwd,True,Wasserstein distance (normed),0.1,0.4520273885199279
S0_n500_s789,min_seg_size_forward,False,Wasserstein distance (normed),0.1,0.024605359892862708
S0_n500_s1024,ACK Flag Count,False,Jensen-Shannon distance,0.1,0.006739406549799819
S0_n500_s1024,Active Max,False,Wasserstein distance (normed),0.1,0.043160262986126206
S0_n500_s1024,Active Mean,False,Wasserstein distance (normed),0.1,0.0348850517669118
S0_n500_s1024,Active Min,False,Wasserstein distance (normed),0.1,0.04906173821786968
S0_n500_s1024,Average Packet Size,False,Wasserstein distance (normed),0.1,0.03240721410845907
S0_n500_s1024,Bwd Header Length,True,Wasserstein distance (normed),0.1,0.1455977049027538
S0_n500_s1024,Bwd IAT Max,False,Wasserstein distance (normed),0.1,0.037340880761177836
S0_n500_s1024,Bwd IAT Mean,False,Wasserstein distance (normed),0.1,0.03730417689218033
S0_n500_s1024,Bwd IAT Min,False,Wasserstein distance (normed),0.1,0.02641891951844964
S0_n500_s1024,Bwd IAT Std,False,Wasserstein distance (normed),0.1,0.06168151180726417
S0_n500_s1024,Bwd IAT Total,False,Wasserstein distance (normed),0.1,0.016582937484453806
S0_n500_s1024,Bwd Packet Length Max,False,Wasserstein distance (normed),0.1,0.03677032039944961
S0_n500_s1024,Bwd Packet Length Mean,False,Wasserstein distance (normed),0.1,0.04606271447209938
S0_n500_s1024,Bwd Packet Length Min,False,Wasserstein distance (normed),0.1,0.08031917134741678
S0_n500_s1024,Bwd Packet Length Std,False,Wasserstein distance (normed),0.1,0.03455307831411289
S0_n500_s1024,Bwd Packets/s,False,Wasserstein distance (normed),0.1,0.0903474291671544
S0_n500_s1024,Destination Port,False,Wasserstein distance (normed),0.1,0.0389057926360165
S0_n500_s1024,FIN Flag Count,False,Jensen-Shannon distance,0.1,0.020034754195753835
S0_n500_s1024,Flow Bytes/s,False,Wasserstein distance (normed),0.1,0.03769591978808717
S0_n500_s1024,Flow Duration,False,Wasserstein distance (normed),0.1,0.06714090273377589
S0_n500_s1024,Flow IAT Max,False,Wasserstein distance (normed),0.1,0.07896138199071882
S0_n500_s1024,Flow IAT Mean,False,Wasserstein distance (normed),0.1,0.04952951221187279
S0_n500_s1024,Flow IAT Min,False,Wasserstein distance (normed),0.1,0.01720484956286069
S0_n500_s1024,Flow IAT Std,False,Wasserstein distance (normed),0.1,0.06808540699129874
S0_n500_s1024,Flow Packets/s,False,Wasserstein distance (normed),0.1,0.06044894531841083
S0_n500_s1024,Fwd Header Length,True,Wasserstein distance (normed),0.1,0.1085772721092971
S0_n500_s1024,Fwd IAT Max,False,Wasserstein distance (normed),0.1,0.07079952239854685
S0_n500_s1024,Fwd IAT Mean,False,Wasserstein distance (normed),0.1,0.050696195731792376
S0_n500_s1024,Fwd IAT Min,False,Wasserstein distance (normed),0.1,0.03387246998865898
S0_n500_s1024,Fwd IAT Std,False,Wasserstein distance (normed),0.1,0.09109637585920123
S0_n500_s1024,Fwd IAT Total,False,Wasserstein distance (normed),0.1,0.06252294651015385
S0_n500_s1024,Fwd Packet Length Max,False,Wasserstein distance (normed),0.1,0.06792756105936146
S0_n500_s1024,Fwd Packet Length Mean,False,Wasserstein distance (normed),0.1,0.07355890625211557
S0_n500_s1024,Fwd Packet Length Min,False,Wasserstein distance (normed),0.1,0.045402347671625785
S0_n500_s1024,Fwd Packet Length Std,False,Wasserstein distance (normed),0.1,0.07145714145677015
S0_n500_s1024,Fwd Packets/s,False,Wasserstein distance (normed),0.1,0.049735427540346176
S0_n500_s1024,Idle Max,False,Wasserstein distance (normed),0.1,0.08258657522503163
S0_n500_s1024,Idle Mean,False,Wasserstein distance (normed),0.1,0.07610412754379207
S0_n500_s1024,Idle Min,False,Wasserstein distance (normed),0.1,0.05881797932973873
S0_n500_s1024,Init_Win_bytes_backward,False,Wasserstein distance (normed),0.1,0.042206876103932436
S0_n500_s1024,Init_Win_bytes_forward,False,Wasserstein distance (normed),0.1,0.04392020701092643
S0_n500_s1024,Max Packet Length,False,Wasserstein distance (normed),0.1,0.02443046848278119
S0_n500_s1024,Min Packet Length,False,Wasserstein distance (normed),0.1,0.04602739575175489
S0_n500_s1024,PSH Flag Count,False,Jensen-Shannon distance,0.1,0.0036368453154222453
S0_n500_s1024,Packet Length Mean,False,Wasserstein distance (normed),0.1,0.029962414270683434
S0_n500_s1024,Packet Length Std,False,Wasserstein distance (normed),0.1,0.029684018454345946
S0_n500_s1024,Packet Length Variance,False,Wasserstein distance (normed),0.1,0.02926312523466682
S0_n500_s1024,Subflow Fwd Bytes,False,Wasserstein distance (normed),0.1,0.03753560468123681
S0_n500_s1024,Total Fwd Packets,False,Wasserstein distance (normed),0.1,0.0654015391353744
S0_n500_s1024,Total Length of Fwd Packets,False,Wasserstein distance (normed),0.1,0.03753560468123681
S0_n500_s1024,act_data_pkt_fwd,False,Wasserstein distance (normed),0.1,0.05602137913983419
S0_n500_s1024,min_seg_size_forward,False,Wasserstein distance (normed),0.1,0.06311809711647369
S0_n500_s2000,ACK Flag Count,False,Jensen-Shannon distance,0.1,0.018381492067770174
S0_n500_s2000,Active Max,False,Wasserstein distance (normed),0.1,0.058922499512670666
S0_n500_s2000,Active Mean,False,Wasserstein distance (normed),0.1,0.05424958646265766
S0_n500_s2000,Active Min,False,Wasserstein distance (normed),0.1,0.04166422847735614
S0_n500_s2000,Average Packet Size,False,Wasserstein distance (normed),0.1,0.026064772327758987
S0_n500_s2000,Bwd Header Length,False,Wasserstein distance (normed),0.1,0.0532904286845983
S0_n500_s2000,Bwd IAT Max,False,Wasserstein distance (normed),0.1,0.04649936376358052
S0_n500_s2000,Bwd IAT Mean,False,Wasserstein distance (normed),0.1,0.02975663442424863
S0_n500_s2000,Bwd IAT Min,False,Wasserstein distance (normed),0.1,0.018406640504124626
S0_n500_s2000,Bwd IAT Std,False,Wasserstein distance (normed),0.1,0.080503609363686
S0_n500_s2000,Bwd IAT Total,False,Wasserstein distance (normed),0.1,0.03337185593281976
S0_n500_s2000,Bwd Packet Length Max,False,Wasserstein distance (normed),0.1,0.025469933768284953
S0_n500_s2000,Bwd Packet Length Mean,False,Wasserstein distance (normed),0.1,0.015971093324388504
S0_n500_s2000,Bwd Packet Length Min,False,Wasserstein distance (normed),0.1,0.0414213711390789
S0_n500_s2000,Bwd Packet Length Std,False,Wasserstein distance (normed),0.1,0.02231294666156456
S0_n500_s2000,Bwd Packets/s,True,Wasserstein distance (normed),0.1,0.1912228308712946
S0_n500_s2000,Destination Port,False,Wasserstein distance (normed),0.1,0.07682057751834934
S0_n500_s2000,FIN Flag Count,False,Jensen-Shannon distance,0.1,0.005928705390099095
S0_n500_s2000,Flow Bytes/s,False,Wasserstein distance (normed),0.1,0.07915581416134101
S0_n500_s2000,Flow Duration,False,Wasserstein distance (normed),0.1,0.014759237584666289
S0_n500_s2000,Flow IAT Max,False,Wasserstein distance (normed),0.1,0.01611919149352555
S0_n500_s2000,Flow IAT Mean,False,Wasserstein distance (normed),0.1,0.030746432838760357
S0_n500_s2000,Flow IAT Min,False,Wasserstein distance (normed),0.1,0.03536051294713194
S0_n500_s2000,Flow IAT Std,False,Wasserstein distance (normed),0.1,0.02627073688891377
S0_n500_s2000,Flow Packets/s,False,Wasserstein distance (normed),0.1,0.09172503029939126
S0_n500_s2000,Fwd Header Length,False,Wasserstein distance (normed),0.1,0.05721613537412038
S0_n500_s2000,Fwd IAT Max,False,Wasserstein distance (normed),0.1,0.015581164628853663
S0_n500_s2000,Fwd IAT Mean,False,Wasserstein distance (normed),0.1,0.029583791687688838
S0_n500_s2000,Fwd IAT Min,False,Wasserstein distance (normed),0.1,0.015072279416513052
S0_n500_s2000,Fwd IAT Std,False,Wasserstein distance (normed),0.1,0.02960989511813027
S0_n500_s2000,Fwd IAT Total,False,Wasserstein distance (normed),0.1,0.013196180251885391
S0_n500_s2000,Fwd Packet Length Max,False,Wasserstein distance (normed),0.1,0.05425074037826377
S0_n500_s2000,Fwd Packet Length Mean,False,Wasserstein distance (normed),0.1,0.054628656764215265
S0_n500_s2000,Fwd Packet Length Min,False,Wasserstein distance (normed),0.1,0.01794976535854865
S0_n500_s2000,Fwd Packet Length Std,False,Wasserstein distance (normed),0.1,0.056724027916222296
S0_n500_s2000,Fwd Packets/s,False,Wasserstein distance (normed),0.1,0.06838894362923476
S0_n500_s2000,Idle Max,False,Wasserstein distance (normed),0.1,0.015740527164946165
S0_n500_s2000,Idle Mean,False,Wasserstein distance (normed),0.1,0.018370681920184883
S0_n500_s2000,Idle Min,False,Wasserstein distance (normed),0.1,0.01837451984411145
S0_n500_s2000,Init_Win_bytes_backward,False,Wasserstein distance (normed),0.1,0.01778808492707041
S0_n500_s2000,Init_Win_bytes_forward,False,Wasserstein distance (normed),0.1,0.04237864086811356
S0_n500_s2000,Max Packet Length,False,Wasserstein distance (normed),0.1,0.02297848570945684
S0_n500_s2000,Min Packet Length,False,Wasserstein distance (normed),0.1,0.031538214006198294
S0_n500_s2000,PSH Flag Count,False,Jensen-Shannon distance,0.1,0.011261141230315972
S0_n500_s2000,Packet Length Mean,False,Wasserstein distance (normed),0.1,0.022764399777398345
S0_n500_s2000,Packet Length Std,False,Wasserstein distance (normed),0.1,0.01889372962603413
S0_n500_s2000,Packet Length Variance,False,Wasserstein distance (normed),0.1,0.020822163383349242
S0_n500_s2000,Subflow Fwd Bytes,False,Wasserstein distance (normed),0.1,0.03936314835612939
S0_n500_s2000,Total Fwd Packets,False,Wasserstein distance (normed),0.1,0.06851398161320071
S0_n500_s2000,Total Length of Fwd Packets,False,Wasserstein distance (normed),0.1,0.03936314835612939
S0_n500_s2000,act_data_pkt_fwd,True,Wasserstein distance (normed),0.1,0.1526908287253158
S0_n500_s2000,min_seg_size_forward,False,Wasserstein distance (normed),0.1,0.014709726022907042
S0_n500_s2001,ACK Flag Count,False,Jensen-Shannon distance,0.1,0.002348119471386832
S0_n500_s2001,Active Max,False,Wasserstein distance (normed),0.1,0.058600337733370526
S0_n500_s2001,Active Mean,False,Wasserstein distance (normed),0.1,0.044103090717131505
S0_n500_s2001,Active Min,False,Wasserstein distance (normed),0.1,0.03345417294633542
S0_n500_s2001,Average Packet Size,False,Wasserstein distance (normed),0.1,0.02518117054931844
S0_n500_s2001,Bwd Header Length,False,Wasserstein distance (normed),0.1,0.059699036354133005
S0_n500_s2001,Bwd IAT Max,False,Wasserstein distance (normed),0.1,0.029855756061558204
S0_n500_s2001,Bwd IAT Mean,False,Wasserstein distance (normed),0.1,0.04221768336037372
S0_n500_s2001,Bwd IAT Min,False,Wasserstein distance (normed),0.1,0.03587785350260293
S0_n500_s2001,Bwd IAT Std,False,Wasserstein distance (normed),0.1,0.04295393906930523
S0_n500_s2001,Bwd IAT Total,False,Wasserstein distance (normed),0.1,0.03342834610339082
S0_n500_s2001,Bwd Packet Length Max,False,Wasserstein distance (normed),0.1,0.02816153481130972
S0_n500_s2001,Bwd Packet Length Mean,False,Wasserstein distance (normed),0.1,0.02352695410779266
S0_n500_s2001,Bwd Packet Length Min,False,Wasserstein distance (normed),0.1,0.01966644932233552
S0_n500_s2001,Bwd Packet Length Std,False,Wasserstein distance (normed),0.1,0.021940806381327
S0_n500_s2001,Bwd Packets/s,False,Wasserstein distance (normed),0.1,0.04996351277058474
S0_n500_s2001,Destination Port,False,Wasserstein distance (normed),0.1,0.026224956870642427
S0_n500_s2001,FIN Flag Count,False,Jensen-Shannon distance,0.1,0.010059493360239136
S0_n500_s2001,Flow Bytes/s,False,Wasserstein distance (normed),0.1,0.027881940349237227
S0_n500_s2001,Flow Duration,False,Wasserstein distance (normed),0.1,0.042875273361487026
S0_n500_s2001,Flow IAT Max,False,Wasserstein distance (normed),0.1,0.036237549466818
S0_n500_s2001,Flow IAT Mean,False,Wasserstein distance (normed),0.1,0.05682604453264131
S0_n500_s2001,Flow IAT Min,False,Wasserstein distance (normed),0.1,0.0413788473025091
S0_n500_s2001,Flow IAT Std,False,Wasserstein distance (normed),0.1,0.034211064935037894
S0_n500_s2001,Flow Packets/s,False,Wasserstein distance (normed),0.1,0.049103588351310117
S0_n500_s2001,Fwd Header Length,False,Wasserstein distance (normed),0.1,0.05431000466281985
S0_n500_s2001,Fwd IAT Max,False,Wasserstein distance (normed),0.1,0.03344770472066463
S0_n500_s2001,Fwd IAT Mean,False,Wasserstein distance (normed),0.1,0.050471398168551944
S0_n500_s2001,Fwd IAT Min,False,Wasserstein distance (normed),0.1,0.04868406553336752
S0_n500_s2001,Fwd IAT Std,False,Wasserstein distance (normed),0.1,0.022204289204580615
S0_n500_s2001,Fwd IAT Total,False,Wasserstein distance (normed),0.1,0.039148382306719166
S0_n500_s2001,Fwd Packet Length Max,False,Wasserstein distance (normed),0.1,0.035444980524844204
S0_n500_s2001,Fwd Packet Length Mean,False,Wasserstein distance (normed),0.1,0.030043626611754727
S0_n500_s2001,Fwd Packet Length Min,False,Wasserstein distance (normed),0.1,0.017820336310422534
S0_n500_s2001,Fwd Packet Length Std,False,Wasserstein distance (normed),0.1,0.042734002162589
S0_n500_s2001,Fwd Packets/s,False,Wasserstein distance (normed),0.1,0.05232154672590108
S0_n500_s2001,Idle Max,False,Wasserstein distance (normed),0.1,0.02870344470793443
S0_n500_s2001,Idle Mean,False,Wasserstein distance (normed),0.1,0.030428490569696723
S0_n500_s2001,Idle Min,False,Wasserstein distance (normed),0.1,0.028753325413828346
S0_n500_s2001,Init_Win_bytes_backward,False,Wasserstein distance (normed),0.1,0.02292471434254191
S0_n500_s2001,Init_Win_bytes_forward,False,Wasserstein distance (normed),0.1,0.03044859637608354
S0_n500_s2001,Max Packet Length,False,Wasserstein distance (normed),0.1,0.026956637357353895
S0_n500_s2001,Min Packet Length,False,Wasserstein distance (normed),0.1,0.02436492816169564
S0_n500_s2001,PSH Flag Count,False,Jensen-Shannon distance,0.1,0.0036368453154222453
S0_n500_s2001,Packet Length Mean,False,Wasserstein distance (normed),0.1,0.02509280710770066
S0_n500_s2001,Packet Length Std,False,Wasserstein distance (normed),0.1,0.02419840101785776
S0_n500_s2001,Packet Length Variance,False,Wasserstein distance (normed),0.1,0.02856410096260281
S0_n500_s2001,Subflow Fwd Bytes,False,Wasserstein distance (normed),0.1,0.032081269519582865
S0_n500_s2001,Total Fwd Packets,False,Wasserstein distance (normed),0.1,0.0398043828953136
S0_n500_s2001,Total Length of Fwd Packets,False,Wasserstein distance (normed),0.1,0.032081269519582865
S0_n500_s2001,act_data_pkt_fwd,False,Wasserstein distance (normed),0.1,0.0461720389933889
S0_n500_s2001,min_seg_size_forward,False,Wasserstein distance (normed),0.1,0.08130466747206791
S0_n500_s2002,ACK Flag Count,False,Jensen-Shannon distance,0.1,0.0008810529727821799
S0_n500_s2002,Active Max,False,Wasserstein distance (normed),0.1,0.02643120199159107
S0_n500_s2002,Active Mean,False,Wasserstein distance (normed),0.1,0.030318171482044368
S0_n500_s2002,Active Min,False,Wasserstein distance (normed),0.1,0.026518262591797077
S0_n500_s2002,Average Packet Size,False,Wasserstein distance (normed),0.1,0.02983069293812486
S0_n500_s2002,Bwd Header Length,False,Wasserstein distance (normed),0.1,0.03709396618427335
S0_n500_s2002,Bwd IAT Max,False,Wasserstein distance (normed),0.1,0.039667922928171485
S0_n500_s2002,Bwd IAT Mean,False,Wasserstein distance (normed),0.1,0.048931169326759644
S0_n500_s2002,Bwd IAT Min,False,Wasserstein distance (normed),0.1,0.04293969709230292
S0_n500_s2002,Bwd IAT Std,False,Wasserstein distance (normed),0.1,0.06102142515075646
S0_n500_s2002,Bwd IAT Total,False,Wasserstein distance (normed),0.1,0.0446365915631321
S0_n500_s2002,Bwd Packet Length Max,False,Wasserstein distance (normed),0.1,0.03220003454028696
S0_n500_s2002,Bwd Packet Length Mean,False,Wasserstein distance (normed),0.1,0.017355985587344067
S0_n500_s2002,Bwd Packet Length Min,False,Wasserstein distance (normed),0.1,0.036821759097824626
S0_n500_s2002,Bwd Packet Length Std,False,Wasserstein distance (normed),0.1,0.028337340051162653
S0_n500_s2002,Bwd Packets/s,False,Wasserstein distance (normed),0.1,0.045336688442234464
S0_n500_s2002,Destination Port,False,Wasserstein distance (normed),0.1,0.05117655309277553
S0_n500_s2002,FIN Flag Count,False,Jensen-Shannon distance,0.1,0.0015682575128543685
S0_n500_s2002,Flow Bytes/s,False,Wasserstein distance (normed),0.1,0.03054010308604843
S0_n500_s2002,Flow Duration,False,Wasserstein distance (normed),0.1,0.03852563674584347
S0_n500_s2002,Flow IAT Max,False,Wasserstein distance (normed),0.1,0.02222409946331294
S0_n500_s2002,Flow IAT Mean,False,Wasserstein distance (normed),0.1,0.048118404998572145
S0_n500_s2002,Flow IAT Min,False,Wasserstein distance (normed),0.1,0.03855765792648728
S0_n500_s2002,Flow IAT Std,False,Wasserstein distance (normed),0.1,0.038775316831849836
S0_n500_s2002,Flow Packets/s,False,Wasserstein distance (normed),0.1,0.03236501997699878
S0_n500_s2002,Fwd Header Length,False,Wasserstein distance (normed),0.1,0.045065269969748724
S0_n500_s2002,Fwd IAT Max,False,Wasserstein distance (normed),0.1,0.01995902749799535
S0_n500_s2002,Fwd IAT Mean,False,Wasserstein distance (normed),0.1,0.05448084648963436
S0_n500_s2002,Fwd IAT Min,False,Wasserstein distance (normed),0.1,0.04871161987058821
S0_n500_s2002,Fwd IAT Std,False,Wasserstein distance (normed),0.1,0.024809463221542042
S0_n500_s2002,Fwd IAT Total,False,Wasserstein distance (normed),0.1,0.039830465436746176
S0_n500_s2002,Fwd Packet Length Max,False,Wasserstein distance (normed),0.1,0.0402832254917449
S0_n500_s2002,Fwd Packet Length Mean,False,Wasserstein distance (normed),0.1,0.05928588573539724
S0_n500_s2002,Fwd Packet Length Min,False,Wasserstein distance (normed),0.1,0.051969168850237425
S0_n500_s2002,Fwd Packet Length Std,False,Wasserstein distance (normed),0.1,0.04078734460650264
S0_n500_s2002,Fwd Packets/s,False,Wasserstein distance (normed),0.1,0.03415859122323834
S0_n500_s2002,Idle Max,False,Wasserstein distance (normed),0.1,0.019208387915212694
S0_n500_s2002,Idle Mean,False,Wasserstein distance (normed),0.1,0.021096840405342727
S0_n500_s2002,Idle Min,False,Wasserstein distance (normed),0.1,0.021045428360783516
S0_n500_s2002,Init_Win_bytes_backward,False,Wasserstein distance (normed),0.1,0.01685109700583715
S0_n500_s2002,Init_Win_bytes_forward,False,Wasserstein distance (normed),0.1,0.03590696705984096
S0_n500_s2002,Max Packet Length,False,Wasserstein distance (normed),0.1,0.02838969650488558
S0_n500_s2002,Min Packet Length,False,Wasserstein distance (normed),0.1,0.04528582345769084
S0_n500_s2002,PSH Flag Count,False,Jensen-Shannon distance,0.1,0.009730985813279006
S0_n500_s2002,Packet Length Mean,False,Wasserstein distance (normed),0.1,0.030130132013155765
S0_n500_s2002,Packet Length Std,False,Wasserstein distance (normed),0.1,0.02721157554677788
S0_n500_s2002,Packet Length Variance,False,Wasserstein distance (normed),0.1,0.027600513768746646
S0_n500_s2002,Subflow Fwd Bytes,False,Wasserstein distance (normed),0.1,0.033534639949887916
S0_n500_s2002,Total Fwd Packets,False,Wasserstein distance (normed),0.1,0.04578778524492923
S0_n500_s2002,Total Length of Fwd Packets,False,Wasserstein distance (normed),0.1,0.033534639949887916
S0_n500_s2002,act_data_pkt_fwd,False,Wasserstein distance (normed),0.1,0.06206647679585365
S0_n500_s2002,min_seg_size_forward,False,Wasserstein distance (normed),0.1,0.02594260771312691
S0_n500_s2003,ACK Flag Count,False,Jensen-Shannon distance,0.1,0.027054239037006357
S0_n500_s2003,Active Max,False,Wasserstein distance (normed),0.1,0.06667532685767945
S0_n500_s2003,Active Mean,False,Wasserstein distance (normed),0.1,0.06908059494472549
S0_n500_s2003,Active Min,False,Wasserstein distance (normed),0.1,0.08763477050679336
S0_n500_s2003,Average Packet Size,False,Wasserstein distance (normed),0.1,0.036153423777433455
S0_n500_s2003,Bwd Header Length,False,Wasserstein distance (normed),0.1,0.054839499507192
S0_n500_s2003,Bwd IAT Max,True,Wasserstein distance (normed),0.1,0.1006095363196347
S0_n500_s2003,Bwd IAT Mean,False,Wasserstein distance (normed),0.1,0.06335120923280423
S0_n500_s2003,Bwd IAT Min,False,Wasserstein distance (normed),0.1,0.0733408157424842
S0_n500_s2003,Bwd IAT Std,False,Wasserstein distance (normed),0.1,0.06186886407670034
S0_n500_s2003,Bwd IAT Total,False,Wasserstein distance (normed),0.1,0.03311556859410976
S0_n500_s2003,Bwd Packet Length Max,False,Wasserstein distance (normed),0.1,0.056400696121488736
S0_n500_s2003,Bwd Packet Length Mean,False,Wasserstein distance (normed),0.1,0.04354792807977327
S0_n500_s2003,Bwd Packet Length Min,False,Wasserstein distance (normed),0.1,0.050558438302111104
S0_n500_s2003,Bwd Packet Length Std,False,Wasserstein distance (normed),0.1,0.04798340963910497
S0_n500_s2003,Bwd Packets/s,False,Wasserstein distance (normed),0.1,0.03577394450185711
S0_n500_s2003,Destination Port,False,Wasserstein distance (normed),0.1,0.03635854863161053
S0_n500_s2003,FIN Flag Count,False,Jensen-Shannon distance,0.1,0.03261659491910333
S0_n500_s2003,Flow Bytes/s,False,Wasserstein distance (normed),0.1,0.02696913454156799
S0_n500_s2003,Flow Duration,False,Wasserstein distance (normed),0.1,0.06358534528979638
S0_n500_s2003,Flow IAT Max,False,Wasserstein distance (normed),0.1,0.027961522807971845
S0_n500_s2003,Flow IAT Mean,False,Wasserstein distance (normed),0.1,0.07625058874618895
S0_n500_s2003,Flow IAT Min,False,Wasserstein distance (normed),0.1,0.042352156734732166
S0_n500_s2003,Flow IAT Std,False,Wasserstein distance (normed),0.1,0.04879887772538009
S0_n500_s2003,Flow Packets/s,False,Wasserstein distance (normed),0.1,0.035574772180324704
S0_n500_s2003,Fwd Header Length,False,Wasserstein distance (normed),0.1,0.06428352136089091
S0_n500_s2003,Fwd IAT Max,False,Wasserstein distance (normed),0.1,0.02868757719949847
S0_n500_s2003,Fwd IAT Mean,False,Wasserstein distance (normed),0.1,0.0847962865900738
S0_n500_s2003,Fwd IAT Min,False,Wasserstein distance (normed),0.1,0.097833889891385
S0_n500_s2003,Fwd IAT Std,False,Wasserstein distance (normed),0.1,0.07291960439494231
S0_n500_s2003,Fwd IAT Total,False,Wasserstein distance (normed),0.1,0.06563792846990334
S0_n500_s2003,Fwd Packet Length Max,False,Wasserstein distance (normed),0.1,0.03992156615480131
S0_n500_s2003,Fwd Packet Length Mean,False,Wasserstein distance (normed),0.1,0.027885767784835334
S0_n500_s2003,Fwd Packet Length Min,False,Wasserstein distance (normed),0.1,0.07077725315951684
S0_n500_s2003,Fwd Packet Length Std,False,Wasserstein distance (normed),0.1,0.04801027580385242
S0_n500_s2003,Fwd Packets/s,False,Wasserstein distance (normed),0.1,0.035863293317215196
S0_n500_s2003,Idle Max,False,Wasserstein distance (normed),0.1,0.028455044812607015
S0_n500_s2003,Idle Mean,False,Wasserstein distance (normed),0.1,0.030571354492239716
S0_n500_s2003,Idle Min,False,Wasserstein distance (normed),0.1,0.03449068019460096
S0_n500_s2003,Init_Win_bytes_backward,False,Wasserstein distance (normed),0.1,0.03073252972441941
S0_n500_s2003,Init_Win_bytes_forward,False,Wasserstein distance (normed),0.1,0.07335565342660565
S0_n500_s2003,Max Packet Length,False,Wasserstein distance (normed),0.1,0.04936856322745223
S0_n500_s2003,Min Packet Length,False,Wasserstein distance (normed),0.1,0.06055936051427646
S0_n500_s2003,PSH Flag Count,False,Jensen-Shannon distance,0.1,0.011261141230315972
S0_n500_s2003,Packet Length Mean,False,Wasserstein distance (normed),0.1,0.03480856166184523
S0_n500_s2003,Packet Length Std,False,Wasserstein distance (normed),0.1,0.040450251634957926
S0_n500_s2003,Packet Length Variance,False,Wasserstein distance (normed),0.1,0.03858389571661032
S0_n500_s2003,Subflow Fwd Bytes,False,Wasserstein distance (normed),0.1,0.040073356942968055
S0_n500_s2003,Total Fwd Packets,False,Wasserstein distance (normed),0.1,0.05075159436904983
S0_n500_s2003,Total Length of Fwd Packets,False,Wasserstein distance (normed),0.1,0.040073356942968055
S0_n500_s2003,act_data_pkt_fwd,False,Wasserstein distance (normed),0.1,0.04981994275133151
S0_n500_s2003,min_seg_size_forward,False,Wasserstein distance (normed),0.1,0.02995435117391959
S0_n500_s2004,ACK Flag Count,False,Jensen-Shannon distance,0.1,0.0005877111065158893
S0_n500_s2004,Active Max,False,Wasserstein distance (normed),0.1,0.04665571998107659
S0_n500_s2004,Active Mean,False,Wasserstein distance (normed),0.1,0.06330760141564191
S0_n500_s2004,Active Min,False,Wasserstein distance (normed),0.1,0.06817255371849866
S0_n500_s2004,Average Packet Size,False,Wasserstein distance (normed),0.1,0.013507545244953024
S0_n500_s2004,Bwd Header Length,False,Wasserstein distance (normed),0.1,0.030212862009006216
S0_n500_s2004,Bwd IAT Max,False,Wasserstein distance (normed),0.1,0.02877572799935238
S0_n500_s2004,Bwd IAT Mean,False,Wasserstein distance (normed),0.1,0.02175021131805796
S0_n500_s2004,Bwd IAT Min,False,Wasserstein distance (normed),0.1,0.013049721837674435
S0_n500_s2004,Bwd IAT Std,False,Wasserstein distance (normed),0.1,0.06137291054270894
S0_n500_s2004,Bwd IAT Total,False,Wasserstein distance (normed),0.1,0.014088292829045295
S0_n500_s2004,Bwd Packet Length Max,False,Wasserstein distance (normed),0.1,0.01821779307550466
S0_n500_s2004,Bwd Packet Length Mean,False,Wasserstein distance (normed),0.1,0.01609350151077378
S0_n500_s2004,Bwd Packet Length Min,False,Wasserstein distance (normed),0.1,0.030301498244749224
S0_n500_s2004,Bwd Packet Length Std,False,Wasserstein distance (normed),0.1,0.017390575627742485
S0_n500_s2004,Bwd Packets/s,False,Wasserstein distance (normed),0.1,0.049883971441870976
S0_n500_s2004,Destination Port,False,Wasserstein distance (normed),0.1,0.04924001312811153
S0_n500_s2004,FIN Flag Count,False,Jensen-Shannon distance,0.1,0.05403772186957238
S0_n500_s2004,Flow Bytes/s,False,Wasserstein distance (normed),0.1,0.0938605753519754
S0_n500_s2004,Flow Duration,False,Wasserstein distance (normed),0.1,0.016839421035933805
S0_n500_s2004,Flow IAT Max,False,Wasserstein distance (normed),0.1,0.025547753159765374
S0_n500_s2004,Flow IAT Mean,False,Wasserstein distance (normed),0.1,0.05736099480912297
S0_n500_s2004,Flow IAT Min,False,Wasserstein distance (normed),0.1,0.03992847090793706
S0_n500_s2004,Flow IAT Std,False,Wasserstein distance (normed),0.1,0.04006077719569946
S0_n500_s2004,Flow Packets/s,False,Wasserstein distance (normed),0.1,0.040443045222512033
S0_n500_s2004,Fwd Header Length,False,Wasserstein distance (normed),0.1,0.03902357717520181
S0_n500_s2004,Fwd IAT Max,False,Wasserstein distance (normed),0.1,0.02382766302365951
S0_n500_s2004,Fwd IAT Mean,False,Wasserstein distance (normed),0.1,0.056198104104076996
S0_n500_s2004,Fwd IAT Min,False,Wasserstein distance (normed),0.1,0.05083798596502437
S0_n500_s2004,Fwd IAT Std,False,Wasserstein distance (normed),0.1,0.04476470796073253
S0_n500_s2004,Fwd IAT Total,False,Wasserstein distance (normed),0.1,0.01546664821233188
S0_n500_s2004,Fwd Packet Length Max,False,Wasserstein distance (normed),0.1,0.03886287152601632
S0_n500_s2004,Fwd Packet Length Mean,False,Wasserstein distance (normed),0.1,0.021516554845905592
S0_n500_s2004,Fwd Packet Length Min,True,Wasserstein distance (normed),0.1,0.11904747605541122
S0_n500_s2004,Fwd Packet Length Std,False,Wasserstein distance (normed),0.1,0.05062824336539767
S0_n500_s2004,Fwd Packets/s,False,Wasserstein distance (normed),0.1,0.035230366559756275
S0_n500_s2004,Idle Max,False,Wasserstein distance (normed),0.1,0.02186533648932634
S0_n500_s2004,Idle Mean,False,Wasserstein distance (normed),0.1,0.03461122955593875
S0_n500_s2004,Idle Min,False,Wasserstein distance (normed),0.1,0.045791619487151186
S0_n500_s2004,Init_Win_bytes_backward,False,Wasserstein distance (normed),0.1,0.02934910028182569
S0_n500_s2004,Init_Win_bytes_forward,False,Wasserstein distance (normed),0.1,0.009346686700084894
S0_n500_s2004,Max Packet Length,False,Wasserstein distance (normed),0.1,0.021969586117193452
S0_n500_s2004,Min Packet Length,False,Wasserstein distance (normed),0.1,0.02927071410704152
S0_n500_s2004,PSH Flag Count,False,Jensen-Shannon distance,0.1,0.003923992250983333
S0_n500_s2004,Packet Length Mean,False,Wasserstein distance (normed),0.1,0.012722045411633813
S0_n500_s2004,Packet Length Std,False,Wasserstein distance (normed),0.1,0.014650577430094493
S0_n500_s2004,Packet Length Variance,False,Wasserstein distance (normed),0.1,0.018385434788391424
S0_n500_s2004,Subflow Fwd Bytes,False,Wasserstein distance (normed),0.1,0.03399879755390692
S0_n500_s2004,Total Fwd Packets,False,Wasserstein distance (normed),0.1,0.03773836504365263
S0_n500_s2004,Total Length of Fwd Packets,False,Wasserstein distance (normed),0.1,0.03399879755390692
S0_n500_s2004,act_data_pkt_fwd,True,Wasserstein distance (normed),0.1,0.11391882306946773
S0_n500_s2004,min_seg_size_forward,False,Wasserstein distance (normed),0.1,0.03583824158308249
S0_n500_s2005,ACK Flag Count,False,Jensen-Shannon distance,0.1,0.012402309402594968
S0_n500_s2005,Active Max,False,Wasserstein distance (normed),0.1,0.02281177646033201
S0_n500_s2005,Active Mean,False,Wasserstein distance (normed),0.1,0.04497267385539838
S0_n500_s2005,Active Min,False,Wasserstein distance (normed),0.1,0.045199974381193664
S0_n500_s2005,Average Packet Size,False,Wasserstein distance (normed),0.1,0.04942206984225601
S0_n500_s2005,Bwd Header Length,False,Wasserstein distance (normed),0.1,0.037351147826634734
S0_n500_s2005,Bwd IAT Max,False,Wasserstein distance (normed),0.1,0.03308515773119711
S0_n500_s2005,Bwd IAT Mean,False,Wasserstein distance (normed),0.1,0.031569969677519176
S0_n500_s2005,Bwd IAT Min,False,Wasserstein distance (normed),0.1,0.030655385615545254
S0_n500_s2005,Bwd IAT Std,False,Wasserstein distance (normed),0.1,0.06400399903912614
S0_n500_s2005,Bwd IAT Total,False,Wasserstein distance (normed),0.1,0.026580381891740716
S0_n500_s2005,Bwd Packet Length Max,False,Wasserstein distance (normed),0.1,0.06122836427133251
S0_n500_s2005,Bwd Packet Length Mean,False,Wasserstein distance (normed),0.1,0.060886915028366066
S0_n500_s2005,Bwd Packet Length Min,False,Wasserstein distance (normed),0.1,0.05479754021040299
S0_n500_s2005,Bwd Packet Length Std,False,Wasserstein distance (normed),0.1,0.07855901648337492
S0_n500_s2005,Bwd Packets/s,True,Wasserstein distance (normed),0.1,0.19154553778346206
S0_n500_s2005,Destination Port,False,Wasserstein distance (normed),0.1,0.017063987199166526
S0_n500_s2005,FIN Flag Count,False,Jensen-Shannon distance,0.1,0.010059493360239136
S0_n500_s2005,Flow Bytes/s,False,Wasserstein distance (normed),0.1,0.02493651603315404
S0_n500_s2005,Flow Duration,False,Wasserstein distance (normed),0.1,0.029348461208850936
S0_n500_s2005,Flow IAT Max,False,Wasserstein distance (normed),0.1,0.026196702952607724
S0_n500_s2005,Flow IAT Mean,False,Wasserstein distance (normed),0.1,0.05171232255915927
S0_n500_s2005,Flow IAT Min,False,Wasserstein distance (normed),0.1,0.04137281707904881
S0_n500_s2005,Flow IAT Std,False,Wasserstein distance (normed),0.1,0.03720919880815652
S0_n500_s2005,Flow Packets/s,False,Wasserstein distance (normed),0.1,0.03049293830691477
S0_n500_s2005,Fwd Header Length,False,Wasserstein distance (normed),0.1,0.03472286361482439
S0_n500_s2005,Fwd IAT Max,False,Wasserstein distance (normed),0.1,0.026236436947231642
S0_n500_s2005,Fwd IAT Mean,False,Wasserstein distance (normed),0.1,0.039291497581534655
S0_n500_s2005,Fwd IAT Min,False,Wasserstein distance (normed),0.1,0.04081228742314411
S0_n500_s2005,Fwd IAT Std,False,Wasserstein distance (normed),0.1,0.040590111802592255
S0_n500_s2005,Fwd IAT Total,False,Wasserstein distance (normed),0.1,0.029535434116640273
S0_n500_s2005,Fwd Packet Length Max,False,Wasserstein distance (normed),0.1,0.046203294463630674
S0_n500_s2005,Fwd Packet Length Mean,False,Wasserstein distance (normed),0.1,0.04258608699564209
S0_n500_s2005,Fwd Packet Length Min,False,Wasserstein distance (normed),0.1,0.05243920065659029
S0_n500_s2005,Fwd Packet Length Std,False,Wasserstein distance (normed),0.1,0.051121020893668934
S0_n500_s2005,Fwd Packets/s,False,Wasserstein distance (normed),0.1,0.050533088784064845
S0_n500_s2005,Idle Max,False,Wasserstein distance (normed),0.1,0.026045467993157677
S0_n500_s2005,Idle Mean,False,Wasserstein distance (normed),0.1,0.025564200608466855
S0_n500_s2005,Idle Min,False,Wasserstein distance (normed),0.1,0.021245578604045585
S0_n500_s2005,Init_Win_bytes_backward,False,Wasserstein distance (normed),0.1,0.028181283989863196
S0_n500_s2005,Init_Win_bytes_forward,False,Wasserstein distance (normed),0.1,0.022643935311144045
S0_n500_s2005,Max Packet Length,False,Wasserstein distance (normed),0.1,0.06929122129327378
S0_n500_s2005,Min Packet Length,False,Wasserstein distance (normed),0.1,0.06389643583756412
S0_n500_s2005,PSH Flag Count,False,Jensen-Shannon distance,0.1,0.0024166869797409484
S0_n500_s2005,Packet Length Mean,False,Wasserstein distance (normed),0.1,0.04763041302643641
S0_n500_s2005,Packet Length Std,False,Wasserstein distance (normed),0.1,0.07298568583591933
S0_n500_s2005,Packet Length Variance,False,Wasserstein distance (normed),0.1,0.08785040076773461
S0_n500_s2005,Subflow Fwd Bytes,False,Wasserstein distance (normed),0.1,0.03227556192065958
S0_n500_s2005,Total Fwd Packets,False,Wasserstein distance (normed),0.1,0.03588699839735856
S0_n500_s2005,Total Length of Fwd Packets,False,Wasserstein distance (normed),0.1,0.03227556192065958
S0_n500_s2005,act_data_pkt_fwd,False,Wasserstein distance (normed),0.1,0.037000166687704374
S0_n500_s2005,min_seg_size_forward,False,Wasserstein distance (normed),0.1,0.05108286673409519
S0_n500_s2006,ACK Flag Count,False,Jensen-Shannon distance,0.1,0.016864251338225472
S0_n500_s2006,Active Max,False,Wasserstein distance (normed),0.1,0.0683044398224379
S0_n500_s2006,Active Mean,False,Wasserstein distance (normed),0.1,0.056493973304885946
S0_n500_s2006,Active Min,False,Wasserstein distance (normed),0.1,0.05720197826053392
S0_n500_s2006,Average Packet Size,False,Wasserstein distance (normed),0.1,0.03469685757057878
S0_n500_s2006,Bwd Header Length,False,Wasserstein distance (normed),0.1,0.06297062608370312
S0_n500_s2006,Bwd IAT Max,False,Wasserstein distance (normed),0.1,0.019006483768909403
S0_n500_s2006,Bwd IAT Mean,False,Wasserstein distance (normed),0.1,0.029552105168075802
S0_n500_s2006,Bwd IAT Min,False,Wasserstein distance (normed),0.1,0.02618903411287313
S0_n500_s2006,Bwd IAT Std,False,Wasserstein distance (normed),0.1,0.026595252039905228
S0_n500_s2006,Bwd IAT Total,False,Wasserstein distance (normed),0.1,0.0175640463565002
S0_n500_s2006,Bwd Packet Length Max,False,Wasserstein distance (normed),0.1,0.03701891737460866
S0_n500_s2006,Bwd Packet Length Mean,False,Wasserstein distance (normed),0.1,0.04243012600222511
S0_n500_s2006,Bwd Packet Length Min,False,Wasserstein distance (normed),0.1,0.04965716296970316
S0_n500_s2006,Bwd Packet Length Std,False,Wasserstein distance (normed),0.1,0.026555417585255973
S0_n500_s2006,Bwd Packets/s,False,Wasserstein distance (normed),0.1,0.053491460918365374
S0_n500_s2006,Destination Port,False,Wasserstein distance (normed),0.1,0.05774853034807833
S0_n500_s2006,FIN Flag Count,False,Jensen-Shannon distance,0.1,0.05403772186957238
S0_n500_s2006,Flow Bytes/s,True,Wasserstein distance (normed),0.1,0.10081656151691208
S0_n500_s2006,Flow Duration,False,Wasserstein distance (normed),0.1,0.04114186069134511
S0_n500_s2006,Flow IAT Max,False,Wasserstein distance (normed),0.1,0.042144792648809055
S0_n500_s2006,Flow IAT Mean,False,Wasserstein distance (normed),0.1,0.03978214602429679
S0_n500_s2006,Flow IAT Min,False,Wasserstein distance (normed),0.1,0.0442556611077682
S0_n500_s2006,Flow IAT Std,False,Wasserstein distance (normed),0.1,0.03360597042677963
S0_n500_s2006,Flow Packets/s,False,Wasserstein distance (normed),0.1,0.05792039165277551
S0_n500_s2006,Fwd Header Length,False,Wasserstein distance (normed),0.1,0.061863245319590615
S0_n500_s2006,Fwd IAT Max,False,Wasserstein distance (normed),0.1,0.03945948102318273
S0_n500_s2006,Fwd IAT Mean,False,Wasserstein distance (normed),0.1,0.028441869100348936
S0_n500_s2006,Fwd IAT Min,False,Wasserstein distance (normed),0.1,0.020133720270542447
S0_n500_s2006,Fwd IAT Std,False,Wasserstein distance (normed),0.1,0.03520258419454153
S0_n500_s2006,Fwd IAT Total,False,Wasserstein distance (normed),0.1,0.03831141742348536
S0_n500_s2006,Fwd Packet Length Max,False,Wasserstein distance (normed),0.1,0.02861024985778178
S0_n500_s2006,Fwd Packet Length Mean,False,Wasserstein distance (normed),0.1,0.04940395804044837
S0_n500_s2006,Fwd Packet Length Min,False,Wasserstein distance (normed),0.1,0.027125603665177165
S0_n500_s2006,Fwd Packet Length Std,False,Wasserstein distance (normed),0.1,0.04581582853271967
S0_n500_s2006,Fwd Packets/s,False,Wasserstein distance (normed),0.1,0.059544064986287705
S0_n500_s2006,Idle Max,False,Wasserstein distance (normed),0.1,0.036236545437642466
S0_n500_s2006,Idle Mean,False,Wasserstein distance (normed),0.1,0.027911853328259264
S0_n500_s2006,Idle Min,False,Wasserstein distance (normed),0.1,0.015247872650642261
S0_n500_s2006,Init_Win_bytes_backward,False,Wasserstein distance (normed),0.1,0.034904100100565695
S0_n500_s2006,Init_Win_bytes_forward,False,Wasserstein distance (normed),0.1,0.07004776812472874
S0_n500_s2006,Max Packet Length,False,Wasserstein distance (normed),0.1,0.03303287843064111
S0_n500_s2006,Min Packet Length,False,Wasserstein distance (normed),0.1,0.045428433514241716
S0_n500_s2006,PSH Flag Count,False,Jensen-Shannon distance,0.1,0.009929931787222008
S0_n500_s2006,Packet Length Mean,False,Wasserstein distance (normed),0.1,0.03558626471343072
S0_n500_s2006,Packet Length Std,False,Wasserstein distance (normed),0.1,0.028921190879282004
S0_n500_s2006,Packet Length Variance,False,Wasserstein distance (normed),0.1,0.023438644496888254
S0_n500_s2006,Subflow Fwd Bytes,False,Wasserstein distance (normed),0.1,0.063968686014848
S0_n500_s2006,Total Fwd Packets,False,Wasserstein distance (normed),0.1,0.06620648115550119
S0_n500_s2006,Total Length of Fwd Packets,False,Wasserstein distance (normed),0.1,0.063968686014848
S0_n500_s2006,act_data_pkt_fwd,False,Wasserstein distance (normed),0.1,0.07488625285948067
S0_n500_s2006,min_seg_size_forward,False,Wasserstein distance (normed),0.1,0.06525769362889666
S0_n500_s2007,ACK Flag Count,False,Jensen-Shannon distance,0.1,0.0035304429104940907
S0_n500_s2007,Active Max,False,Wasserstein distance (normed),0.1,0.051621178081964876
S0_n500_s2007,Active Mean,False,Wasserstein distance (normed),0.1,0.041434274878686325
S0_n500_s2007,Active Min,False,Wasserstein distance (normed),0.1,0.0463054542727879
S0_n500_s2007,Average Packet Size,False,Wasserstein distance (normed),0.1,0.024302382888404625
S0_n500_s2007,Bwd Header Length,False,Wasserstein distance (normed),0.1,0.042258532420990855
S0_n500_s2007,Bwd IAT Max,False,Wasserstein distance (normed),0.1,0.04273911541335383
S0_n500_s2007,Bwd IAT Mean,False,Wasserstein distance (normed),0.1,0.04844047525908104
S0_n500_s2007,Bwd IAT Min,False,Wasserstein distance (normed),0.1,0.03683974160362723
S0_n500_s2007,Bwd IAT Std,False,Wasserstein distance (normed),0.1,0.04847217090479511
S0_n500_s2007,Bwd IAT Total,False,Wasserstein distance (normed),0.1,0.026490825251069855
S0_n500_s2007,Bwd Packet Length Max,False,Wasserstein distance (normed),0.1,0.02988126032472327
S0_n500_s2007,Bwd Packet Length Mean,False,Wasserstein distance (normed),0.1,0.024932948942772502
S0_n500_s2007,Bwd Packet Length Min,False,Wasserstein distance (normed),0.1,0.03827623101357259
S0_n500_s2007,Bwd Packet Length Std,False,Wasserstein distance (normed),0.1,0.028691719715439618
S0_n500_s2007,Bwd Packets/s,False,Wasserstein distance (normed),0.1,0.05875127742714566
S0_n500_s2007,Destination Port,False,Wasserstein distance (normed),0.1,0.02122046543809496
S0_n500_s2007,FIN Flag Count,False,Jensen-Shannon distance,0.1,0.020034754195753835
S0_n500_s2007,Flow Bytes/s,False,Wasserstein distance (normed),0.1,0.03576425801524849
S0_n500_s2007,Flow Duration,False,Wasserstein distance (normed),0.1,0.016351859775174137
S0_n500_s2007,Flow IAT Max,False,Wasserstein distance (normed),0.1,0.016353681472382905
S0_n500_s2007,Flow IAT Mean,False,Wasserstein distance (normed),0.1,0.06927822197648076
S0_n500_s2007,Flow IAT Min,False,Wasserstein distance (normed),0.1,0.04395718660513764
S0_n500_s2007,Flow IAT Std,False,Wasserstein distance (normed),0.1,0.037378909358582596
S0_n500_s2007,Flow Packets/s,False,Wasserstein distance (normed),0.1,0.045900241703510605
S0_n500_s2007,Fwd Header Length,False,Wasserstein distance (normed),0.1,0.04781394777873483
S0_n500_s2007,Fwd IAT Max,False,Wasserstein distance (normed),0.1,0.01778903373623922
S0_n500_s2007,Fwd IAT Mean,False,Wasserstein distance (normed),0.1,0.07010642194955781
S0_n500_s2007,Fwd IAT Min,False,Wasserstein distance (normed),0.1,0.07008572620879637
S0_n500_s2007,Fwd IAT Std,False,Wasserstein distance (normed),0.1,0.028644678948396608
S0_n500_s2007,Fwd IAT Total,False,Wasserstein distance (normed),0.1,0.016934139211970213
S0_n500_s2007,Fwd Packet Length Max,False,Wasserstein distance (normed),0.1,0.05690168229135383
S0_n500_s2007,Fwd Packet Length Mean,False,Wasserstein distance (normed),0.1,0.03711402574599137
S0_n500_s2007,Fwd Packet Length Min,False,Wasserstein distance (normed),0.1,0.07961248870791864
S0_n500_s2007,Fwd Packet Length Std,False,Wasserstein distance (normed),0.1,0.05812034186976014
S0_n500_s2007,Fwd Packets/s,False,Wasserstein distance (normed),0.1,0.04844019776033036
S0_n500_s2007,Idle Max,False,Wasserstein distance (normed),0.1,0.016590061354573242
S0_n500_s2007,Idle Mean,False,Wasserstein distance (normed),0.1,0.020694935115904013
S0_n500_s2007,Idle Min,False,Wasserstein distance (normed),0.1,0.01806388739852118
S0_n500_s2007,Init_Win_bytes_backward,False,Wasserstein distance (normed),0.1,0.09167815311497154
S0_n500_s2007,Init_Win_bytes_forward,False,Wasserstein distance (normed),0.1,0.03523344319881976
S0_n500_s2007,Max Packet Length,False,Wasserstein distance (normed),0.1,0.022107187910457654
S0_n500_s2007,Min Packet Length,False,Wasserstein distance (normed),0.1,0.0500204773351757
S0_n500_s2007,PSH Flag Count,False,Jensen-Shannon distance,0.1,0.008203515991400812
S0_n500_s2007,Packet Length Mean,False,Wasserstein distance (normed),0.1,0.02298317238938386
S0_n500_s2007,Packet Length Std,False,Wasserstein distance (normed),0.1,0.02579149025235221
S0_n500_s2007,Packet Length Variance,False,Wasserstein distance (normed),0.1,0.03580507981761479
S0_n500_s2007,Subflow Fwd Bytes,False,Wasserstein distance (normed),0.1,0.05850863895537864
S0_n500_s2007,Total Fwd Packets,False,Wasserstein distance (normed),0.1,0.042594848565089244
S0_n500_s2007,Total Length of Fwd Packets,False,Wasserstein distance (normed),0.1,0.05850863895537864
S0_n500_s2007,act_data_pkt_fwd,False,Wasserstein distance (normed),0.1,0.0470579584774609
S0_n500_s2007,min_seg_size_forward,False,Wasserstein distance (normed),0.1,0.03236139725039532
S0_n500_s2008,ACK Flag Count,False,Jensen-Shannon distance,0.1,0.0035304429104940907
S0_n500_s2008,Active Max,False,Wasserstein distance (normed),0.1,0.038679485294781005
S0_n500_s2008,Active Mean,False,Wasserstein distance (normed),0.1,0.028682999251978977
S0_n500_s2008,Active Min,False,Wasserstein distance (normed),0.1,0.031381793591329886
S0_n500_s2008,Average Packet Size,False,Wasserstein distance (normed),0.1,0.037391072629794395
S0_n500_s2008,Bwd Header Length,True,Wasserstein distance (normed),0.1,0.18653444330137728
S0_n500_s2008,Bwd IAT Max,False,Wasserstein distance (normed),0.1,0.037501187990155165
S0_n500_s2008,Bwd IAT Mean,False,Wasserstein distance (normed),0.1,0.03347059625366955
S0_n500_s2008,Bwd IAT Min,False,Wasserstein distance (normed),0.1,0.029086097104983687
S0_n500_s2008,Bwd IAT Std,False,Wasserstein distance (normed),0.1,0.03533944889134825
S0_n500_s2008,Bwd IAT Total,False,Wasserstein distance (normed),0.1,0.010028186103173799
S0_n500_s2008,Bwd Packet Length Max,False,Wasserstein distance (normed),0.1,0.01909756006269088
S0_n500_s2008,Bwd Packet Length Mean,False,Wasserstein distance (normed),0.1,0.028037783164143616
S0_n500_s2008,Bwd Packet Length Min,False,Wasserstein distance (normed),0.1,0.05526993279842286
S0_n500_s2008,Bwd Packet Length Std,False,Wasserstein distance (normed),0.1,0.017937812908147478
S0_n500_s2008,Bwd Packets/s,True,Wasserstein distance (normed),0.1,0.12117405324198077
S0_n500_s2008,Destination Port,False,Wasserstein distance (normed),0.1,0.04761925660465823
S0_n500_s2008,FIN Flag Count,False,Jensen-Shannon distance,0.1,0.03261659491910333
S0_n500_s2008,Flow Bytes/s,True,Wasserstein distance (normed),0.1,0.20962533192245247
S0_n500_s2008,Flow Duration,False,Wasserstein distance (normed),0.1,0.010734197126588615
S0_n500_s2008,Flow IAT Max,False,Wasserstein distance (normed),0.1,0.026562739821862302
S0_n500_s2008,Flow IAT Mean,False,Wasserstein distance (normed),0.1,0.0444172376269331
S0_n500_s2008,Flow IAT Min,False,Wasserstein distance (normed),0.1,0.024939528168519888
S0_n500_s2008,Flow IAT Std,False,Wasserstein distance (normed),0.1,0.04343763233520122
S0_n500_s2008,Flow Packets/s,False,Wasserstein distance (normed),0.1,0.06251056360165186
S0_n500_s2008,Fwd Header Length,True,Wasserstein distance (normed),0.1,0.1831784572261775
S0_n500_s2008,Fwd IAT Max,False,Wasserstein distance (normed),0.1,0.03035301680164541
S0_n500_s2008,Fwd IAT Mean,False,Wasserstein distance (normed),0.1,0.035724245386009365
S0_n500_s2008,Fwd IAT Min,False,Wasserstein distance (normed),0.1,0.0294190638926598
S0_n500_s2008,Fwd IAT Std,False,Wasserstein distance (normed),0.1,0.023152087609076624
S0_n500_s2008,Fwd IAT Total,False,Wasserstein distance (normed),0.1,0.012383277818894612
S0_n500_s2008,Fwd Packet Length Max,False,Wasserstein distance (normed),0.1,0.034086129673101574
S0_n500_s2008,Fwd Packet Length Mean,False,Wasserstein distance (normed),0.1,0.04289401513058571
S0_n500_s2008,Fwd Packet Length Min,False,Wasserstein distance (normed),0.1,0.03534094219360624
S0_n500_s2008,Fwd Packet Length Std,False,Wasserstein distance (normed),0.1,0.042854671150872804
S0_n500_s2008,Fwd Packets/s,False,Wasserstein distance (normed),0.1,0.04661870753541054
S0_n500_s2008,Idle Max,False,Wasserstein distance (normed),0.1,0.03284830773966648
S0_n500_s2008,Idle Mean,False,Wasserstein distance (normed),0.1,0.03986236704266928
S0_n500_s2008,Idle Min,False,Wasserstein distance (normed),0.1,0.042740495762435056
S0_n500_s2008,Init_Win_bytes_backward,False,Wasserstein distance (normed),0.1,0.06925270021925724
S0_n500_s2008,Init_Win_bytes_forward,False,Wasserstein distance (normed),0.1,0.056208532991040436
S0_n500_s2008,Max Packet Length,False,Wasserstein distance (normed),0.1,0.025065356128127034
S0_n500_s2008,Min Packet Length,False,Wasserstein distance (normed),0.1,0.06826030356801711
S0_n500_s2008,PSH Flag Count,False,Jensen-Shannon distance,0.1,0.02626849652419876
S0_n500_s2008,Packet Length Mean,False,Wasserstein distance (normed),0.1,0.03862332075260646
S0_n500_s2008,Packet Length Std,False,Wasserstein distance (normed),0.1,0.029916098508003718
S0_n500_s2008,Packet Length Variance,False,Wasserstein distance (normed),0.1,0.032082385651622594
S0_n500_s2008,Subflow Fwd Bytes,False,Wasserstein distance (normed),0.1,0.03102149278643856
S0_n500_s2008,Total Fwd Packets,True,Wasserstein distance (normed),0.1,0.12646980706239433
S0_n500_s2008,Total Length of Fwd Packets,False,Wasserstein distance (normed),0.1,0.03102149278643856
S0_n500_s2008,act_data_pkt_fwd,False,Wasserstein distance (normed),0.1,0.05133121716533635
S0_n500_s2008,min_seg_size_forward,False,Wasserstein distance (normed),0.1,0.015779524279118346
S0_n500_s2009,ACK Flag Count,False,Jensen-Shannon distance,0.1,0.01111638881777968
S0_n500_s2009,Active Max,False,Wasserstein distance (normed),0.1,0.04723229772405842
S0_n500_s2009,Active Mean,False,Wasserstein distance (normed),0.1,0.06203635134916699
S0_n500_s2009,Active Min,False,Wasserstein distance (normed),0.1,0.05774254273054745
S0_n500_s2009,Average Packet Size,False,Wasserstein distance (normed),0.1,0.02390546808895125
S0_n500_s2009,Bwd Header Length,False,Wasserstein distance (normed),0.1,0.026890434047805972
S0_n500_s2009,Bwd IAT Max,False,Wasserstein distance (normed),0.1,0.019784173159503173
S0_n500_s2009,Bwd IAT Mean,False,Wasserstein distance (normed),0.1,0.02489818814970072
S0_n500_s2009,Bwd IAT Min,False,Wasserstein distance (normed),0.1,0.03138715910308579
S0_n500_s2009,Bwd IAT Std,False,Wasserstein distance (normed),0.1,0.04072152543049958
S0_n500_s2009,Bwd IAT Total,False,Wasserstein distance (normed),0.1,0.017261118633996188
S0_n500_s2009,Bwd Packet Length Max,False,Wasserstein distance (normed),0.1,0.03426513277015557
S0_n500_s2009,Bwd Packet Length Mean,False,Wasserstein distance (normed),0.1,0.024897388893776733
S0_n500_s2009,Bwd Packet Length Min,False,Wasserstein distance (normed),0.1,0.05540046232932415
S0_n500_s2009,Bwd Packet Length Std,False,Wasserstein distance (normed),0.1,0.03744883120340414
S0_n500_s2009,Bwd Packets/s,False,Wasserstein distance (normed),0.1,0.03799796185052624
S0_n500_s2009,Destination Port,False,Wasserstein distance (normed),0.1,0.07077855737464009
S0_n500_s2009,FIN Flag Count,False,Jensen-Shannon distance,0.1,0.012700197302342422
S0_n500_s2009,Flow Bytes/s,False,Wasserstein distance (normed),0.1,0.026076947193311956
S0_n500_s2009,Flow Duration,False,Wasserstein distance (normed),0.1,0.02718295713642193
S0_n500_s2009,Flow IAT Max,False,Wasserstein distance (normed),0.1,0.03513267699153378
S0_n500_s2009,Flow IAT Mean,False,Wasserstein distance (normed),0.1,0.038881940751417626
S0_n500_s2009,Flow IAT Min,False,Wasserstein distance (normed),0.1,0.03997574931965454
S0_n500_s2009,Flow IAT Std,False,Wasserstein distance (normed),0.1,0.028622547818520704
S0_n500_s2009,Flow Packets/s,False,Wasserstein distance (normed),0.1,0.08055453008634358
S0_n500_s2009,Fwd Header Length,False,Wasserstein distance (normed),0.1,0.02905006047712995
S0_n500_s2009,Fwd IAT Max,False,Wasserstein distance (normed),0.1,0.03539656045400774
S0_n500_s2009,Fwd IAT Mean,False,Wasserstein distance (normed),0.1,0.026504263823794116
S0_n500_s2009,Fwd IAT Min,False,Wasserstein distance (normed),0.1,0.0243731252626648
S0_n500_s2009,Fwd IAT Std,False,Wasserstein distance (normed),0.1,0.0358282679324344
S0_n500_s2009,Fwd IAT Total,False,Wasserstein distance (normed),0.1,0.027229925373536447
S0_n500_s2009,Fwd Packet Length Max,False,Wasserstein distance (normed),0.1,0.029876057537083875
S0_n500_s2009,Fwd Packet Length Mean,False,Wasserstein distance (normed),0.1,0.06059928288724718
S0_n500_s2009,Fwd Packet Length Min,True,Wasserstein distance (normed),0.1,0.11090025807862745
S0_n500_s2009,Fwd Packet Length Std,False,Wasserstein distance (normed),0.1,0.031057673019632717
S0_n500_s2009,Fwd Packets/s,False,Wasserstein distance (normed),0.1,0.07624786679807039
S0_n500_s2009,Idle Max,False,Wasserstein distance (normed),0.1,0.036616917709845126
S0_n500_s2009,Idle Mean,False,Wasserstein distance (normed),0.1,0.04227133584114639
S0_n500_s2009,Idle Min,False,Wasserstein distance (normed),0.1,0.05322580091107733
S0_n500_s2009,Init_Win_bytes_backward,False,Wasserstein distance (normed),0.1,0.022149027014121542
S0_n500_s2009,Init_Win_bytes_forward,False,Wasserstein distance (normed),0.1,0.0197861380653906
S0_n500_s2009,Max Packet Length,False,Wasserstein distance (normed),0.1,0.0349126703156367
S0_n500_s2009,Min Packet Length,False,Wasserstein distance (normed),0.1,0.041364046902545304
S0_n500_s2009,PSH Flag Count,False,Jensen-Shannon distance,0.1,0.0006051469100884735
S0_n500_s2009,Packet Length Mean,False,Wasserstein distance (normed),0.1,0.022342855614706725
S0_n500_s2009,Packet Length Std,False,Wasserstein distance (normed),0.1,0.031824709051947876
S0_n500_s2009,Packet Length Variance,False,Wasserstein distance (normed),0.1,0.04211814117851677
S0_n500_s2009,Subflow Fwd Bytes,True,Wasserstein distance (normed),0.1,0.11793821158930999
S0_n500_s2009,Total Fwd Packets,False,Wasserstein distance (normed),0.1,0.036879760222182784
S0_n500_s2009,Total Length of Fwd Packets,True,Wasserstein distance (normed),0.1,0.11793821158930999
S0_n500_s2009,act_data_pkt_fwd,False,Wasserstein distance (normed),0.1,0.08239051201867723
S0_n500_s2009,min_seg_size_forward,False,Wasserstein distance (normed),0.1,0.03610569114713533
S0_n500_s2010,ACK Flag Count,False,Jensen-Shannon distance,0.1,0.03187526478658229
S0_n500_s2010,Active Max,False,Wasserstein distance (normed),0.1,0.030803163299928105
S0_n500_s2010,Active Mean,False,Wasserstein distance (normed),0.1,0.04435483511376606
S0_n500_s2010,Active Min,False,Wasserstein distance (normed),0.1,0.042074181420958916
S0_n500_s2010,Average Packet Size,False,Wasserstein distance (normed),0.1,0.030730734300424983
S0_n500_s2010,Bwd Header Length,False,Wasserstein distance (normed),0.1,0.026429899478926773
S0_n500_s2010,Bwd IAT Max,False,Wasserstein distance (normed),0.1,0.040643305755306565
S0_n500_s2010,Bwd IAT Mean,False,Wasserstein distance (normed),0.1,0.06562045860564904
S0_n500_s2010,Bwd IAT Min,False,Wasserstein distance (normed),0.1,0.06228826070342078
S0_n500_s2010,Bwd IAT Std,False,Wasserstein distance (normed),0.1,0.02827773492738626
S0_n500_s2010,Bwd IAT Total,False,Wasserstein distance (normed),0.1,0.05368973278065016
S0_n500_s2010,Bwd Packet Length Max,False,Wasserstein distance (normed),0.1,0.05503801132170781
S0_n500_s2010,Bwd Packet Length Mean,False,Wasserstein distance (normed),0.1,0.03380531153694276
S0_n500_s2010,Bwd Packet Length Min,False,Wasserstein distance (normed),0.1,0.050309810624205475
S0_n500_s2010,Bwd Packet Length Std,False,Wasserstein distance (normed),0.1,0.047144169023923585
S0_n500_s2010,Bwd Packets/s,False,Wasserstein distance (normed),0.1,0.06254026894087121
S0_n500_s2010,Destination Port,False,Wasserstein distance (normed),0.1,0.03928398279400049
S0_n500_s2010,FIN Flag Count,False,Jensen-Shannon distance,0.1,0.0015682575128543685
S0_n500_s2010,Flow Bytes/s,False,Wasserstein distance (normed),0.1,0.08929011458381811
S0_n500_s2010,Flow Duration,False,Wasserstein distance (normed),0.1,0.06480848020543974
S0_n500_s2010,Flow IAT Max,False,Wasserstein distance (normed),0.1,0.04513347096367223
S0_n500_s2010,Flow IAT Mean,False,Wasserstein distance (normed),0.1,0.08889486051576524
S0_n500_s2010,Flow IAT Min,False,Wasserstein distance (normed),0.1,0.04366985243167849
S0_n500_s2010,Flow IAT Std,False,Wasserstein distance (normed),0.1,0.06230936272547302
S0_n500_s2010,Flow Packets/s,False,Wasserstein distance (normed),0.1,0.03304414083412218
S0_n500_s2010,Fwd Header Length,False,Wasserstein distance (normed),0.1,0.03330128883963682
S0_n500_s2010,Fwd IAT Max,False,Wasserstein distance (normed),0.1,0.052307837224901475
S0_n500_s2010,Fwd IAT Mean,False,Wasserstein distance (normed),0.1,0.0914475759168633
S0_n500_s2010,Fwd IAT Min,False,Wasserstein distance (normed),0.1,0.08409640471895172
S0_n500_s2010,Fwd IAT Std,False,Wasserstein distance (normed),0.1,0.027090146163300424
S0_n500_s2010,Fwd IAT Total,False,Wasserstein distance (normed),0.1,0.07128426010213143
S0_n500_s2010,Fwd Packet Length Max,False,Wasserstein distance (normed),0.1,0.05606481940703115
S0_n500_s2010,Fwd Packet Length Mean,False,Wasserstein distance (normed),0.1,0.04513021234332443
S0_n500_s2010,Fwd Packet Length Min,False,Wasserstein distance (normed),0.1,0.025170543832955646
S0_n500_s2010,Fwd Packet Length Std,False,Wasserstein distance (normed),0.1,0.05098254987685805
S0_n500_s2010,Fwd Packets/s,False,Wasserstein distance (normed),0.1,0.026193999660073942
S0_n500_s2010,Idle Max,False,Wasserstein distance (normed),0.1,0.038792078783868235
S0_n500_s2010,Idle Mean,False,Wasserstein distance (normed),0.1,0.031034904628858273
S0_n500_s2010,Idle Min,False,Wasserstein distance (normed),0.1,0.02109077966313115
S0_n500_s2010,Init_Win_bytes_backward,False,Wasserstein distance (normed),0.1,0.06279615046027222
S0_n500_s2010,Init_Win_bytes_forward,False,Wasserstein distance (normed),0.1,0.0257867097015322
S0_n500_s2010,Max Packet Length,False,Wasserstein distance (normed),0.1,0.049325714731907305
S0_n500_s2010,Min Packet Length,False,Wasserstein distance (normed),0.1,0.04192022612309308
S0_n500_s2010,PSH Flag Count,False,Jensen-Shannon distance,0.1,0.01887261908034844
S0_n500_s2010,Packet Length Mean,False,Wasserstein distance (normed),0.1,0.029618494510344977
S0_n500_s2010,Packet Length Std,False,Wasserstein distance (normed),0.1,0.03955195880502253
S0_n500_s2010,Packet Length Variance,False,Wasserstein distance (normed),0.1,0.039961661944081836
S0_n500_s2010,Subflow Fwd Bytes,False,Wasserstein distance (normed),0.1,0.039737321600717225
S0_n500_s2010,Total Fwd Packets,False,Wasserstein distance (normed),0.1,0.03894577807384385
S0_n500_s2010,Total Length of Fwd Packets,False,Wasserstein distance (normed),0.1,0.039737321600717225
S0_n500_s2010,act_data_pkt_fwd,False,Wasserstein distance (normed),0.1,0.06368197703151394
S0_n500_s2010,min_seg_size_forward,False,Wasserstein distance (normed),0.1,0.012570129510483991
S0_n500_s2011,ACK Flag Count,False,Jensen-Shannon distance,0.1,0.0052772691863904935
S0_n500_s2011,Active Max,False,Wasserstein distance (normed),0.1,0.042441920723035445
S0_n500_s2011,Active Mean,False,Wasserstein distance (normed),0.1,0.04429065425285881
S0_n500_s2011,Active Min,False,Wasserstein distance (normed),0.1,0.03428446543603859
S0_n500_s2011,Average Packet Size,False,Wasserstein distance (normed),0.1,0.027463918962311245
S0_n500_s2011,Bwd Header Length,False,Wasserstein distance (normed),0.1,0.0293695454607989
S0_n500_s2011,Bwd IAT Max,False,Wasserstein distance (normed),0.1,0.068172500720549
S0_n500_s2011,Bwd IAT Mean,False,Wasserstein distance (normed),0.1,0.081291803614294
S0_n500_s2011,Bwd IAT Min,False,Wasserstein distance (normed),0.1,0.07973425701801584
S0_n500_s2011,Bwd IAT Std,False,Wasserstein distance (normed),0.1,0.028735954875066954
S0_n500_s2011,Bwd IAT Total,False,Wasserstein distance (normed),0.1,0.043606193690873936
S0_n500_s2011,Bwd Packet Length Max,False,Wasserstein distance (normed),0.1,0.029156883605830936
S0_n500_s2011,Bwd Packet Length Mean,False,Wasserstein distance (normed),0.1,0.026667777786549506
S0_n500_s2011,Bwd Packet Length Min,False,Wasserstein distance (normed),0.1,0.048594279646656496
S0_n500_s2011,Bwd Packet Length Std,False,Wasserstein distance (normed),0.1,0.029036183903110618
S0_n500_s2011,Bwd Packets/s,False,Wasserstein distance (normed),0.1,0.03037405079324805
S0_n500_s2011,Destination Port,False,Wasserstein distance (normed),0.1,0.03820400115241902
S0_n500_s2011,FIN Flag Count,False,Jensen-Shannon distance,0.1,0.0015682575128543685
S0_n500_s2011,Flow Bytes/s,False,Wasserstein distance (normed),0.1,0.04121407919551463
S0_n500_s2011,Flow Duration,False,Wasserstein distance (normed),0.1,0.048961129714791184
S0_n500_s2011,Flow IAT Max,False,Wasserstein distance (normed),0.1,0.06152314849540054
S0_n500_s2011,Flow IAT Mean,False,Wasserstein distance (normed),0.1,0.06165129025558521
S0_n500_s2011,Flow IAT Min,False,Wasserstein distance (normed),0.1,0.03347309964402106
S0_n500_s2011,Flow IAT Std,False,Wasserstein distance (normed),0.1,0.08187709700972662
S0_n500_s2011,Flow Packets/s,False,Wasserstein distance (normed),0.1,0.03406773717527711
S0_n500_s2011,Fwd Header Length,False,Wasserstein distance (normed),0.1,0.03980634303242519
S0_n500_s2011,Fwd IAT Max,False,Wasserstein distance (normed),0.1,0.06202133787196238
S0_n500_s2011,Fwd IAT Mean,False,Wasserstein distance (normed),0.1,0.09143730611498749
S0_n500_s2011,Fwd IAT Min,False,Wasserstein distance (normed),0.1,0.08463268817950838
S0_n500_s2011,Fwd IAT Std,False,Wasserstein distance (normed),0.1,0.028328584163025562
S0_n500_s2011,Fwd IAT Total,False,Wasserstein distance (normed),0.1,0.04921542999418477
S0_n500_s2011,Fwd Packet Length Max,False,Wasserstein distance (normed),0.1,0.06284908598056659
S0_n500_s2011,Fwd Packet Length Mean,False,Wasserstein distance (normed),0.1,0.05873308555671454
S0_n500_s2011,Fwd Packet Length Min,False,Wasserstein distance (normed),0.1,0.04551134055425832
S0_n500_s2011,Fwd Packet Length Std,False,Wasserstein distance (normed),0.1,0.052627625264199264
S0_n500_s2011,Fwd Packets/s,False,Wasserstein distance (normed),0.1,0.03235260167750962
S0_n500_s2011,Idle Max,False,Wasserstein distance (normed),0.1,0.06819677328249482
S0_n500_s2011,Idle Mean,False,Wasserstein distance (normed),0.1,0.060544771376383255
S0_n500_s2011,Idle Min,False,Wasserstein distance (normed),0.1,0.044485543105932265
S0_n500_s2011,Init_Win_bytes_backward,False,Wasserstein distance (normed),0.1,0.04945822851532194
S0_n500_s2011,Init_Win_bytes_forward,False,Wasserstein distance (normed),0.1,0.029756263962251044
S0_n500_s2011,Max Packet Length,False,Wasserstein distance (normed),0.1,0.03026813670232443
S0_n500_s2011,Min Packet Length,False,Wasserstein distance (normed),0.1,0.03498937737472663
S0_n500_s2011,PSH Flag Count,False,Jensen-Shannon distance,0.1,0.0006051469100884735
S0_n500_s2011,Packet Length Mean,False,Wasserstein distance (normed),0.1,0.02630100798475455
S0_n500_s2011,Packet Length Std,False,Wasserstein distance (normed),0.1,0.024888894700576168
S0_n500_s2011,Packet Length Variance,False,Wasserstein distance (normed),0.1,0.0289586068926184
S0_n500_s2011,Subflow Fwd Bytes,False,Wasserstein distance (normed),0.1,0.04823328628677645
S0_n500_s2011,Total Fwd Packets,False,Wasserstein distance (normed),0.1,0.050617437365695205
S0_n500_s2011,Total Length of Fwd Packets,False,Wasserstein distance (normed),0.1,0.04823328628677645
S0_n500_s2011,act_data_pkt_fwd,False,Wasserstein distance (normed),0.1,0.08947786789125156
S0_n500_s2011,min_seg_size_forward,False,Wasserstein distance (normed),0.1,0.06258319798836803
S0_n500_s2012,ACK Flag Count,False,Jensen-Shannon distance,0.1,0.009658939959991618
S0_n500_s2012,Active Max,False,Wasserstein distance (normed),0.1,0.04242444839880499
S0_n500_s2012,Active Mean,False,Wasserstein distance (normed),0.1,0.0360177920389278
S0_n500_s2012,Active Min,False,Wasserstein distance (normed),0.1,0.03705214711311439
S0_n500_s2012,Average Packet Size,False,Wasserstein distance (normed),0.1,0.03843212093184656
S0_n500_s2012,Bwd Header Length,True,Wasserstein distance (normed),0.1,0.12140468761552549
S0_n500_s2012,Bwd IAT Max,False,Wasserstein distance (normed),0.1,0.04527558429070317
S0_n500_s2012,Bwd IAT Mean,False,Wasserstein distance (normed),0.1,0.025602323452953265
S0_n500_s2012,Bwd IAT Min,False,Wasserstein distance (normed),0.1,0.01906528649835523
S0_n500_s2012,Bwd IAT Std,False,Wasserstein distance (normed),0.1,0.059531987679411154
S0_n500_s2012,Bwd IAT Total,False,Wasserstein distance (normed),0.1,0.031054458209709028
S0_n500_s2012,Bwd Packet Length Max,False,Wasserstein distance (normed),0.1,0.035160548600614974
S0_n500_s2012,Bwd Packet Length Mean,False,Wasserstein distance (normed),0.1,0.03069879718483667
S0_n500_s2012,Bwd Packet Length Min,False,Wasserstein distance (normed),0.1,0.0567119733302756
S0_n500_s2012,Bwd Packet Length Std,False,Wasserstein distance (normed),0.1,0.03511709581222704
S0_n500_s2012,Bwd Packets/s,False,Wasserstein distance (normed),0.1,0.08780945368252496
S0_n500_s2012,Destination Port,True,Wasserstein distance (normed),0.1,0.10269568406196775
S0_n500_s2012,FIN Flag Count,False,Jensen-Shannon distance,0.1,0.020034754195753835
S0_n500_s2012,Flow Bytes/s,True,Wasserstein distance (normed),0.1,0.10823731800616432
S0_n500_s2012,Flow Duration,False,Wasserstein distance (normed),0.1,0.04868889484436551
S0_n500_s2012,Flow IAT Max,False,Wasserstein distance (normed),0.1,0.06005763590819094
S0_n500_s2012,Flow IAT Mean,False,Wasserstein distance (normed),0.1,0.043118754794139506
S0_n500_s2012,Flow IAT Min,False,Wasserstein distance (normed),0.1,0.025670868614069094
S0_n500_s2012,Flow IAT Std,False,Wasserstein distance (normed),0.1,0.0498530836010283
S0_n500_s2012,Flow Packets/s,False,Wasserstein distance (normed),0.1,0.09532344988103827
S0_n500_s2012,Fwd Header Length,True,Wasserstein distance (normed),0.1,0.12748511635016108
S0_n500_s2012,Fwd IAT Max,False,Wasserstein distance (normed),0.1,0.0672186570470171
S0_n500_s2012,Fwd IAT Mean,False,Wasserstein distance (normed),0.1,0.04019179551940416
S0_n500_s2012,Fwd IAT Min,False,Wasserstein distance (normed),0.1,0.02589098923099846
S0_n500_s2012,Fwd IAT Std,False,Wasserstein distance (normed),0.1,0.049695661199386405
S0_n500_s2012,Fwd IAT Total,False,Wasserstein distance (normed),0.1,0.052581134177212996
S0_n500_s2012,Fwd Packet Length Max,False,Wasserstein distance (normed),0.1,0.030187778448141193
S0_n500_s2012,Fwd Packet Length Mean,False,Wasserstein distance (normed),0.1,0.04560094501729319
S0_n500_s2012,Fwd Packet Length Min,False,Wasserstein distance (normed),0.1,0.027765936850643432
S0_n500_s2012,Fwd Packet Length Std,False,Wasserstein distance (normed),0.1,0.0324964917383575
S0_n500_s2012,Fwd Packets/s,False,Wasserstein distance (normed),0.1,0.08854737348686284
S0_n500_s2012,Idle Max,False,Wasserstein distance (normed),0.1,0.0557417383174993
S0_n500_s2012,Idle Mean,False,Wasserstein distance (normed),0.1,0.048910156640361774
S0_n500_s2012,Idle Min,False,Wasserstein distance (normed),0.1,0.037036986658995845
S0_n500_s2012,Init_Win_bytes_backward,False,Wasserstein distance (normed),0.1,0.08664162636590514
S0_n500_s2012,Init_Win_bytes_forward,False,Wasserstein distance (normed),0.1,0.026241913438957747
S0_n500_s2012,Max Packet Length,False,Wasserstein distance (normed),0.1,0.036267601922395476
S0_n500_s2012,Min Packet Length,False,Wasserstein distance (normed),0.1,0.05371407779984034
S0_n500_s2012,PSH Flag Count,False,Jensen-Shannon distance,0.1,0.0024166869797409484
S0_n500_s2012,Packet Length Mean,False,Wasserstein distance (normed),0.1,0.03686604427616653
S0_n500_s2012,Packet Length Std,False,Wasserstein distance (normed),0.1,0.02885292931802789
S0_n500_s2012,Packet Length Variance,False,Wasserstein distance (normed),0.1,0.03800735415177019
S0_n500_s2012,Subflow Fwd Bytes,False,Wasserstein distance (normed),0.1,0.03196720731397598
S0_n500_s2012,Total Fwd Packets,True,Wasserstein distance (normed),0.1,0.11002215845111864
S0_n500_s2012,Total Length of Fwd Packets,False,Wasserstein distance (normed),0.1,0.03196720731397598
S0_n500_s2012,act_data_pkt_fwd,True,Wasserstein distance (normed),0.1,0.1242892923241905
S0_n500_s2012,min_seg_size_forward,False,Wasserstein distance (normed),0.1,0.05135031629814802
S0_n500_s2013,ACK Flag Count,False,Jensen-Shannon distance,0.1,0.009658939959991618
S0_n500_s2013,Active Max,True,Wasserstein distance (normed),0.1,0.11960773453821047
S0_n500_s2013,Active Mean,False,Wasserstein distance (normed),0.1,0.0487392413193418
S0_n500_s2013,Active Min,False,Wasserstein distance (normed),0.1,0.03251970846486925
S0_n500_s2013,Average Packet Size,False,Wasserstein distance (normed),0.1,0.026222500426760477
S0_n500_s2013,Bwd Header Length,False,Wasserstein distance (normed),0.1,0.03543125696156668
S0_n500_s2013,Bwd IAT Max,False,Wasserstein distance (normed),0.1,0.03134848789796563
S0_n500_s2013,Bwd IAT Mean,False,Wasserstein distance (normed),0.1,0.05749127649260027
S0_n500_s2013,Bwd IAT Min,False,Wasserstein distance (normed),0.1,0.060993016218116466
S0_n500_s2013,Bwd IAT Std,False,Wasserstein distance (normed),0.1,0.05755651146784154
S0_n500_s2013,Bwd IAT Total,False,Wasserstein distance (normed),0.1,0.02045072297311034
S0_n500_s2013,Bwd Packet Length Max,False,Wasserstein distance (normed),0.1,0.030186412768554462
S0_n500_s2013,Bwd Packet Length Mean,False,Wasserstein distance (normed),0.1,0.025612519728454405
S0_n500_s2013,Bwd Packet Length Min,False,Wasserstein distance (normed),0.1,0.02697610305276128
S0_n500_s2013,Bwd Packet Length Std,False,Wasserstein distance (normed),0.1,0.03677542265126691
S0_n500_s2013,Bwd Packets/s,False,Wasserstein distance (normed),0.1,0.0882876266559772
S0_n500_s2013,Destination Port,False,Wasserstein distance (normed),0.1,0.013875063060713486
S0_n500_s2013,FIN Flag Count,False,Jensen-Shannon distance,0.1,0.020034754195753835
S0_n500_s2013,Flow Bytes/s,False,Wasserstein distance (normed),0.1,0.027786781605770507
S0_n500_s2013,Flow Duration,False,Wasserstein distance (normed),0.1,0.03082355464071475
S0_n500_s2013,Flow IAT Max,False,Wasserstein distance (normed),0.1,0.017686638762412894
S0_n500_s2013,Flow IAT Mean,False,Wasserstein distance (normed),0.1,0.03801346086568187
S0_n500_s2013,Flow IAT Min,False,Wasserstein distance (normed),0.1,0.03247095586331214
S0_n500_s2013,Flow IAT Std,False,Wasserstein distance (normed),0.1,0.034551971434938517
S0_n500_s2013,Flow Packets/s,False,Wasserstein distance (normed),0.1,0.04052381011375419
S0_n500_s2013,Fwd Header Length,False,Wasserstein distance (normed),0.1,0.03864569020964545
S0_n500_s2013,Fwd IAT Max,False,Wasserstein distance (normed),0.1,0.01871952253214453
S0_n500_s2013,Fwd IAT Mean,False,Wasserstein distance (normed),0.1,0.057584276612605685
S0_n500_s2013,Fwd IAT Min,False,Wasserstein distance (normed),0.1,0.06123943554768392
S0_n500_s2013,Fwd IAT Std,False,Wasserstein distance (normed),0.1,0.049356098995230226
S0_n500_s2013,Fwd IAT Total,False,Wasserstein distance (normed),0.1,0.031210083911112362
S0_n500_s2013,Fwd Packet Length Max,False,Wasserstein distance (normed),0.1,0.030384378145840187
S0_n500_s2013,Fwd Packet Length Mean,False,Wasserstein distance (normed),0.1,0.03274237048213621
S0_n500_s2013,Fwd Packet Length Min,False,Wasserstein distance (normed),0.1,0.06272540395503674
S0_n500_s2013,Fwd Packet Length Std,False,Wasserstein distance (normed),0.1,0.02644855447240804
S0_n500_s2013,Fwd Packets/s,False,Wasserstein distance (normed),0.1,0.029347724922390284
S0_n500_s2013,Idle Max,False,Wasserstein distance (normed),0.1,0.01611077361666296
S0_n500_s2013,Idle Mean,False,Wasserstein distance (normed),0.1,0.01747174131967501
S0_n500_s2013,Idle Min,False,Wasserstein distance (normed),0.1,0.020887986340247935
S0_n500_s2013,Init_Win_bytes_backward,False,Wasserstein distance (normed),0.1,0.02698948928141702
S0_n500_s2013,Init_Win_bytes_forward,False,Wasserstein distance (normed),0.1,0.046269346244570346
S0_n500_s2013,Max Packet Length,False,Wasserstein distance (normed),0.1,0.03462516637234293
S0_n500_s2013,Min Packet Length,False,Wasserstein distance (normed),0.1,0.03520329245955247
S0_n500_s2013,PSH Flag Count,False,Jensen-Shannon distance,0.1,0.0006051469100884735
S0_n500_s2013,Packet Length Mean,False,Wasserstein distance (normed),0.1,0.02507938662429999
S0_n500_s2013,Packet Length Std,False,Wasserstein distance (normed),0.1,0.03526692954552349
S0_n500_s2013,Packet Length Variance,False,Wasserstein distance (normed),0.1,0.03921182643782369
S0_n500_s2013,Subflow Fwd Bytes,False,Wasserstein distance (normed),0.1,0.0316240540682935
S0_n500_s2013,Total Fwd Packets,False,Wasserstein distance (normed),0.1,0.042219208955696266
S0_n500_s2013,Total Length of Fwd Packets,False,Wasserstein distance (normed),0.1,0.0316240540682935
S0_n500_s2013,act_data_pkt_fwd,False,Wasserstein distance (normed),0.1,0.029391681706852423
S0_n500_s2013,min_seg_size_forward,False,Wasserstein distance (normed),0.1,0.04653622414519671
S0_n500_s2014,ACK Flag Count,False,Jensen-Shannon distance,0.1,0.02434218284042606
S0_n500_s2014,Active Max,False,Wasserstein distance (normed),0.1,0.02446613690713993
S0_n500_s2014,Active Mean,False,Wasserstein distance (normed),0.1,0.0450446557307776
S0_n500_s2014,Active Min,False,Wasserstein distance (normed),0.1,0.05929815294644298
S0_n500_s2014,Average Packet Size,False,Wasserstein distance (normed),0.1,0.05310184271177104
S0_n500_s2014,Bwd Header Length,False,Wasserstein distance (normed),0.1,0.09155367419635202
S0_n500_s2014,Bwd IAT Max,False,Wasserstein distance (normed),0.1,0.05672893193776336
S0_n500_s2014,Bwd IAT Mean,False,Wasserstein distance (normed),0.1,0.03821008583897329
S0_n500_s2014,Bwd IAT Min,False,Wasserstein distance (normed),0.1,0.03118241605228272
S0_n500_s2014,Bwd IAT Std,False,Wasserstein distance (normed),0.1,0.04937259336482833
S0_n500_s2014,Bwd IAT Total,False,Wasserstein distance (normed),0.1,0.0539648683107365
S0_n500_s2014,Bwd Packet Length Max,False,Wasserstein distance (normed),0.1,0.0558609482991115
S0_n500_s2014,Bwd Packet Length Mean,False,Wasserstein distance (normed),0.1,0.060903076881631074
S0_n500_s2014,Bwd Packet Length Min,False,Wasserstein distance (normed),0.1,0.08218387893170832
S0_n500_s2014,Bwd Packet Length Std,False,Wasserstein distance (normed),0.1,0.05552493469696644
S0_n500_s2014,Bwd Packets/s,False,Wasserstein distance (normed),0.1,0.03337443547646241
S0_n500_s2014,Destination Port,False,Wasserstein distance (normed),0.1,0.06887031178811982
S0_n500_s2014,FIN Flag Count,False,Jensen-Shannon distance,0.1,0.020034754195753835
S0_n500_s2014,Flow Bytes/s,True,Wasserstein distance (normed),0.1,0.18977719206303523
S0_n500_s2014,Flow Duration,False,Wasserstein distance (normed),0.1,0.034940622504502486
S0_n500_s2014,Flow IAT Max,False,Wasserstein distance (normed),0.1,0.027228527953731416
S0_n500_s2014,Flow IAT Mean,False,Wasserstein distance (normed),0.1,0.05698279002750082
S0_n500_s2014,Flow IAT Min,False,Wasserstein distance (normed),0.1,0.04007972614797295
S0_n500_s2014,Flow IAT Std,False,Wasserstein distance (normed),0.1,0.03260570457153445
S0_n500_s2014,Flow Packets/s,False,Wasserstein distance (normed),0.1,0.0702221935185657
S0_n500_s2014,Fwd Header Length,False,Wasserstein distance (normed),0.1,0.0685527443408059
S0_n500_s2014,Fwd IAT Max,False,Wasserstein distance (normed),0.1,0.02904977622150928
S0_n500_s2014,Fwd IAT Mean,False,Wasserstein distance (normed),0.1,0.05727618859308589
S0_n500_s2014,Fwd IAT Min,False,Wasserstein distance (normed),0.1,0.055507354038063984
S0_n500_s2014,Fwd IAT Std,False,Wasserstein distance (normed),0.1,0.03251692788073318
S0_n500_s2014,Fwd IAT Total,False,Wasserstein distance (normed),0.1,0.0372619582325554
S0_n500_s2014,Fwd Packet Length Max,False,Wasserstein distance (normed),0.1,0.031202842662731003
S0_n500_s2014,Fwd Packet Length Mean,False,Wasserstein distance (normed),0.1,0.03130626575645098
S0_n500_s2014,Fwd Packet Length Min,False,Wasserstein distance (normed),0.1,0.029250964876512037
S0_n500_s2014,Fwd Packet Length Std,False,Wasserstein distance (normed),0.1,0.029721678623173254
S0_n500_s2014,Fwd Packets/s,False,Wasserstein distance (normed),0.1,0.07096869359259357
S0_n500_s2014,Idle Max,False,Wasserstein distance (normed),0.1,0.026691730353588926
S0_n500_s2014,Idle Mean,False,Wasserstein distance (normed),0.1,0.030447598120454708
S0_n500_s2014,Idle Min,False,Wasserstein distance (normed),0.1,0.02689556518806828
S0_n500_s2014,Init_Win_bytes_backward,False,Wasserstein distance (normed),0.1,0.03864256634765265
S0_n500_s2014,Init_Win_bytes_forward,False,Wasserstein distance (normed),0.1,0.029838359925662816
S0_n500_s2014,Max Packet Length,False,Wasserstein distance (normed),0.1,0.0529902748666678
S0_n500_s2014,Min Packet Length,False,Wasserstein distance (normed),0.1,0.05036274147089777
S0_n500_s2014,PSH Flag Count,False,Jensen-Shannon distance,0.1,0.006931551026572744
S0_n500_s2014,Packet Length Mean,False,Wasserstein distance (normed),0.1,0.05086361710137482
S0_n500_s2014,Packet Length Std,False,Wasserstein distance (normed),0.1,0.04752533969227498
S0_n500_s2014,Packet Length Variance,False,Wasserstein distance (normed),0.1,0.04159368673518658
S0_n500_s2014,Subflow Fwd Bytes,False,Wasserstein distance (normed),0.1,0.032350871096472444
S0_n500_s2014,Total Fwd Packets,False,Wasserstein distance (normed),0.1,0.06980188884540589
S0_n500_s2014,Total Length of Fwd Packets,False,Wasserstein distance (normed),0.1,0.032350871096472444
S0_n500_s2014,act_data_pkt_fwd,True,Wasserstein distance (normed),0.1,0.13710906838781778
S0_n500_s2014,min_seg_size_forward,False,Wasserstein distance (normed),0.1,0.0358382415830825
S0_n500_s2015,ACK Flag Count,False,Jensen-Shannon distance,0.1,0.015479776445691047
S0_n500_s2015,Active Max,False,Wasserstein distance (normed),0.1,0.052200220930224674
S0_n500_s2015,Active Mean,False,Wasserstein distance (normed),0.1,0.049696494997692194
S0_n500_s2015,Active Min,False,Wasserstein distance (normed),0.1,0.047891812586270545
S0_n500_s2015,Average Packet Size,False,Wasserstein distance (normed),0.1,0.05686949347685846
S0_n500_s2015,Bwd Header Length,False,Wasserstein distance (normed),0.1,0.04428608071774498
S0_n500_s2015,Bwd IAT Max,False,Wasserstein distance (normed),0.1,0.0240020373863148
S0_n500_s2015,Bwd IAT Mean,False,Wasserstein distance (normed),0.1,0.04902740385290713
S0_n500_s2015,Bwd IAT Min,False,Wasserstein distance (normed),0.1,0.060030210059509356
S0_n500_s2015,Bwd IAT Std,False,Wasserstein distance (normed),0.1,0.06435708769190687
S0_n500_s2015,Bwd IAT Total,False,Wasserstein distance (normed),0.1,0.025028781352293
S0_n500_s2015,Bwd Packet Length Max,False,Wasserstein distance (normed),0.1,0.033375207761897216
S0_n500_s2015,Bwd Packet Length Mean,False,Wasserstein distance (normed),0.1,0.03936330844586585
S0_n500_s2015,Bwd Packet Length Min,False,Wasserstein distance (normed),0.1,0.054511618380810735
S0_n500_s2015,Bwd Packet Length Std,False,Wasserstein distance (normed),0.1,0.030624094894836872
S0_n500_s2015,Bwd Packets/s,False,Wasserstein distance (normed),0.1,0.04044167924012696
S0_n500_s2015,Destination Port,False,Wasserstein distance (normed),0.1,0.027806033085470007
S0_n500_s2015,FIN Flag Count,False,Jensen-Shannon distance,0.1,0.010059493360239136
S0_n500_s2015,Flow Bytes/s,False,Wasserstein distance (normed),0.1,0.02627872552051734
S0_n500_s2015,Flow Duration,False,Wasserstein distance (normed),0.1,0.05192494408349365
S0_n500_s2015,Flow IAT Max,False,Wasserstein distance (normed),0.1,0.05248614796345676
S0_n500_s2015,Flow IAT Mean,False,Wasserstein distance (normed),0.1,0.07513144229424085
S0_n500_s2015,Flow IAT Min,False,Wasserstein distance (normed),0.1,0.03451034641003425
S0_n500_s2015,Flow IAT Std,False,Wasserstein distance (normed),0.1,0.07800104491049654
S0_n500_s2015,Flow Packets/s,False,Wasserstein distance (normed),0.1,0.062365623397878864
S0_n500_s2015,Fwd Header Length,False,Wasserstein distance (normed),0.1,0.05664030761708214
S0_n500_s2015,Fwd IAT Max,False,Wasserstein distance (normed),0.1,0.05355194621159782
S0_n500_s2015,Fwd IAT Mean,False,Wasserstein distance (normed),0.1,0.07484133105510868
S0_n500_s2015,Fwd IAT Min,False,Wasserstein distance (normed),0.1,0.06393847244825665
S0_n500_s2015,Fwd IAT Std,False,Wasserstein distance (normed),0.1,0.09254564339818315
S0_n500_s2015,Fwd IAT Total,False,Wasserstein distance (normed),0.1,0.0544080556639699
S0_n500_s2015,Fwd Packet Length Max,False,Wasserstein distance (normed),0.1,0.04124256893639886
S0_n500_s2015,Fwd Packet Length Mean,False,Wasserstein distance (normed),0.1,0.03754610387743358
S0_n500_s2015,Fwd Packet Length Min,False,Wasserstein distance (normed),0.1,0.021280860334006245
S0_n500_s2015,Fwd Packet Length Std,False,Wasserstein distance (normed),0.1,0.04249865868338033
S0_n500_s2015,Fwd Packets/s,False,Wasserstein distance (normed),0.1,0.059878866005424525
S0_n500_s2015,Idle Max,False,Wasserstein distance (normed),0.1,0.038598358537571105
S0_n500_s2015,Idle Mean,False,Wasserstein distance (normed),0.1,0.03848178058154377
S0_n500_s2015,Idle Min,False,Wasserstein distance (normed),0.1,0.028367350385020258
S0_n500_s2015,Init_Win_bytes_backward,False,Wasserstein distance (normed),0.1,0.02153035497918181
S0_n500_s2015,Init_Win_bytes_forward,False,Wasserstein distance (normed),0.1,0.06295342094023489
S0_n500_s2015,Max Packet Length,False,Wasserstein distance (normed),0.1,0.02977720378175906
S0_n500_s2015,Min Packet Length,False,Wasserstein distance (normed),0.1,0.03316396865087708
S0_n500_s2015,PSH Flag Count,False,Jensen-Shannon distance,0.1,0.0189535553340179
S0_n500_s2015,Packet Length Mean,False,Wasserstein distance (normed),0.1,0.056468501421338746
S0_n500_s2015,Packet Length Std,False,Wasserstein distance (normed),0.1,0.031077054764317925
S0_n500_s2015,Packet Length Variance,False,Wasserstein distance (normed),0.1,0.025991695877200082
S0_n500_s2015,Subflow Fwd Bytes,False,Wasserstein distance (normed),0.1,0.03529654073757832
S0_n500_s2015,Total Fwd Packets,False,Wasserstein distance (normed),0.1,0.07133127868364744
S0_n500_s2015,Total Length of Fwd Packets,False,Wasserstein distance (normed),0.1,0.03529654073757832
S0_n500_s2015,act_data_pkt_fwd,False,Wasserstein distance (normed),0.1,0.08723701272565808
S0_n500_s2015,min_seg_size_forward,False,Wasserstein distance (normed),0.1,0.036640590275240977
S0_n500_s2016,ACK Flag Count,False,Jensen-Shannon distance,0.1,0.01537493113577974
S0_n500_s2016,Active Max,False,Wasserstein distance (normed),0.1,0.08825685660079692
S0_n500_s2016,Active Mean,False,Wasserstein distance (normed),0.1,0.07483236412897805
S0_n500_s2016,Active Min,False,Wasserstein distance (normed),0.1,0.053531355440572935
S0_n500_s2016,Average Packet Size,False,Wasserstein distance (normed),0.1,0.02687566365246467
S0_n500_s2016,Bwd Header Length,False,Wasserstein distance (normed),0.1,0.03065246318839099
S0_n500_s2016,Bwd IAT Max,False,Wasserstein distance (normed),0.1,0.09620074827640816
S0_n500_s2016,Bwd IAT Mean,False,Wasserstein distance (normed),0.1,0.08995026741839376
S0_n500_s2016,Bwd IAT Min,False,Wasserstein distance (normed),0.1,0.07549415524216678
S0_n500_s2016,Bwd IAT Std,False,Wasserstein distance (normed),0.1,0.0735247265589892
S0_n500_s2016,Bwd IAT Total,False,Wasserstein distance (normed),0.1,0.09511312770926911
S0_n500_s2016,Bwd Packet Length Max,False,Wasserstein distance (normed),0.1,0.038568152858675216
S0_n500_s2016,Bwd Packet Length Mean,False,Wasserstein distance (normed),0.1,0.035934130178966565
S0_n500_s2016,Bwd Packet Length Min,False,Wasserstein distance (normed),0.1,0.053380362446340056
S0_n500_s2016,Bwd Packet Length Std,False,Wasserstein distance (normed),0.1,0.038201040995436426
S0_n500_s2016,Bwd Packets/s,False,Wasserstein distance (normed),0.1,0.07894884129124331
S0_n500_s2016,Destination Port,False,Wasserstein distance (normed),0.1,0.012090653672189382
S0_n500_s2016,FIN Flag Count,False,Jensen-Shannon distance,0.1,0.005928705390099095
S0_n500_s2016,Flow Bytes/s,False,Wasserstein distance (normed),0.1,0.0327229181038731
S0_n500_s2016,Flow Duration,False,Wasserstein distance (normed),0.1,0.04097687525048907
S0_n500_s2016,Flow IAT Max,False,Wasserstein distance (normed),0.1,0.026131102252306068
S0_n500_s2016,Flow IAT Mean,False,Wasserstein distance (normed),0.1,0.07034901401520706
S0_n500_s2016,Flow IAT Min,False,Wasserstein distance (normed),0.1,0.040973735239024374
S0_n500_s2016,Flow IAT Std,False,Wasserstein distance (normed),0.1,0.03776236764579697
S0_n500_s2016,Flow Packets/s,False,Wasserstein distance (normed),0.1,0.04541816276999201
S0_n500_s2016,Fwd Header Length,False,Wasserstein distance (normed),0.1,0.05032869556142368
S0_n500_s2016,Fwd IAT Max,False,Wasserstein distance (normed),0.1,0.024895396240762
S0_n500_s2016,Fwd IAT Mean,False,Wasserstein distance (normed),0.1,0.07925652473809991
S0_n500_s2016,Fwd IAT Min,False,Wasserstein distance (normed),0.1,0.0821014460403094
S0_n500_s2016,Fwd IAT Std,False,Wasserstein distance (normed),0.1,0.026618717668523327
S0_n500_s2016,Fwd IAT Total,False,Wasserstein distance (normed),0.1,0.04012486750570601
S0_n500_s2016,Fwd Packet Length Max,False,Wasserstein distance (normed),0.1,0.030052681864428336
S0_n500_s2016,Fwd Packet Length Mean,False,Wasserstein distance (normed),0.1,0.03630641231631448
S0_n500_s2016,Fwd Packet Length Min,False,Wasserstein distance (normed),0.1,0.054183086778711274
S0_n500_s2016,Fwd Packet Length Std,False,Wasserstein distance (normed),0.1,0.03908972475682556
S0_n500_s2016,Fwd Packets/s,False,Wasserstein distance (normed),0.1,0.051965088850325344
S0_n500_s2016,Idle Max,False,Wasserstein distance (normed),0.1,0.027755661998145994
S0_n500_s2016,Idle Mean,False,Wasserstein distance (normed),0.1,0.03170336911866367
S0_n500_s2016,Idle Min,False,Wasserstein distance (normed),0.1,0.03654049520823097
S0_n500_s2016,Init_Win_bytes_backward,False,Wasserstein distance (normed),0.1,0.057753075388631885
S0_n500_s2016,Init_Win_bytes_forward,False,Wasserstein distance (normed),0.1,0.04935725725045438
S0_n500_s2016,Max Packet Length,False,Wasserstein distance (normed),0.1,0.03393364301837463
S0_n500_s2016,Min Packet Length,False,Wasserstein distance (normed),0.1,0.0477387164303638
S0_n500_s2016,PSH Flag Count,False,Jensen-Shannon distance,0.1,0.02479321700956468
S0_n500_s2016,Packet Length Mean,False,Wasserstein distance (normed),0.1,0.026503084360191175
S0_n500_s2016,Packet Length Std,False,Wasserstein distance (normed),0.1,0.03182457513215561
S0_n500_s2016,Packet Length Variance,False,Wasserstein distance (normed),0.1,0.02719425302104975
S0_n500_s2016,Subflow Fwd Bytes,False,Wasserstein distance (normed),0.1,0.032498150184760315
S0_n500_s2016,Total Fwd Packets,False,Wasserstein distance (normed),0.1,0.0551251126784102
S0_n500_s2016,Total Length of Fwd Packets,False,Wasserstein distance (normed),0.1,0.032498150184760315
S0_n500_s2016,act_data_pkt_fwd,False,Wasserstein distance (normed),0.1,0.05857491177039386
S0_n500_s2016,min_seg_size_forward,False,Wasserstein distance (normed),0.1,0.05536205975894099
S0_n500_s2017,ACK Flag Count,False,Jensen-Shannon distance,0.1,0.018381492067770174
S0_n500_s2017,Active Max,False,Wasserstein distance (normed),0.1,0.03926336268064222
S0_n500_s2017,Active Mean,False,Wasserstein distance (normed),0.1,0.02695068454469398
S0_n500_s2017,Active Min,False,Wasserstein distance (normed),0.1,0.02522978890945934
S0_n500_s2017,Average Packet Size,False,Wasserstein distance (normed),0.1,0.046719268109673424
S0_n500_s2017,Bwd Header Length,False,Wasserstein distance (normed),0.1,0.041579692504526054
S0_n500_s2017,Bwd IAT Max,False,Wasserstein distance (normed),0.1,0.018398436146491365
S0_n500_s2017,Bwd IAT Mean,False,Wasserstein distance (normed),0.1,0.053979167065798854
S0_n500_s2017,Bwd IAT Min,False,Wasserstein distance (normed),0.1,0.05488999039689473
S0_n500_s2017,Bwd IAT Std,False,Wasserstein distance (normed),0.1,0.03378729580584442
S0_n500_s2017,Bwd IAT Total,False,Wasserstein distance (normed),0.1,0.011301600554963428
S0_n500_s2017,Bwd Packet Length Max,False,Wasserstein distance (normed),0.1,0.0501325107671622
S0_n500_s2017,Bwd Packet Length Mean,False,Wasserstein distance (normed),0.1,0.052650114180187765
S0_n500_s2017,Bwd Packet Length Min,False,Wasserstein distance (normed),0.1,0.05885017136026414
S0_n500_s2017,Bwd Packet Length Std,False,Wasserstein distance (normed),0.1,0.04783274188554729
S0_n500_s2017,Bwd Packets/s,False,Wasserstein distance (normed),0.1,0.05590965151813023
S0_n500_s2017,Destination Port,False,Wasserstein distance (normed),0.1,0.0284323728940175
S0_n500_s2017,FIN Flag Count,False,Jensen-Shannon distance,0.1,0.010059493360239136
S0_n500_s2017,Flow Bytes/s,True,Wasserstein distance (normed),0.1,0.1652342217256052
S0_n500_s2017,Flow Duration,False,Wasserstein distance (normed),0.1,0.03837659054148653
S0_n500_s2017,Flow IAT Max,False,Wasserstein distance (normed),0.1,0.05229131924953259
S0_n500_s2017,Flow IAT Mean,False,Wasserstein distance (normed),0.1,0.03883124699053583
S0_n500_s2017,Flow IAT Min,False,Wasserstein distance (normed),0.1,0.03585443934113405
S0_n500_s2017,Flow IAT Std,False,Wasserstein distance (normed),0.1,0.041804272162612045
S0_n500_s2017,Flow Packets/s,False,Wasserstein distance (normed),0.1,0.07763138791526873
S0_n500_s2017,Fwd Header Length,False,Wasserstein distance (normed),0.1,0.04529470134169342
S0_n500_s2017,Fwd IAT Max,False,Wasserstein distance (normed),0.1,0.05155600137639348
S0_n500_s2017,Fwd IAT Mean,False,Wasserstein distance (normed),0.1,0.035637754672197444
S0_n500_s2017,Fwd IAT Min,False,Wasserstein distance (normed),0.1,0.029473920136959285
S0_n500_s2017,Fwd IAT Std,False,Wasserstein distance (normed),0.1,0.06095691620402433
S0_n500_s2017,Fwd IAT Total,False,Wasserstein distance (normed),0.1,0.03737740408222722
S0_n500_s2017,Fwd Packet Length Max,False,Wasserstein distance (normed),0.1,0.049393045708649524
S0_n500_s2017,Fwd Packet Length Mean,False,Wasserstein distance (normed),0.1,0.03368464794646114
S0_n500_s2017,Fwd Packet Length Min,False,Wasserstein distance (normed),0.1,0.07634951428410641
S0_n500_s2017,Fwd Packet Length Std,False,Wasserstein distance (normed),0.1,0.05578968527877175
S0_n500_s2017,Fwd Packets/s,False,Wasserstein distance (normed),0.1,0.08128312124580045
S0_n500_s2017,Idle Max,False,Wasserstein distance (normed),0.1,0.04802358822751232
S0_n500_s2017,Idle Mean,False,Wasserstein distance (normed),0.1,0.03505899182931342
S0_n500_s2017,Idle Min,False,Wasserstein distance (normed),0.1,0.01247759301594142
S0_n500_s2017,Init_Win_bytes_backward,False,Wasserstein distance (normed),0.1,0.018088104029701686
S0_n500_s2017,Init_Win_bytes_forward,False,Wasserstein distance (normed),0.1,0.09122322720675424
S0_n500_s2017,Max Packet Length,False,Wasserstein distance (normed),0.1,0.05553658388583412
S0_n500_s2017,Min Packet Length,False,Wasserstein distance (normed),0.1,0.054526955122179796
S0_n500_s2017,PSH Flag Count,False,Jensen-Shannon distance,0.1,0.0006051469100884735
S0_n500_s2017,Packet Length Mean,False,Wasserstein distance (normed),0.1,0.04816350080762246
S0_n500_s2017,Packet Length Std,False,Wasserstein distance (normed),0.1,0.054402293139340974
S0_n500_s2017,Packet Length Variance,False,Wasserstein distance (normed),0.1,0.04847931084053214
S0_n500_s2017,Subflow Fwd Bytes,False,Wasserstein distance (normed),0.1,0.031328968639611994
S0_n500_s2017,Total Fwd Packets,False,Wasserstein distance (normed),0.1,0.04455354081406659
S0_n500_s2017,Total Length of Fwd Packets,False,Wasserstein distance (normed),0.1,0.031328968639611994
S0_n500_s2017,act_data_pkt_fwd,False,Wasserstein distance (normed),0.1,0.04179455448385751
S0_n500_s2017,min_seg_size_forward,False,Wasserstein distance (normed),0.1,0.033966094634712424
S0_n500_s2018,ACK Flag Count,False,Jensen-Shannon distance,0.1,0.006480300238858072
S0_n500_s2018,Active Max,False,Wasserstein distance (normed),0.1,0.02554550900336961
S0_n500_s2018,Active Mean,False,Wasserstein distance (normed),0.1,0.040868641982467174
S0_n500_s2018,Active Min,False,Wasserstein distance (normed),0.1,0.03597484745063448
S0_n500_s2018,Average Packet Size,False,Wasserstein distance (normed),0.1,0.027545269614821725
S0_n500_s2018,Bwd Header Length,True,Wasserstein distance (normed),0.1,0.11063894444691946
S0_n500_s2018,Bwd IAT Max,False,Wasserstein distance (normed),0.1,0.06458766318273905
S0_n500_s2018,Bwd IAT Mean,False,Wasserstein distance (normed),0.1,0.0808543914337363
S0_n500_s2018,Bwd IAT Min,False,Wasserstein distance (normed),0.1,0.085873751415573
S0_n500_s2018,Bwd IAT Std,False,Wasserstein distance (normed),0.1,0.02812082564557189
S0_n500_s2018,Bwd IAT Total,False,Wasserstein distance (normed),0.1,0.03495502119534112
S0_n500_s2018,Bwd Packet Length Max,False,Wasserstein distance (normed),0.1,0.030133151793202917
S0_n500_s2018,Bwd Packet Length Mean,False,Wasserstein distance (normed),0.1,0.033229565294511494
S0_n500_s2018,Bwd Packet Length Min,False,Wasserstein distance (normed),0.1,0.034068207565019666
S0_n500_s2018,Bwd Packet Length Std,False,Wasserstein distance (normed),0.1,0.025265467137566718
S0_n500_s2018,Bwd Packets/s,False,Wasserstein distance (normed),0.1,0.04602186989292522
S0_n500_s2018,Destination Port,False,Wasserstein distance (normed),0.1,0.024994094605369107
S0_n500_s2018,FIN Flag Count,False,Jensen-Shannon distance,0.1,0.024679414928073035
S0_n500_s2018,Flow Bytes/s,False,Wasserstein distance (normed),0.1,0.0382279162255976
S0_n500_s2018,Flow Duration,False,Wasserstein distance (normed),0.1,0.042601646222861486
S0_n500_s2018,Flow IAT Max,False,Wasserstein distance (normed),0.1,0.05554890422476583
S0_n500_s2018,Flow IAT Mean,False,Wasserstein distance (normed),0.1,0.07832113532852471
S0_n500_s2018,Flow IAT Min,False,Wasserstein distance (normed),0.1,0.03812439223256367
S0_n500_s2018,Flow IAT Std,False,Wasserstein distance (normed),0.1,0.0617229877352657
S0_n500_s2018,Flow Packets/s,False,Wasserstein distance (normed),0.1,0.08416957647231713
S0_n500_s2018,Fwd Header Length,True,Wasserstein distance (normed),0.1,0.10875271962901932
S0_n500_s2018,Fwd IAT Max,False,Wasserstein distance (normed),0.1,0.060465282580110205
S0_n500_s2018,Fwd IAT Mean,False,Wasserstein distance (normed),0.1,0.09050090141405959
S0_n500_s2018,Fwd IAT Min,False,Wasserstein distance (normed),0.1,0.09503857464538952
S0_n500_s2018,Fwd IAT Std,False,Wasserstein distance (normed),0.1,0.030522644678363596
S0_n500_s2018,Fwd IAT Total,False,Wasserstein distance (normed),0.1,0.044773877137262795
S0_n500_s2018,Fwd Packet Length Max,False,Wasserstein distance (normed),0.1,0.027989962041512266
S0_n500_s2018,Fwd Packet Length Mean,False,Wasserstein distance (normed),0.1,0.021749895697950404
S0_n500_s2018,Fwd Packet Length Min,False,Wasserstein distance (normed),0.1,0.04421023801783217
S0_n500_s2018,Fwd Packet Length Std,False,Wasserstein distance (normed),0.1,0.02805294570536442
S0_n500_s2018,Fwd Packets/s,False,Wasserstein distance (normed),0.1,0.08557901445028127
S0_n500_s2018,Idle Max,False,Wasserstein distance (normed),0.1,0.05576115050983069
S0_n500_s2018,Idle Mean,False,Wasserstein distance (normed),0.1,0.05196237903475919
S0_n500_s2018,Idle Min,False,Wasserstein distance (normed),0.1,0.031464532545235596
S0_n500_s2018,Init_Win_bytes_backward,True,Wasserstein distance (normed),0.1,0.1246156378684229
S0_n500_s2018,Init_Win_bytes_forward,False,Wasserstein distance (normed),0.1,0.04709303219986198
S0_n500_s2018,Max Packet Length,False,Wasserstein distance (normed),0.1,0.03093113944884805
S0_n500_s2018,Min Packet Length,False,Wasserstein distance (normed),0.1,0.031794912107989626
S0_n500_s2018,PSH Flag Count,False,Jensen-Shannon distance,0.1,0.0036368453154222453
S0_n500_s2018,Packet Length Mean,False,Wasserstein distance (normed),0.1,0.029573786966375318
S0_n500_s2018,Packet Length Std,False,Wasserstein distance (normed),0.1,0.0298382489176662
S0_n500_s2018,Packet Length Variance,False,Wasserstein distance (normed),0.1,0.027937087423230696
S0_n500_s2018,Subflow Fwd Bytes,False,Wasserstein distance (normed),0.1,0.03147387509342245
S0_n500_s2018,Total Fwd Packets,False,Wasserstein distance (normed),0.1,0.09478192287003499
S0_n500_s2018,Total Length of Fwd Packets,False,Wasserstein distance (normed),0.1,0.03147387509342245
S0_n500_s2018,act_data_pkt_fwd,True,Wasserstein distance (normed),0.1,0.13971471392920537
S0_n500_s2018,min_seg_size_forward,False,Wasserstein distance (normed),0.1,0.011767780818325663
S0_n500_s2019,ACK Flag Count,False,Jensen-Shannon distance,0.1,0.007957972187084973
S0_n500_s2019,Active Max,False,Wasserstein distance (normed),0.1,0.0404558047387313
S0_n500_s2019,Active Mean,False,Wasserstein distance (normed),0.1,0.044700059724454864
S0_n500_s2019,Active Min,False,Wasserstein distance (normed),0.1,0.034892608520677576
S0_n500_s2019,Average Packet Size,False,Wasserstein distance (normed),0.1,0.05187237973721354
S0_n500_s2019,Bwd Header Length,False,Wasserstein distance (normed),0.1,0.08607809760143088
S0_n500_s2019,Bwd IAT Max,False,Wasserstein distance (normed),0.1,0.09220391190175643
S0_n500_s2019,Bwd IAT Mean,False,Wasserstein distance (normed),0.1,0.053826698581958626
S0_n500_s2019,Bwd IAT Min,False,Wasserstein distance (normed),0.1,0.04219657704145348
S0_n500_s2019,Bwd IAT Std,False,Wasserstein distance (normed),0.1,0.08189026281754372
S0_n500_s2019,Bwd IAT Total,False,Wasserstein distance (normed),0.1,0.025390513025106438
S0_n500_s2019,Bwd Packet Length Max,False,Wasserstein distance (normed),0.1,0.05323729618082671
S0_n500_s2019,Bwd Packet Length Mean,False,Wasserstein distance (normed),0.1,0.04317882377482043
S0_n500_s2019,Bwd Packet Length Min,False,Wasserstein distance (normed),0.1,0.0330488340856065
S0_n500_s2019,Bwd Packet Length Std,False,Wasserstein distance (normed),0.1,0.03989552525194414
S0_n500_s2019,Bwd Packets/s,False,Wasserstein distance (normed),0.1,0.05390634387721373
S0_n500_s2019,Destination Port,False,Wasserstein distance (normed),0.1,0.007360469985983295
S0_n500_s2019,FIN Flag Count,False,Jensen-Shannon distance,0.1,0.010059493360239136
S0_n500_s2019,Flow Bytes/s,False,Wasserstein distance (normed),0.1,0.026946587327835208
S0_n500_s2019,Flow Duration,False,Wasserstein distance (normed),0.1,0.023730745466878318
S0_n500_s2019,Flow IAT Max,False,Wasserstein distance (normed),0.1,0.056091845594897244
S0_n500_s2019,Flow IAT Mean,False,Wasserstein distance (normed),0.1,0.0791301521888282
S0_n500_s2019,Flow IAT Min,False,Wasserstein distance (normed),0.1,0.03994585141086683
S0_n500_s2019,Flow IAT Std,False,Wasserstein distance (normed),0.1,0.06275768303277995
S0_n500_s2019,Flow Packets/s,False,Wasserstein distance (normed),0.1,0.019892427334004443
S0_n500_s2019,Fwd Header Length,False,Wasserstein distance (normed),0.1,0.07920555784600863
S0_n500_s2019,Fwd IAT Max,False,Wasserstein distance (normed),0.1,0.055364789833002616
S0_n500_s2019,Fwd IAT Mean,False,Wasserstein distance (normed),0.1,0.08144837983769158
S0_n500_s2019,Fwd IAT Min,False,Wasserstein distance (normed),0.1,0.07763424572784738
S0_n500_s2019,Fwd IAT Std,False,Wasserstein distance (normed),0.1,0.030792228251866456
S0_n500_s2019,Fwd IAT Total,False,Wasserstein distance (normed),0.1,0.02456171623750013
S0_n500_s2019,Fwd Packet Length Max,False,Wasserstein distance (normed),0.1,0.04014129522870037
S0_n500_s2019,Fwd Packet Length Mean,False,Wasserstein distance (normed),0.1,0.039989601156634705
S0_n500_s2019,Fwd Packet Length Min,False,Wasserstein distance (normed),0.1,0.06944890240243252
S0_n500_s2019,Fwd Packet Length Std,False,Wasserstein distance (normed),0.1,0.043269856508618136
S0_n500_s2019,Fwd Packets/s,False,Wasserstein distance (normed),0.1,0.021167322566926064
S0_n500_s2019,Idle Max,False,Wasserstein distance (normed),0.1,0.05218177626110699
S0_n500_s2019,Idle Mean,False,Wasserstein distance (normed),0.1,0.05539229107189902
S0_n500_s2019,Idle Min,False,Wasserstein distance (normed),0.1,0.05356392909381385
S0_n500_s2019,Init_Win_bytes_backward,False,Wasserstein distance (normed),0.1,0.03751269180707379
S0_n500_s2019,Init_Win_bytes_forward,False,Wasserstein distance (normed),0.1,0.023817141767379518
S0_n500_s2019,Max Packet Length,False,Wasserstein distance (normed),0.1,0.04960159416221406
S0_n500_s2019,Min Packet Length,False,Wasserstein distance (normed),0.1,0.04651226994402746
S0_n500_s2019,PSH Flag Count,False,Jensen-Shannon distance,0.1,0.0144108703161773
S0_n500_s2019,Packet Length Mean,False,Wasserstein distance (normed),0.1,0.05460653954924807
S0_n500_s2019,Packet Length Std,False,Wasserstein distance (normed),0.1,0.047285540243052454
S0_n500_s2019,Packet Length Variance,False,Wasserstein distance (normed),0.1,0.04802974341306655
S0_n500_s2019,Subflow Fwd Bytes,False,Wasserstein distance (normed),0.1,0.029376641966289318
S0_n500_s2019,Total Fwd Packets,False,Wasserstein distance (normed),0.1,0.05407868805224484
S0_n500_s2019,Total Length of Fwd Packets,False,Wasserstein distance (normed),0.1,0.029376641966289318
S0_n500_s2019,act_data_pkt_fwd,False,Wasserstein distance (normed),0.1,0.05565658876403989
S0_n500_s2019,min_seg_size_forward,False,Wasserstein distance (normed),0.1,0.0379778380955054
S0_n500_s2020,ACK Flag Count,False,Jensen-Shannon distance,0.1,0.00500446670700146
S0_n500_s2020,Active Max,False,Wasserstein distance (normed),0.1,0.025095708510373085
S0_n500_s2020,Active Mean,False,Wasserstein distance (normed),0.1,0.02928949450728284
S0_n500_s2020,Active Min,False,Wasserstein distance (normed),0.1,0.026675442546838332
S0_n500_s2020,Average Packet Size,False,Wasserstein distance (normed),0.1,0.02808286242618695
S0_n500_s2020,Bwd Header Length,False,Wasserstein distance (normed),0.1,0.06880506078424478
S0_n500_s2020,Bwd IAT Max,False,Wasserstein distance (normed),0.1,0.04204057407065632
S0_n500_s2020,Bwd IAT Mean,False,Wasserstein distance (normed),0.1,0.03544224589309842
S0_n500_s2020,Bwd IAT Min,False,Wasserstein distance (normed),0.1,0.027295620012485904
S0_n500_s2020,Bwd IAT Std,False,Wasserstein distance (normed),0.1,0.06033085155835052
S0_n500_s2020,Bwd IAT Total,False,Wasserstein distance (normed),0.1,0.053867398360092904
S0_n500_s2020,Bwd Packet Length Max,False,Wasserstein distance (normed),0.1,0.03214224363661941
S0_n500_s2020,Bwd Packet Length Mean,False,Wasserstein distance (normed),0.1,0.03190023138795908
S0_n500_s2020,Bwd Packet Length Min,False,Wasserstein distance (normed),0.1,0.0194426844122205
S0_n500_s2020,Bwd Packet Length Std,False,Wasserstein distance (normed),0.1,0.039449741153499994
S0_n500_s2020,Bwd Packets/s,False,Wasserstein distance (normed),0.1,0.05015456936747629
S0_n500_s2020,Destination Port,False,Wasserstein distance (normed),0.1,0.02451127206427365
S0_n500_s2020,FIN Flag Count,False,Jensen-Shannon distance,0.1,0.05403772186957238
S0_n500_s2020,Flow Bytes/s,True,Wasserstein distance (normed),0.1,0.33553803117662206
S0_n500_s2020,Flow Duration,False,Wasserstein distance (normed),0.1,0.05960269654424856
S0_n500_s2020,Flow IAT Max,False,Wasserstein distance (normed),0.1,0.04384602840801382
S0_n500_s2020,Flow IAT Mean,False,Wasserstein distance (normed),0.1,0.04788430322817917
S0_n500_s2020,Flow IAT Min,False,Wasserstein distance (normed),0.1,0.017397849122025872
S0_n500_s2020,Flow IAT Std,False,Wasserstein distance (normed),0.1,0.054048396127279706
S0_n500_s2020,Flow Packets/s,False,Wasserstein distance (normed),0.1,0.04953482298436647
S0_n500_s2020,Fwd Header Length,False,Wasserstein distance (normed),0.1,0.07635341098692897
S0_n500_s2020,Fwd IAT Max,False,Wasserstein distance (normed),0.1,0.047098683692832106
S0_n500_s2020,Fwd IAT Mean,False,Wasserstein distance (normed),0.1,0.048169772328586484
S0_n500_s2020,Fwd IAT Min,False,Wasserstein distance (normed),0.1,0.036582505257893624
S0_n500_s2020,Fwd IAT Std,False,Wasserstein distance (normed),0.1,0.061772042051094475
S0_n500_s2020,Fwd IAT Total,False,Wasserstein distance (normed),0.1,0.06342564784969267
S0_n500_s2020,Fwd Packet Length Max,False,Wasserstein distance (normed),0.1,0.0663552891454111
S0_n500_s2020,Fwd Packet Length Mean,False,Wasserstein distance (normed),0.1,0.05479510847794589
S0_n500_s2020,Fwd Packet Length Min,False,Wasserstein distance (normed),0.1,0.0441966139075031
S0_n500_s2020,Fwd Packet Length Std,False,Wasserstein distance (normed),0.1,0.0711529055195794
S0_n500_s2020,Fwd Packets/s,False,Wasserstein distance (normed),0.1,0.04672169510936424
S0_n500_s2020,Idle Max,False,Wasserstein distance (normed),0.1,0.04664492286828859
S0_n500_s2020,Idle Mean,False,Wasserstein distance (normed),0.1,0.05345456384994677
S0_n500_s2020,Idle Min,False,Wasserstein distance (normed),0.1,0.06766536404949407
S0_n500_s2020,Init_Win_bytes_backward,False,Wasserstein distance (normed),0.1,0.030283873329247247
S0_n500_s2020,Init_Win_bytes_forward,False,Wasserstein distance (normed),0.1,0.03655056265360333
S0_n500_s2020,Max Packet Length,False,Wasserstein distance (normed),0.1,0.04356793124696042
S0_n500_s2020,Min Packet Length,False,Wasserstein distance (normed),0.1,0.03687183012119644
S0_n500_s2020,PSH Flag Count,False,Jensen-Shannon distance,0.1,0.009929931787222008
S0_n500_s2020,Packet Length Mean,False,Wasserstein distance (normed),0.1,0.02908594125878144
S0_n500_s2020,Packet Length Std,False,Wasserstein distance (normed),0.1,0.03601402467108274
S0_n500_s2020,Packet Length Variance,False,Wasserstein distance (normed),0.1,0.030854788053878153
S0_n500_s2020,Subflow Fwd Bytes,False,Wasserstein distance (normed),0.1,0.045457391823816216
S0_n500_s2020,Total Fwd Packets,False,Wasserstein distance (normed),0.1,0.06105485222668407
S0_n500_s2020,Total Length of Fwd Packets,False,Wasserstein distance (normed),0.1,0.045457391823816216
S0_n500_s2020,act_data_pkt_fwd,False,Wasserstein distance (normed),0.1,0.04992416857298712
S0_n500_s2020,min_seg_size_forward,False,Wasserstein distance (normed),0.1,0.02861710335365553
S0_n500_s2021,ACK Flag Count,False,Jensen-Shannon distance,0.1,0.0005877111065158893
S0_n500_s2021,Active Max,False,Wasserstein distance (normed),0.1,0.051022438411499546
S0_n500_s2021,Active Mean,False,Wasserstein distance (normed),0.1,0.05053956732975928
S0_n500_s2021,Active Min,False,Wasserstein distance (normed),0.1,0.03385178147543926
S0_n500_s2021,Average Packet Size,False,Wasserstein distance (normed),0.1,0.06739711773443414
S0_n500_s2021,Bwd Header Length,False,Wasserstein distance (normed),0.1,0.04178603591525764
S0_n500_s2021,Bwd IAT Max,False,Wasserstein distance (normed),0.1,0.048437740444261336
S0_n500_s2021,Bwd IAT Mean,False,Wasserstein distance (normed),0.1,0.04609466350059039
S0_n500_s2021,Bwd IAT Min,False,Wasserstein distance (normed),0.1,0.05578035641347992
S0_n500_s2021,Bwd IAT Std,False,Wasserstein distance (normed),0.1,0.03261825769200053
S0_n500_s2021,Bwd IAT Total,False,Wasserstein distance (normed),0.1,0.019693414895083618
S0_n500_s2021,Bwd Packet Length Max,False,Wasserstein distance (normed),0.1,0.061506062604157745
S0_n500_s2021,Bwd Packet Length Mean,False,Wasserstein distance (normed),0.1,0.0629877402285957
S0_n500_s2021,Bwd Packet Length Min,False,Wasserstein distance (normed),0.1,0.06661357060286757
S0_n500_s2021,Bwd Packet Length Std,False,Wasserstein distance (normed),0.1,0.07503631157625046
S0_n500_s2021,Bwd Packets/s,False,Wasserstein distance (normed),0.1,0.06021244316073619
S0_n500_s2021,Destination Port,False,Wasserstein distance (normed),0.1,0.08087540053363358
S0_n500_s2021,FIN Flag Count,False,Jensen-Shannon distance,0.1,0.005928705390099095
S0_n500_s2021,Flow Bytes/s,False,Wasserstein distance (normed),0.1,0.029921355933604152
S0_n500_s2021,Flow Duration,False,Wasserstein distance (normed),0.1,0.01837538785667764
S0_n500_s2021,Flow IAT Max,False,Wasserstein distance (normed),0.1,0.03380912208048091
S0_n500_s2021,Flow IAT Mean,False,Wasserstein distance (normed),0.1,0.04383171703026639
S0_n500_s2021,Flow IAT Min,False,Wasserstein distance (normed),0.1,0.03870400385220453
S0_n500_s2021,Flow IAT Std,False,Wasserstein distance (normed),0.1,0.04096201896979452
S0_n500_s2021,Flow Packets/s,False,Wasserstein distance (normed),0.1,0.03153461512807927
S0_n500_s2021,Fwd Header Length,False,Wasserstein distance (normed),0.1,0.03415603316649011
S0_n500_s2021,Fwd IAT Max,False,Wasserstein distance (normed),0.1,0.03505584703980557
S0_n500_s2021,Fwd IAT Mean,False,Wasserstein distance (normed),0.1,0.042790308555691464
S0_n500_s2021,Fwd IAT Min,False,Wasserstein distance (normed),0.1,0.045674477462935216
S0_n500_s2021,Fwd IAT Std,False,Wasserstein distance (normed),0.1,0.022957456388057604
S0_n500_s2021,Fwd IAT Total,False,Wasserstein distance (normed),0.1,0.01825713353315388
S0_n500_s2021,Fwd Packet Length Max,False,Wasserstein distance (normed),0.1,0.03701252143002653
S0_n500_s2021,Fwd Packet Length Mean,False,Wasserstein distance (normed),0.1,0.05392853360607549
S0_n500_s2021,Fwd Packet Length Min,False,Wasserstein distance (normed),0.1,0.05635613237619791
S0_n500_s2021,Fwd Packet Length Std,False,Wasserstein distance (normed),0.1,0.05085118436517372
S0_n500_s2021,Fwd Packets/s,False,Wasserstein distance (normed),0.1,0.031595567694974375
S0_n500_s2021,Idle Max,False,Wasserstein distance (normed),0.1,0.03828910871234921
S0_n500_s2021,Idle Mean,False,Wasserstein distance (normed),0.1,0.04092010425545334
S0_n500_s2021,Idle Min,False,Wasserstein distance (normed),0.1,0.043833958560782066
S0_n500_s2021,Init_Win_bytes_backward,False,Wasserstein distance (normed),0.1,0.025700191975822826
S0_n500_s2021,Init_Win_bytes_forward,False,Wasserstein distance (normed),0.1,0.016194868525631893
S0_n500_s2021,Max Packet Length,False,Wasserstein distance (normed),0.1,0.07106017479862625
S0_n500_s2021,Min Packet Length,False,Wasserstein distance (normed),0.1,0.05073352761792961
S0_n500_s2021,PSH Flag Count,False,Jensen-Shannon distance,0.1,0.012919398628494377
S0_n500_s2021,Packet Length Mean,False,Wasserstein distance (normed),0.1,0.06771566396163141
S0_n500_s2021,Packet Length Std,False,Wasserstein distance (normed),0.1,0.0826714819672736
S0_n500_s2021,Packet Length Variance,False,Wasserstein distance (normed),0.1,0.09331699730706043
S0_n500_s2021,Subflow Fwd Bytes,False,Wasserstein distance (normed),0.1,0.03941719169699881
S0_n500_s2021,Total Fwd Packets,False,Wasserstein distance (normed),0.1,0.0293669680343245
S0_n500_s2021,Total Length of Fwd Packets,False,Wasserstein distance (normed),0.1,0.03941719169699881
S0_n500_s2021,act_data_pkt_fwd,False,Wasserstein distance (normed),0.1,0.04940303946470956
S0_n500_s2021,min_seg_size_forward,False,Wasserstein distance (normed),0.1,0.06178084929620948
S0_n500_s2022,ACK Flag Count,False,Jensen-Shannon distance,0.1,0.006480300238858072
S0_n500_s2022,Active Max,False,Wasserstein distance (normed),0.1,0.03802465440304799
S0_n500_s2022,Active Mean,False,Wasserstein distance (normed),0.1,0.02805107596038344
S0_n500_s2022,Active Min,False,Wasserstein distance (normed),0.1,0.031217876735740616
S0_n500_s2022,Average Packet Size,False,Wasserstein distance (normed),0.1,0.022014466178525413
S0_n500_s2022,Bwd Header Length,False,Wasserstein distance (normed),0.1,0.041821921725819666
S0_n500_s2022,Bwd IAT Max,False,Wasserstein distance (normed),0.1,0.0438786714415007
S0_n500_s2022,Bwd IAT Mean,False,Wasserstein distance (normed),0.1,0.052910101071899314
S0_n500_s2022,Bwd IAT Min,False,Wasserstein distance (normed),0.1,0.04225940057683606
S0_n500_s2022,Bwd IAT Std,False,Wasserstein distance (normed),0.1,0.03159128480407937
S0_n500_s2022,Bwd IAT Total,False,Wasserstein distance (normed),0.1,0.028180890887005445
S0_n500_s2022,Bwd Packet Length Max,False,Wasserstein distance (normed),0.1,0.039302962139749785
S0_n500_s2022,Bwd Packet Length Mean,False,Wasserstein distance (normed),0.1,0.03318468819679258
S0_n500_s2022,Bwd Packet Length Min,False,Wasserstein distance (normed),0.1,0.0391526435781899
S0_n500_s2022,Bwd Packet Length Std,False,Wasserstein distance (normed),0.1,0.040949127125618184
S0_n500_s2022,Bwd Packets/s,False,Wasserstein distance (normed),0.1,0.06055015720454144
S0_n500_s2022,Destination Port,False,Wasserstein distance (normed),0.1,0.02823113054987062
S0_n500_s2022,FIN Flag Count,False,Jensen-Shannon distance,0.1,0.005928705390099095
S0_n500_s2022,Flow Bytes/s,True,Wasserstein distance (normed),0.1,0.1002367497931606
S0_n500_s2022,Flow Duration,False,Wasserstein distance (normed),0.1,0.013526042995761128
S0_n500_s2022,Flow IAT Max,False,Wasserstein distance (normed),0.1,0.01518254046790113
S0_n500_s2022,Flow IAT Mean,False,Wasserstein distance (normed),0.1,0.053125866929474505
S0_n500_s2022,Flow IAT Min,True,Wasserstein distance (normed),0.1,0.10657355215137498
S0_n500_s2022,Flow IAT Std,False,Wasserstein distance (normed),0.1,0.028851782967542153
S0_n500_s2022,Flow Packets/s,False,Wasserstein distance (normed),0.1,0.03713799240506218
S0_n500_s2022,Fwd Header Length,False,Wasserstein distance (normed),0.1,0.043225320339838155
S0_n500_s2022,Fwd IAT Max,False,Wasserstein distance (normed),0.1,0.013157914597990037
S0_n500_s2022,Fwd IAT Mean,False,Wasserstein distance (normed),0.1,0.021608955172088936
S0_n500_s2022,Fwd IAT Min,False,Wasserstein distance (normed),0.1,0.01970075315336308
S0_n500_s2022,Fwd IAT Std,False,Wasserstein distance (normed),0.1,0.014329513371591338
S0_n500_s2022,Fwd IAT Total,False,Wasserstein distance (normed),0.1,0.012080455868792705
S0_n500_s2022,Fwd Packet Length Max,False,Wasserstein distance (normed),0.1,0.0328539647228173
S0_n500_s2022,Fwd Packet Length Mean,False,Wasserstein distance (normed),0.1,0.028754616811634034
S0_n500_s2022,Fwd Packet Length Min,False,Wasserstein distance (normed),0.1,0.02326316838688586
S0_n500_s2022,Fwd Packet Length Std,False,Wasserstein distance (normed),0.1,0.032616773714243964
S0_n500_s2022,Fwd Packets/s,False,Wasserstein distance (normed),0.1,0.040909161821110596
S0_n500_s2022,Idle Max,False,Wasserstein distance (normed),0.1,0.025758772602595344
S0_n500_s2022,Idle Mean,False,Wasserstein distance (normed),0.1,0.038442513512625606
S0_n500_s2022,Idle Min,False,Wasserstein distance (normed),0.1,0.03718590144299697
S0_n500_s2022,Init_Win_bytes_backward,False,Wasserstein distance (normed),0.1,0.05580836803248161
S0_n500_s2022,Init_Win_bytes_forward,False,Wasserstein distance (normed),0.1,0.03386737249421084
S0_n500_s2022,Max Packet Length,False,Wasserstein distance (normed),0.1,0.035840874160769615
S0_n500_s2022,Min Packet Length,False,Wasserstein distance (normed),0.1,0.0389967199638028
S0_n500_s2022,PSH Flag Count,False,Jensen-Shannon distance,0.1,0.0144108703161773
S0_n500_s2022,Packet Length Mean,False,Wasserstein distance (normed),0.1,0.021034722843773727
S0_n500_s2022,Packet Length Std,False,Wasserstein distance (normed),0.1,0.03789679361564558
S0_n500_s2022,Packet Length Variance,False,Wasserstein distance (normed),0.1,0.04984848934863864
S0_n500_s2022,Subflow Fwd Bytes,False,Wasserstein distance (normed),0.1,0.03204787688620029
S0_n500_s2022,Total Fwd Packets,False,Wasserstein distance (normed),0.1,0.038140836053716064
S0_n500_s2022,Total Length of Fwd Packets,False,Wasserstein distance (normed),0.1,0.03204787688620029
S0_n500_s2022,act_data_pkt_fwd,False,Wasserstein distance (normed),0.1,0.04153398992971874
S0_n500_s2022,min_seg_size_forward,False,Wasserstein distance (normed),0.1,0.0933398978544464
S0_n500_s2023,ACK Flag Count,False,Jensen-Shannon distance,0.1,0.01111638881777968
S0_n500_s2023,Active Max,False,Wasserstein distance (normed),0.1,0.07735443039896606
S0_n500_s2023,Active Mean,False,Wasserstein distance (normed),0.1,0.06767918037718648
S0_n500_s2023,Active Min,False,Wasserstein distance (normed),0.1,0.05044857427726045
S0_n500_s2023,Average Packet Size,False,Wasserstein distance (normed),0.1,0.03897616160558466
S0_n500_s2023,Bwd Header Length,True,Wasserstein distance (normed),0.1,0.31699730759959927
S0_n500_s2023,Bwd IAT Max,False,Wasserstein distance (normed),0.1,0.03144303961077367
S0_n500_s2023,Bwd IAT Mean,False,Wasserstein distance (normed),0.1,0.034325661307526345
S0_n500_s2023,Bwd IAT Min,False,Wasserstein distance (normed),0.1,0.028809712325756687
S0_n500_s2023,Bwd IAT Std,False,Wasserstein distance (normed),0.1,0.044087406122696855
S0_n500_s2023,Bwd IAT Total,False,Wasserstein distance (normed),0.1,0.04100257549845012
S0_n500_s2023,Bwd Packet Length Max,False,Wasserstein distance (normed),0.1,0.026983890719708917
S0_n500_s2023,Bwd Packet Length Mean,False,Wasserstein distance (normed),0.1,0.01906478417732068
S0_n500_s2023,Bwd Packet Length Min,False,Wasserstein distance (normed),0.1,0.03771681873828493
S0_n500_s2023,Bwd Packet Length Std,False,Wasserstein distance (normed),0.1,0.03785185045759715
S0_n500_s2023,Bwd Packets/s,False,Wasserstein distance (normed),0.1,0.02556076748278066
S0_n500_s2023,Destination Port,False,Wasserstein distance (normed),0.1,0.03148691578109387
S0_n500_s2023,FIN Flag Count,False,Jensen-Shannon distance,0.1,0.012700197302342422
S0_n500_s2023,Flow Bytes/s,False,Wasserstein distance (normed),0.1,0.05084987012579452
S0_n500_s2023,Flow Duration,False,Wasserstein distance (normed),0.1,0.06486535324259671
S0_n500_s2023,Flow IAT Max,False,Wasserstein distance (normed),0.1,0.04676689768273451
S0_n500_s2023,Flow IAT Mean,False,Wasserstein distance (normed),0.1,0.06451922234662436
S0_n500_s2023,Flow IAT Min,False,Wasserstein distance (normed),0.1,0.04022833869147182
S0_n500_s2023,Flow IAT Std,False,Wasserstein distance (normed),0.1,0.04894578259468863
S0_n500_s2023,Flow Packets/s,False,Wasserstein distance (normed),0.1,0.023166613062856164
S0_n500_s2023,Fwd Header Length,True,Wasserstein distance (normed),0.1,0.34800915267829713
S0_n500_s2023,Fwd IAT Max,False,Wasserstein distance (normed),0.1,0.04925336765094528
S0_n500_s2023,Fwd IAT Mean,False,Wasserstein distance (normed),0.1,0.04939797249382587
S0_n500_s2023,Fwd IAT Min,False,Wasserstein distance (normed),0.1,0.03625734627750952
S0_n500_s2023,Fwd IAT Std,False,Wasserstein distance (normed),0.1,0.05983684651468216
S0_n500_s2023,Fwd IAT Total,False,Wasserstein distance (normed),0.1,0.06521824237253084
S0_n500_s2023,Fwd Packet Length Max,False,Wasserstein distance (normed),0.1,0.049057669753751316
S0_n500_s2023,Fwd Packet Length Mean,False,Wasserstein distance (normed),0.1,0.03223206391277036
S0_n500_s2023,Fwd Packet Length Min,False,Wasserstein distance (normed),0.1,0.020068314514719004
S0_n500_s2023,Fwd Packet Length Std,False,Wasserstein distance (normed),0.1,0.0382896597312021
S0_n500_s2023,Fwd Packets/s,False,Wasserstein distance (normed),0.1,0.024023497627761008
S0_n500_s2023,Idle Max,False,Wasserstein distance (normed),0.1,0.04878634288126889
S0_n500_s2023,Idle Mean,False,Wasserstein distance (normed),0.1,0.05301840390406045
S0_n500_s2023,Idle Min,False,Wasserstein distance (normed),0.1,0.053962568236718224
S0_n500_s2023,Init_Win_bytes_backward,False,Wasserstein distance (normed),0.1,0.01433312252788792
S0_n500_s2023,Init_Win_bytes_forward,False,Wasserstein distance (normed),0.1,0.022471686952090033
S0_n500_s2023,Max Packet Length,False,Wasserstein distance (normed),0.1,0.02955349949113794
S0_n500_s2023,Min Packet Length,False,Wasserstein distance (normed),0.1,0.032037349204126084
S0_n500_s2023,PSH Flag Count,False,Jensen-Shannon distance,0.1,0.005156482766874592
S0_n500_s2023,Packet Length Mean,False,Wasserstein distance (normed),0.1,0.03622300268938136
S0_n500_s2023,Packet Length Std,False,Wasserstein distance (normed),0.1,0.03560795352461476
S0_n500_s2023,Packet Length Variance,False,Wasserstein distance (normed),0.1,0.0445138284377817
S0_n500_s2023,Subflow Fwd Bytes,False,Wasserstein distance (normed),0.1,0.04755110993690909
S0_n500_s2023,Total Fwd Packets,True,Wasserstein distance (normed),0.1,0.23328561313333807
S0_n500_s2023,Total Length of Fwd Packets,False,Wasserstein distance (normed),0.1,0.04755110993690909
S0_n500_s2023,act_data_pkt_fwd,True,Wasserstein distance (normed),0.1,0.11089627424145797
S0_n500_s2023,min_seg_size_forward,False,Wasserstein distance (normed),0.1,0.013639927766695589
S0_n500_s2024,ACK Flag Count,False,Jensen-Shannon distance,0.1,0.003813515813040236
S0_n500_s2024,Active Max,False,Wasserstein distance (normed),0.1,0.03211774023054876
S0_n500_s2024,Active Mean,False,Wasserstein distance (normed),0.1,0.03208905131099667
S0_n500_s2024,Active Min,False,Wasserstein distance (normed),0.1,0.0335658276717898
S0_n500_s2024,Average Packet Size,False,Wasserstein distance (normed),0.1,0.02176057457530504
S0_n500_s2024,Bwd Header Length,False,Wasserstein distance (normed),0.1,0.057991469868222865
S0_n500_s2024,Bwd IAT Max,False,Wasserstein distance (normed),0.1,0.04552112877784241
S0_n500_s2024,Bwd IAT Mean,False,Wasserstein distance (normed),0.1,0.03696958362735452
S0_n500_s2024,Bwd IAT Min,False,Wasserstein distance (normed),0.1,0.022618127979353298
S0_n500_s2024,Bwd IAT Std,False,Wasserstein distance (normed),0.1,0.05550488716266913
S0_n500_s2024,Bwd IAT Total,False,Wasserstein distance (normed),0.1,0.027054851684412573
S0_n500_s2024,Bwd Packet Length Max,False,Wasserstein distance (normed),0.1,0.012186124887494414
S0_n500_s2024,Bwd Packet Length Mean,False,Wasserstein distance (normed),0.1,0.013706245881638372
S0_n500_s2024,Bwd Packet Length Min,False,Wasserstein distance (normed),0.1,0.0246017087287625
S0_n500_s2024,Bwd Packet Length Std,False,Wasserstein distance (normed),0.1,0.016139984630138285
S0_n500_s2024,Bwd Packets/s,False,Wasserstein distance (normed),0.1,0.09028784759296085
S0_n500_s2024,Destination Port,False,Wasserstein distance (normed),0.1,0.08564267371793652
S0_n500_s2024,FIN Flag Count,False,Jensen-Shannon distance,0.1,0.005928705390099095
S0_n500_s2024,Flow Bytes/s,True,Wasserstein distance (normed),0.1,0.47608261536215457
S0_n500_s2024,Flow Duration,False,Wasserstein distance (normed),0.1,0.055052109928569834
S0_n500_s2024,Flow IAT Max,False,Wasserstein distance (normed),0.1,0.07623891725975465
S0_n500_s2024,Flow IAT Mean,False,Wasserstein distance (normed),0.1,0.06990098175144667
S0_n500_s2024,Flow IAT Min,False,Wasserstein distance (normed),0.1,0.05602594713484171
S0_n500_s2024,Flow IAT Std,False,Wasserstein distance (normed),0.1,0.08075667251579464
S0_n500_s2024,Flow Packets/s,False,Wasserstein distance (normed),0.1,0.04406618409301689
S0_n500_s2024,Fwd Header Length,False,Wasserstein distance (normed),0.1,0.0722281449462743
S0_n500_s2024,Fwd IAT Max,False,Wasserstein distance (normed),0.1,0.07513520822127083
S0_n500_s2024,Fwd IAT Mean,False,Wasserstein distance (normed),0.1,0.04480475585944217
S0_n500_s2024,Fwd IAT Min,False,Wasserstein distance (normed),0.1,0.018929936617021942
S0_n500_s2024,Fwd IAT Std,False,Wasserstein distance (normed),0.1,0.07552824844601876
S0_n500_s2024,Fwd IAT Total,False,Wasserstein distance (normed),0.1,0.05246351278531435
S0_n500_s2024,Fwd Packet Length Max,False,Wasserstein distance (normed),0.1,0.03536928438455372
S0_n500_s2024,Fwd Packet Length Mean,False,Wasserstein distance (normed),0.1,0.025008769655624832
S0_n500_s2024,Fwd Packet Length Min,False,Wasserstein distance (normed),0.1,0.01774540370361261
S0_n500_s2024,Fwd Packet Length Std,False,Wasserstein distance (normed),0.1,0.038707473941067154
S0_n500_s2024,Fwd Packets/s,False,Wasserstein distance (normed),0.1,0.036931608406773106
S0_n500_s2024,Idle Max,False,Wasserstein distance (normed),0.1,0.08271262235820065
S0_n500_s2024,Idle Mean,False,Wasserstein distance (normed),0.1,0.08235964627356568
S0_n500_s2024,Idle Min,False,Wasserstein distance (normed),0.1,0.07646108694212
S0_n500_s2024,Init_Win_bytes_backward,False,Wasserstein distance (normed),0.1,0.06586110247086356
S0_n500_s2024,Init_Win_bytes_forward,False,Wasserstein distance (normed),0.1,0.0615252881379123
S0_n500_s2024,Max Packet Length,False,Wasserstein distance (normed),0.1,0.016516473007509427
S0_n500_s2024,Min Packet Length,False,Wasserstein distance (normed),0.1,0.030882207746064837
S0_n500_s2024,PSH Flag Count,False,Jensen-Shannon distance,0.1,0.0024166869797409484
S0_n500_s2024,Packet Length Mean,False,Wasserstein distance (normed),0.1,0.021742778152377566
S0_n500_s2024,Packet Length Std,False,Wasserstein distance (normed),0.1,0.016602162634878816
S0_n500_s2024,Packet Length Variance,False,Wasserstein distance (normed),0.1,0.024113638648264536
S0_n500_s2024,Subflow Fwd Bytes,False,Wasserstein distance (normed),0.1,0.034288786212229944
S0_n500_s2024,Total Fwd Packets,False,Wasserstein distance (normed),0.1,0.08002465250102661
S0_n500_s2024,Total Length of Fwd Packets,False,Wasserstein distance (normed),0.1,0.034288786212229944
S0_n500_s2024,act_data_pkt_fwd,True,Wasserstein distance (normed),0.1,0.10354835381474488
S0_n500_s2024,min_seg_size_forward,False,Wasserstein distance (normed),0.1,0.08317681442043791
S0_n1000_s42,ACK Flag Count,False,Jensen-Shannon distance,0.1,0.0005877111065158893
S0_n1000_s42,Active Max,False,Wasserstein distance (normed),0.1,0.033234254196244144
S0_n1000_s42,Active Mean,False,Wasserstein distance (normed),0.1,0.03215010608625231
S0_n1000_s42,Active Min,False,Wasserstein distance (normed),0.1,0.02680393576946912
S0_n1000_s42,Average Packet Size,False,Wasserstein distance (normed),0.1,0.027517835473795996
S0_n1000_s42,Bwd Header Length,False,Wasserstein distance (normed),0.1,0.07083260908099871
S0_n1000_s42,Bwd IAT Max,False,Wasserstein distance (normed),0.1,0.049004315596057786
S0_n1000_s42,Bwd IAT Mean,False,Wasserstein distance (normed),0.1,0.043727061859679284
S0_n1000_s42,Bwd IAT Min,False,Wasserstein distance (normed),0.1,0.029794881647855636
S0_n1000_s42,Bwd IAT Std,False,Wasserstein distance (normed),0.1,0.05150500421303796
S0_n1000_s42,Bwd IAT Total,False,Wasserstein distance (normed),0.1,0.030833722458539575
S0_n1000_s42,Bwd Packet Length Max,False,Wasserstein distance (normed),0.1,0.06052951987567568
S0_n1000_s42,Bwd Packet Length Mean,False,Wasserstein distance (normed),0.1,0.04471390772310439
S0_n1000_s42,Bwd Packet Length Min,False,Wasserstein distance (normed),0.1,0.026587622306033804
S0_n1000_s42,Bwd Packet Length Std,False,Wasserstein distance (normed),0.1,0.052699062008363835
S0_n1000_s42,Bwd Packets/s,False,Wasserstein distance (normed),0.1,0.035617557078963046
S0_n1000_s42,Destination Port,False,Wasserstein distance (normed),0.1,0.00718402215312545
S0_n1000_s42,FIN Flag Count,False,Jensen-Shannon distance,0.1,0.014815608873972317
S0_n1000_s42,Flow Bytes/s,False,Wasserstein distance (normed),0.1,0.027058238715832517
S0_n1000_s42,Flow Duration,False,Wasserstein distance (normed),0.1,0.009613414311394885
S0_n1000_s42,Flow IAT Max,False,Wasserstein distance (normed),0.1,0.009211748563092993
S0_n1000_s42,Flow IAT Mean,False,Wasserstein distance (normed),0.1,0.04446745757025863
S0_n1000_s42,Flow IAT Min,False,Wasserstein distance (normed),0.1,0.08369996225159602
S0_n1000_s42,Flow IAT Std,False,Wasserstein distance (normed),0.1,0.02794464420346858
S0_n1000_s42,Flow Packets/s,False,Wasserstein distance (normed),0.1,0.019406724754017154
S0_n1000_s42,Fwd Header Length,False,Wasserstein distance (normed),0.1,0.0670142045524698
S0_n1000_s42,Fwd IAT Max,False,Wasserstein distance (normed),0.1,0.009384666072157743
S0_n1000_s42,Fwd IAT Mean,False,Wasserstein distance (normed),0.1,0.029650386959980353
S0_n1000_s42,Fwd IAT Min,False,Wasserstein distance (normed),0.1,0.0273466073532864
S0_n1000_s42,Fwd IAT Std,False,Wasserstein distance (normed),0.1,0.02253854666887995
S0_n1000_s42,Fwd IAT Total,False,Wasserstein distance (normed),0.1,0.0078291440648771
S0_n1000_s42,Fwd Packet Length Max,False,Wasserstein distance (normed),0.1,0.0497045037858864
S0_n1000_s42,Fwd Packet Length Mean,False,Wasserstein distance (normed),0.1,0.047941748648144135
S0_n1000_s42,Fwd Packet Length Min,False,Wasserstein distance (normed),0.1,0.022360571077584847
S0_n1000_s42,Fwd Packet Length Std,False,Wasserstein distance (normed),0.1,0.045935107128793944
S0_n1000_s42,Fwd Packets/s,False,Wasserstein distance (normed),0.1,0.02250771209439131
S0_n1000_s42,Idle Max,False,Wasserstein distance (normed),0.1,0.011932156821805498
S0_n1000_s42,Idle Mean,False,Wasserstein distance (normed),0.1,0.01709808526227703
S0_n1000_s42,Idle Min,False,Wasserstein distance (normed),0.1,0.0162591835826573
S0_n1000_s42,Init_Win_bytes_backward,False,Wasserstein distance (normed),0.1,0.0390616589923809
S0_n1000_s42,Init_Win_bytes_forward,False,Wasserstein distance (normed),0.1,0.04938516375145011
S0_n1000_s42,Max Packet Length,False,Wasserstein distance (normed),0.1,0.04900536478098767
S0_n1000_s42,Min Packet Length,False,Wasserstein distance (normed),0.1,0.0528085039407443
S0_n1000_s42,PSH Flag Count,False,Jensen-Shannon distance,0.1,0.012919398628494377
S0_n1000_s42,Packet Length Mean,False,Wasserstein distance (normed),0.1,0.028610209769620375
S0_n1000_s42,Packet Length Std,False,Wasserstein distance (normed),0.1,0.038667992062815605
S0_n1000_s42,Packet Length Variance,False,Wasserstein distance (normed),0.1,0.04484931173446735
S0_n1000_s42,Subflow Fwd Bytes,False,Wasserstein distance (normed),0.1,0.03988161292707072
S0_n1000_s42,Total Fwd Packets,False,Wasserstein distance (normed),0.1,0.06660895216556513
S0_n1000_s42,Total Length of Fwd Packets,False,Wasserstein distance (normed),0.1,0.03988161292707072
S0_n1000_s42,act_data_pkt_fwd,True,Wasserstein distance (normed),0.1,0.10206313585615392
S0_n1000_s42,min_seg_size_forward,False,Wasserstein distance (normed),0.1,0.05402481193867672
S0_n1000_s123,ACK Flag Count,False,Jensen-Shannon distance,0.1,0.00500446670700146
S0_n1000_s123,Active Max,False,Wasserstein distance (normed),0.1,0.02055893974902326
S0_n1000_s123,Active Mean,False,Wasserstein distance (normed),0.1,0.027321439465505897
S0_n1000_s123,Active Min,False,Wasserstein distance (normed),0.1,0.03466591028427915
S0_n1000_s123,Average Packet Size,False,Wasserstein distance (normed),0.1,0.015864290635030663
S0_n1000_s123,Bwd Header Length,False,Wasserstein distance (normed),0.1,0.038708827659564835
S0_n1000_s123,Bwd IAT Max,False,Wasserstein distance (normed),0.1,0.07260872124973398
S0_n1000_s123,Bwd IAT Mean,False,Wasserstein distance (normed),0.1,0.05821664783479439
S0_n1000_s123,Bwd IAT Min,False,Wasserstein distance (normed),0.1,0.04423502024295976
S0_n1000_s123,Bwd IAT Std,False,Wasserstein distance (normed),0.1,0.05874370484904515
S0_n1000_s123,Bwd IAT Total,False,Wasserstein distance (normed),0.1,0.06466989049742654
S0_n1000_s123,Bwd Packet Length Max,False,Wasserstein distance (normed),0.1,0.02250550749713859
S0_n1000_s123,Bwd Packet Length Mean,False,Wasserstein distance (normed),0.1,0.011642094412748567
S0_n1000_s123,Bwd Packet Length Min,False,Wasserstein distance (normed),0.1,0.03736252429726932
S0_n1000_s123,Bwd Packet Length Std,False,Wasserstein distance (normed),0.1,0.02317342706770086
S0_n1000_s123,Bwd Packets/s,False,Wasserstein distance (normed),0.1,0.040104250614333814
S0_n1000_s123,Destination Port,False,Wasserstein distance (normed),0.1,0.03101917221180432
S0_n1000_s123,FIN Flag Count,False,Jensen-Shannon distance,0.1,0.009393048096721937
S0_n1000_s123,Flow Bytes/s,False,Wasserstein distance (normed),0.1,0.02387428837018028
S0_n1000_s123,Flow Duration,False,Wasserstein distance (normed),0.1,0.054449842102877
S0_n1000_s123,Flow IAT Max,False,Wasserstein distance (normed),0.1,0.04667040878225867
S0_n1000_s123,Flow IAT Mean,False,Wasserstein distance (normed),0.1,0.04242604139226016
S0_n1000_s123,Flow IAT Min,False,Wasserstein distance (normed),0.1,0.023392624306287826
S0_n1000_s123,Flow IAT Std,False,Wasserstein distance (normed),0.1,0.054848587593494515
S0_n1000_s123,Flow Packets/s,False,Wasserstein distance (normed),0.1,0.02312943745246269
S0_n1000_s123,Fwd Header Length,False,Wasserstein distance (normed),0.1,0.03870642204339561
S0_n1000_s123,Fwd IAT Max,False,Wasserstein distance (normed),0.1,0.04702615219569069
S0_n1000_s123,Fwd IAT Mean,False,Wasserstein distance (normed),0.1,0.0594448890723527
S0_n1000_s123,Fwd IAT Min,False,Wasserstein distance (normed),0.1,0.04963154088699921
S0_n1000_s123,Fwd IAT Std,False,Wasserstein distance (normed),0.1,0.03000068750867198
S0_n1000_s123,Fwd IAT Total,False,Wasserstein distance (normed),0.1,0.05413811561409599
S0_n1000_s123,Fwd Packet Length Max,False,Wasserstein distance (normed),0.1,0.035515945656366475
S0_n1000_s123,Fwd Packet Length Mean,False,Wasserstein distance (normed),0.1,0.02841031028238209
S0_n1000_s123,Fwd Packet Length Min,False,Wasserstein distance (normed),0.1,0.025541800839424263
S0_n1000_s123,Fwd Packet Length Std,False,Wasserstein distance (normed),0.1,0.04140680158198053
S0_n1000_s123,Fwd Packets/s,False,Wasserstein distance (normed),0.1,0.023330016061606472
S0_n1000_s123,Idle Max,False,Wasserstein distance (normed),0.1,0.048807955829140916
S0_n1000_s123,Idle Mean,False,Wasserstein distance (normed),0.1,0.04532028075685299
S0_n1000_s123,Idle Min,False,Wasserstein distance (normed),0.1,0.03564780406806225
S0_n1000_s123,Init_Win_bytes_backward,False,Wasserstein distance (normed),0.1,0.05425268400159309
S0_n1000_s123,Init_Win_bytes_forward,False,Wasserstein distance (normed),0.1,0.02358515940509676
S0_n1000_s123,Max Packet Length,False,Wasserstein distance (normed),0.1,0.02847782653357738
S0_n1000_s123,Min Packet Length,False,Wasserstein distance (normed),0.1,0.037164180737125484
S0_n1000_s123,PSH Flag Count,False,Jensen-Shannon distance,0.1,0.008203515991400812
S0_n1000_s123,Packet Length Mean,False,Wasserstein distance (normed),0.1,0.014482390830061007
S0_n1000_s123,Packet Length Std,False,Wasserstein distance (normed),0.1,0.024311273433437624
S0_n1000_s123,Packet Length Variance,False,Wasserstein distance (normed),0.1,0.03419512305086936
S0_n1000_s123,Subflow Fwd Bytes,False,Wasserstein distance (normed),0.1,0.025519968561293845
S0_n1000_s123,Total Fwd Packets,False,Wasserstein distance (normed),0.1,0.03789935344767775
S0_n1000_s123,Total Length of Fwd Packets,False,Wasserstein distance (normed),0.1,0.025519968561293845
S0_n1000_s123,act_data_pkt_fwd,False,Wasserstein distance (normed),0.1,0.040361449436094106
S0_n1000_s123,min_seg_size_forward,False,Wasserstein distance (normed),0.1,0.01430855167682788
S0_n1000_s456,ACK Flag Count,False,Jensen-Shannon distance,0.1,0.013144721984890308
S0_n1000_s456,Active Max,False,Wasserstein distance (normed),0.1,0.06432243333481745
S0_n1000_s456,Active Mean,False,Wasserstein distance (normed),0.1,0.049021177568766554
S0_n1000_s456,Active Min,False,Wasserstein distance (normed),0.1,0.03480096239610733
S0_n1000_s456,Average Packet Size,False,Wasserstein distance (normed),0.1,0.02277428697711946
S0_n1000_s456,Bwd Header Length,False,Wasserstein distance (normed),0.1,0.057155629530549194
S0_n1000_s456,Bwd IAT Max,False,Wasserstein distance (normed),0.1,0.05602755509751192
S0_n1000_s456,Bwd IAT Mean,False,Wasserstein distance (normed),0.1,0.04739330088945111
S0_n1000_s456,Bwd IAT Min,False,Wasserstein distance (normed),0.1,0.044553393749497516
S0_n1000_s456,Bwd IAT Std,False,Wasserstein distance (normed),0.1,0.030173989548962377
S0_n1000_s456,Bwd IAT Total,False,Wasserstein distance (normed),0.1,0.0146423581049357
S0_n1000_s456,Bwd Packet Length Max,False,Wasserstein distance (normed),0.1,0.021507550562071893
S0_n1000_s456,Bwd Packet Length Mean,False,Wasserstein distance (normed),0.1,0.02369212043783123
S0_n1000_s456,Bwd Packet Length Min,False,Wasserstein distance (normed),0.1,0.04445152096355392
S0_n1000_s456,Bwd Packet Length Std,False,Wasserstein distance (normed),0.1,0.019401606146600133
S0_n1000_s456,Bwd Packets/s,False,Wasserstein distance (normed),0.1,0.025149756888122612
S0_n1000_s456,Destination Port,False,Wasserstein distance (normed),0.1,0.03788229748188586
S0_n1000_s456,FIN Flag Count,False,Jensen-Shannon distance,0.1,0.0015682575128543685
S0_n1000_s456,Flow Bytes/s,False,Wasserstein distance (normed),0.1,0.04525207948346616
S0_n1000_s456,Flow Duration,False,Wasserstein distance (normed),0.1,0.03178192473956778
S0_n1000_s456,Flow IAT Max,False,Wasserstein distance (normed),0.1,0.058159844081286945
S0_n1000_s456,Flow IAT Mean,False,Wasserstein distance (normed),0.1,0.05322690650508882
S0_n1000_s456,Flow IAT Min,False,Wasserstein distance (normed),0.1,0.013792843350702098
S0_n1000_s456,Flow IAT Std,False,Wasserstein distance (normed),0.1,0.06125423829114722
S0_n1000_s456,Flow Packets/s,False,Wasserstein distance (normed),0.1,0.0263091833954279
S0_n1000_s456,Fwd Header Length,False,Wasserstein distance (normed),0.1,0.06013576204847669
S0_n1000_s456,Fwd IAT Max,False,Wasserstein distance (normed),0.1,0.05671971165112127
S0_n1000_s456,Fwd IAT Mean,False,Wasserstein distance (normed),0.1,0.06336145423860895
S0_n1000_s456,Fwd IAT Min,False,Wasserstein distance (normed),0.1,0.055406792631996285
S0_n1000_s456,Fwd IAT Std,False,Wasserstein distance (normed),0.1,0.03694165231619446
S0_n1000_s456,Fwd IAT Total,False,Wasserstein distance (normed),0.1,0.030019558972765696
S0_n1000_s456,Fwd Packet Length Max,False,Wasserstein distance (normed),0.1,0.03392685237790698
S0_n1000_s456,Fwd Packet Length Mean,False,Wasserstein distance (normed),0.1,0.01804783448455849
S0_n1000_s456,Fwd Packet Length Min,False,Wasserstein distance (normed),0.1,0.045518152609421554
S0_n1000_s456,Fwd Packet Length Std,False,Wasserstein distance (normed),0.1,0.030161409855505545
S0_n1000_s456,Fwd Packets/s,False,Wasserstein distance (normed),0.1,0.025698910823586295
S0_n1000_s456,Idle Max,False,Wasserstein distance (normed),0.1,0.05565165135475229
S0_n1000_s456,Idle Mean,False,Wasserstein distance (normed),0.1,0.045862860244483765
S0_n1000_s456,Idle Min,False,Wasserstein distance (normed),0.1,0.029777328468801798
S0_n1000_s456,Init_Win_bytes_backward,False,Wasserstein distance (normed),0.1,0.011758042825140352
S0_n1000_s456,Init_Win_bytes_forward,False,Wasserstein distance (normed),0.1,0.03667352280178812
S0_n1000_s456,Max Packet Length,False,Wasserstein distance (normed),0.1,0.02602721699341991
S0_n1000_s456,Min Packet Length,False,Wasserstein distance (normed),0.1,0.03941741963062719
S0_n1000_s456,PSH Flag Count,False,Jensen-Shannon distance,0.1,0.02553109470058577
S0_n1000_s456,Packet Length Mean,False,Wasserstein distance (normed),0.1,0.02366948983198309
S0_n1000_s456,Packet Length Std,False,Wasserstein distance (normed),0.1,0.025727185929029832
S0_n1000_s456,Packet Length Variance,False,Wasserstein distance (normed),0.1,0.022262910948559367
S0_n1000_s456,Subflow Fwd Bytes,False,Wasserstein distance (normed),0.1,0.033495491481013946
S0_n1000_s456,Total Fwd Packets,False,Wasserstein distance (normed),0.1,0.055098281277739206
S0_n1000_s456,Total Length of Fwd Packets,False,Wasserstein distance (normed),0.1,0.033495491481013946
S0_n1000_s456,act_data_pkt_fwd,False,Wasserstein distance (normed),0.1,0.039814263872403055
S0_n1000_s456,min_seg_size_forward,False,Wasserstein distance (normed),0.1,0.04733857283735534
S0_n1000_s789,ACK Flag Count,False,Jensen-Shannon distance,0.1,0.012572327297263295
S0_n1000_s789,Active Max,False,Wasserstein distance (normed),0.1,0.04545375317145534
S0_n1000_s789,Active Mean,False,Wasserstein distance (normed),0.1,0.045969197939756345
S0_n1000_s789,Active Min,False,Wasserstein distance (normed),0.1,0.05647337686627498
S0_n1000_s789,Average Packet Size,False,Wasserstein distance (normed),0.1,0.035999470350529535
S0_n1000_s789,Bwd Header Length,False,Wasserstein distance (normed),0.1,0.04831874867965256
S0_n1000_s789,Bwd IAT Max,False,Wasserstein distance (normed),0.1,0.02928725998969151
S0_n1000_s789,Bwd IAT Mean,False,Wasserstein distance (normed),0.1,0.0314480996962176
S0_n1000_s789,Bwd IAT Min,False,Wasserstein distance (normed),0.1,0.03202657281485402
S0_n1000_s789,Bwd IAT Std,False,Wasserstein distance (normed),0.1,0.04256610595058462
S0_n1000_s789,Bwd IAT Total,False,Wasserstein distance (normed),0.1,0.01223203679829566
S0_n1000_s789,Bwd Packet Length Max,False,Wasserstein distance (normed),0.1,0.0200404028699132
S0_n1000_s789,Bwd Packet Length Mean,False,Wasserstein distance (normed),0.1,0.0200934961406257
S0_n1000_s789,Bwd Packet Length Min,False,Wasserstein distance (normed),0.1,0.021841941504009903
S0_n1000_s789,Bwd Packet Length Std,False,Wasserstein distance (normed),0.1,0.026475545737691404
S0_n1000_s789,Bwd Packets/s,False,Wasserstein distance (normed),0.1,0.04831745481435888
S0_n1000_s789,Destination Port,False,Wasserstein distance (normed),0.1,0.017165835597279945
S0_n1000_s789,FIN Flag Count,False,Jensen-Shannon distance,0.1,0.005666485259895169
S0_n1000_s789,Flow Bytes/s,False,Wasserstein distance (normed),0.1,0.03214264388017076
S0_n1000_s789,Flow Duration,False,Wasserstein distance (normed),0.1,0.026747365398939404
S0_n1000_s789,Flow IAT Max,False,Wasserstein distance (normed),0.1,0.04043677859194626
S0_n1000_s789,Flow IAT Mean,False,Wasserstein distance (normed),0.1,0.03912898066700382
S0_n1000_s789,Flow IAT Min,False,Wasserstein distance (normed),0.1,0.01701369312777121
S0_n1000_s789,Flow IAT Std,False,Wasserstein distance (normed),0.1,0.047677550117054456
S0_n1000_s789,Flow Packets/s,False,Wasserstein distance (normed),0.1,0.03539757426231002
S0_n1000_s789,Fwd Header Length,False,Wasserstein distance (normed),0.1,0.04069707659409406
S0_n1000_s789,Fwd IAT Max,False,Wasserstein distance (normed),0.1,0.0400084566860491
S0_n1000_s789,Fwd IAT Mean,False,Wasserstein distance (normed),0.1,0.03014632562650176
S0_n1000_s789,Fwd IAT Min,False,Wasserstein distance (normed),0.1,0.020647773483919392
S0_n1000_s789,Fwd IAT Std,False,Wasserstein distance (normed),0.1,0.041967940038406586
S0_n1000_s789,Fwd IAT Total,False,Wasserstein distance (normed),0.1,0.02798824924472716
S0_n1000_s789,Fwd Packet Length Max,False,Wasserstein distance (normed),0.1,0.037887232384494374
S0_n1000_s789,Fwd Packet Length Mean,False,Wasserstein distance (normed),0.1,0.04168700958503048
S0_n1000_s789,Fwd Packet Length Min,False,Wasserstein distance (normed),0.1,0.0201296230112013
S0_n1000_s789,Fwd Packet Length Std,False,Wasserstein distance (normed),0.1,0.04665297138740789
S0_n1000_s789,Fwd Packets/s,False,Wasserstein distance (normed),0.1,0.029488191350922045
S0_n1000_s789,Idle Max,False,Wasserstein distance (normed),0.1,0.04345538830181665
S0_n1000_s789,Idle Mean,False,Wasserstein distance (normed),0.1,0.06674837846607602
S0_n1000_s789,Idle Min,False,Wasserstein distance (normed),0.1,0.08936275967877051
S0_n1000_s789,Init_Win_bytes_backward,False,Wasserstein distance (normed),0.1,0.009257137320370794
S0_n1000_s789,Init_Win_bytes_forward,False,Wasserstein distance (normed),0.1,0.045040097040177474
S0_n1000_s789,Max Packet Length,False,Wasserstein distance (normed),0.1,0.028855961127542636
S0_n1000_s789,Min Packet Length,False,Wasserstein distance (normed),0.1,0.025733984704582675
S0_n1000_s789,PSH Flag Count,False,Jensen-Shannon distance,0.1,0.014329662025589062
S0_n1000_s789,Packet Length Mean,False,Wasserstein distance (normed),0.1,0.03631464760785303
S0_n1000_s789,Packet Length Std,False,Wasserstein distance (normed),0.1,0.03605329678590404
S0_n1000_s789,Packet Length Variance,False,Wasserstein distance (normed),0.1,0.03795834052034415
S0_n1000_s789,Subflow Fwd Bytes,False,Wasserstein distance (normed),0.1,0.04522311613803364
S0_n1000_s789,Total Fwd Packets,False,Wasserstein distance (normed),0.1,0.028508363212854954
S0_n1000_s789,Total Length of Fwd Packets,False,Wasserstein distance (normed),0.1,0.04522311613803364
S0_n1000_s789,act_data_pkt_fwd,False,Wasserstein distance (normed),0.1,0.03408184368135023
S0_n1000_s789,min_seg_size_forward,False,Wasserstein distance (normed),0.1,0.019122643829779337
S0_n1000_s1024,ACK Flag Count,False,Jensen-Shannon distance,0.1,0.007957972187084973
S0_n1000_s1024,Active Max,False,Wasserstein distance (normed),0.1,0.0462770283098335
S0_n1000_s1024,Active Mean,False,Wasserstein distance (normed),0.1,0.04824189106132798
S0_n1000_s1024,Active Min,False,Wasserstein distance (normed),0.1,0.04009644560132257
S0_n1000_s1024,Average Packet Size,False,Wasserstein distance (normed),0.1,0.025003743474734403
S0_n1000_s1024,Bwd Header Length,False,Wasserstein distance (normed),0.1,0.06264914903075171
S0_n1000_s1024,Bwd IAT Max,False,Wasserstein distance (normed),0.1,0.031646874812159616
S0_n1000_s1024,Bwd IAT Mean,False,Wasserstein distance (normed),0.1,0.05311682209730966
S0_n1000_s1024,Bwd IAT Min,False,Wasserstein distance (normed),0.1,0.06049699003303082
S0_n1000_s1024,Bwd IAT Std,False,Wasserstein distance (normed),0.1,0.024996222246978266
S0_n1000_s1024,Bwd IAT Total,False,Wasserstein distance (normed),0.1,0.008396943188411634
S0_n1000_s1024,Bwd Packet Length Max,False,Wasserstein distance (normed),0.1,0.022132337493290088
S0_n1000_s1024,Bwd Packet Length Mean,False,Wasserstein distance (normed),0.1,0.02413567043419651
S0_n1000_s1024,Bwd Packet Length Min,False,Wasserstein distance (normed),0.1,0.03018650794371785
S0_n1000_s1024,Bwd Packet Length Std,False,Wasserstein distance (normed),0.1,0.028304832582266275
S0_n1000_s1024,Bwd Packets/s,False,Wasserstein distance (normed),0.1,0.06397987162541602
S0_n1000_s1024,Destination Port,False,Wasserstein distance (normed),0.1,0.02071313246581232
S0_n1000_s1024,FIN Flag Count,False,Jensen-Shannon distance,0.1,0.020034754195753835
S0_n1000_s1024,Flow Bytes/s,False,Wasserstein distance (normed),0.1,0.029901832821957817
S0_n1000_s1024,Flow Duration,False,Wasserstein distance (normed),0.1,0.01419763302480812
S0_n1000_s1024,Flow IAT Max,False,Wasserstein distance (normed),0.1,0.01618495510539191
S0_n1000_s1024,Flow IAT Mean,False,Wasserstein distance (normed),0.1,0.038240346080838816
S0_n1000_s1024,Flow IAT Min,False,Wasserstein distance (normed),0.1,0.04256613251272046
S0_n1000_s1024,Flow IAT Std,False,Wasserstein distance (normed),0.1,0.03733022301012904
S0_n1000_s1024,Flow Packets/s,False,Wasserstein distance (normed),0.1,0.039566340356448945
S0_n1000_s1024,Fwd Header Length,False,Wasserstein distance (normed),0.1,0.07292993502516414
S0_n1000_s1024,Fwd IAT Max,False,Wasserstein distance (normed),0.1,0.01981116868867312
S0_n1000_s1024,Fwd IAT Mean,False,Wasserstein distance (normed),0.1,0.04272607482296528
S0_n1000_s1024,Fwd IAT Min,False,Wasserstein distance (normed),0.1,0.04327554189944101
S0_n1000_s1024,Fwd IAT Std,False,Wasserstein distance (normed),0.1,0.023394810503950803
S0_n1000_s1024,Fwd IAT Total,False,Wasserstein distance (normed),0.1,0.014351631178910359
S0_n1000_s1024,Fwd Packet Length Max,False,Wasserstein distance (normed),0.1,0.040346305608653536
S0_n1000_s1024,Fwd Packet Length Mean,False,Wasserstein distance (normed),0.1,0.037592269482305596
S0_n1000_s1024,Fwd Packet Length Min,False,Wasserstein distance (normed),0.1,0.027704628354162642
S0_n1000_s1024,Fwd Packet Length Std,False,Wasserstein distance (normed),0.1,0.04052613893885748
S0_n1000_s1024,Fwd Packets/s,False,Wasserstein distance (normed),0.1,0.031834143572509827
S0_n1000_s1024,Idle Max,False,Wasserstein distance (normed),0.1,0.011999090531956627
S0_n1000_s1024,Idle Mean,False,Wasserstein distance (normed),0.1,0.020861862870030123
S0_n1000_s1024,Idle Min,False,Wasserstein distance (normed),0.1,0.032037047213908196
S0_n1000_s1024,Init_Win_bytes_backward,False,Wasserstein distance (normed),0.1,0.021024497060349617
S0_n1000_s1024,Init_Win_bytes_forward,False,Wasserstein distance (normed),0.1,0.029671273197144226
S0_n1000_s1024,Max Packet Length,False,Wasserstein distance (normed),0.1,0.01947957488476049
S0_n1000_s1024,Min Packet Length,False,Wasserstein distance (normed),0.1,0.036144518832787596
S0_n1000_s1024,PSH Flag Count,False,Jensen-Shannon distance,0.1,0.0054289356229056205
S0_n1000_s1024,Packet Length Mean,False,Wasserstein distance (normed),0.1,0.02297248530692661
S0_n1000_s1024,Packet Length Std,False,Wasserstein distance (normed),0.1,0.0280223374555748
S0_n1000_s1024,Packet Length Variance,False,Wasserstein distance (normed),0.1,0.03038628806603852
S0_n1000_s1024,Subflow Fwd Bytes,False,Wasserstein distance (normed),0.1,0.04741226688231801
S0_n1000_s1024,Total Fwd Packets,False,Wasserstein distance (normed),0.1,0.0775293322386306
S0_n1000_s1024,Total Length of Fwd Packets,False,Wasserstein distance (normed),0.1,0.04741226688231801
S0_n1000_s1024,act_data_pkt_fwd,False,Wasserstein distance (normed),0.1,0.06545381599965742
S0_n1000_s1024,min_seg_size_forward,False,Wasserstein distance (normed),0.1,0.007221138229427033
S0_n1000_s2000,ACK Flag Count,False,Jensen-Shannon distance,0.1,0.002058200430813024
S0_n1000_s2000,Active Max,False,Wasserstein distance (normed),0.1,0.0565135204682065
S0_n1000_s2000,Active Mean,False,Wasserstein distance (normed),0.1,0.043272400764186474
S0_n1000_s2000,Active Min,False,Wasserstein distance (normed),0.1,0.040312445011449476
S0_n1000_s2000,Average Packet Size,False,Wasserstein distance (normed),0.1,0.017934212972792234
S0_n1000_s2000,Bwd Header Length,True,Wasserstein distance (normed),0.1,0.5478402602503232
S0_n1000_s2000,Bwd IAT Max,False,Wasserstein distance (normed),0.1,0.09490269291809995
S0_n1000_s2000,Bwd IAT Mean,False,Wasserstein distance (normed),0.1,0.08566546063290749
S0_n1000_s2000,Bwd IAT Min,False,Wasserstein distance (normed),0.1,0.07717031652549211
S0_n1000_s2000,Bwd IAT Std,False,Wasserstein distance (normed),0.1,0.04725553652316272
S0_n1000_s2000,Bwd IAT Total,False,Wasserstein distance (normed),0.1,0.09385571628770187
S0_n1000_s2000,Bwd Packet Length Max,False,Wasserstein distance (normed),0.1,0.015612878387981284
S0_n1000_s2000,Bwd Packet Length Mean,False,Wasserstein distance (normed),0.1,0.011475277501823904
S0_n1000_s2000,Bwd Packet Length Min,False,Wasserstein distance (normed),0.1,0.02825031990202772
S0_n1000_s2000,Bwd Packet Length Std,False,Wasserstein distance (normed),0.1,0.016961630710851897
S0_n1000_s2000,Bwd Packets/s,False,Wasserstein distance (normed),0.1,0.06551878773706794
S0_n1000_s2000,Destination Port,False,Wasserstein distance (normed),0.1,0.019606015492902605
S0_n1000_s2000,FIN Flag Count,False,Jensen-Shannon distance,0.1,0.010059493360239136
S0_n1000_s2000,Flow Bytes/s,True,Wasserstein distance (normed),0.1,0.3035421844966278
S0_n1000_s2000,Flow Duration,False,Wasserstein distance (normed),0.1,0.09316650049511765
S0_n1000_s2000,Flow IAT Max,False,Wasserstein distance (normed),0.1,0.07941651064824934
S0_n1000_s2000,Flow IAT Mean,False,Wasserstein distance (normed),0.1,0.0761202285801048
S0_n1000_s2000,Flow IAT Min,False,Wasserstein distance (normed),0.1,0.015973670861089743
S0_n1000_s2000,Flow IAT Std,False,Wasserstein distance (normed),0.1,0.08679924796251536
S0_n1000_s2000,Flow Packets/s,False,Wasserstein distance (normed),0.1,0.018115858596136736
S0_n1000_s2000,Fwd Header Length,True,Wasserstein distance (normed),0.1,0.622224628695872
S0_n1000_s2000,Fwd IAT Max,False,Wasserstein distance (normed),0.1,0.0810632912482268
S0_n1000_s2000,Fwd IAT Mean,False,Wasserstein distance (normed),0.1,0.08851501043040072
S0_n1000_s2000,Fwd IAT Min,False,Wasserstein distance (normed),0.1,0.07271688922945127
S0_n1000_s2000,Fwd IAT Std,False,Wasserstein distance (normed),0.1,0.05014088299500337
S0_n1000_s2000,Fwd IAT Total,False,Wasserstein distance (normed),0.1,0.09224235459522817
S0_n1000_s2000,Fwd Packet Length Max,False,Wasserstein distance (normed),0.1,0.03812877666549082
S0_n1000_s2000,Fwd Packet Length Mean,False,Wasserstein distance (normed),0.1,0.03215901306293401
S0_n1000_s2000,Fwd Packet Length Min,False,Wasserstein distance (normed),0.1,0.05600871756280532
S0_n1000_s2000,Fwd Packet Length Std,False,Wasserstein distance (normed),0.1,0.03735917143959794
S0_n1000_s2000,Fwd Packets/s,False,Wasserstein distance (normed),0.1,0.011627338852747601
S0_n1000_s2000,Idle Max,False,Wasserstein distance (normed),0.1,0.0812913021221928
S0_n1000_s2000,Idle Mean,False,Wasserstein distance (normed),0.1,0.07918050577670417
S0_n1000_s2000,Idle Min,False,Wasserstein distance (normed),0.1,0.06802458516518059
S0_n1000_s2000,Init_Win_bytes_backward,False,Wasserstein distance (normed),0.1,0.02366274881616309
S0_n1000_s2000,Init_Win_bytes_forward,False,Wasserstein distance (normed),0.1,0.01916979036694713
S0_n1000_s2000,Max Packet Length,False,Wasserstein distance (normed),0.1,0.012464789556532099
S0_n1000_s2000,Min Packet Length,False,Wasserstein distance (normed),0.1,0.060345445429451604
S0_n1000_s2000,PSH Flag Count,False,Jensen-Shannon distance,0.1,0.0028779803995846254
S0_n1000_s2000,Packet Length Mean,False,Wasserstein distance (normed),0.1,0.01722732742183053
S0_n1000_s2000,Packet Length Std,False,Wasserstein distance (normed),0.1,0.014066251701283883
S0_n1000_s2000,Packet Length Variance,False,Wasserstein distance (normed),0.1,0.019544365458282288
S0_n1000_s2000,Subflow Fwd Bytes,False,Wasserstein distance (normed),0.1,0.048652495648756795
S0_n1000_s2000,Total Fwd Packets,True,Wasserstein distance (normed),0.1,0.7248234577243069
S0_n1000_s2000,Total Length of Fwd Packets,False,Wasserstein distance (normed),0.1,0.048652495648756795
S0_n1000_s2000,act_data_pkt_fwd,True,Wasserstein distance (normed),0.1,1.3906590818939975
S0_n1000_s2000,min_seg_size_forward,False,Wasserstein distance (normed),0.1,0.07328118055048224
S0_n1000_s2001,ACK Flag Count,False,Jensen-Shannon distance,0.1,0.002058200430813024
S0_n1000_s2001,Active Max,False,Wasserstein distance (normed),0.1,0.05608407755148125
S0_n1000_s2001,Active Mean,False,Wasserstein distance (normed),0.1,0.045954050097470514
S0_n1000_s2001,Active Min,False,Wasserstein distance (normed),0.1,0.05666626890148912
S0_n1000_s2001,Average Packet Size,False,Wasserstein distance (normed),0.1,0.015720181307214157
S0_n1000_s2001,Bwd Header Length,False,Wasserstein distance (normed),0.1,0.023931349918546122
S0_n1000_s2001,Bwd IAT Max,False,Wasserstein distance (normed),0.1,0.07969382010763211
S0_n1000_s2001,Bwd IAT Mean,False,Wasserstein distance (normed),0.1,0.05715154715400915
S0_n1000_s2001,Bwd IAT Min,False,Wasserstein distance (normed),0.1,0.042785235368324064
S0_n1000_s2001,Bwd IAT Std,False,Wasserstein distance (normed),0.1,0.06660549686255623
S0_n1000_s2001,Bwd IAT Total,False,Wasserstein distance (normed),0.1,0.0649271903329473
S0_n1000_s2001,Bwd Packet Length Max,False,Wasserstein distance (normed),0.1,0.015401962180178086
S0_n1000_s2001,Bwd Packet Length Mean,False,Wasserstein distance (normed),0.1,0.010278242010267523
S0_n1000_s2001,Bwd Packet Length Min,False,Wasserstein distance (normed),0.1,0.023983247379972837
S0_n1000_s2001,Bwd Packet Length Std,False,Wasserstein distance (normed),0.1,0.014504694659238539
S0_n1000_s2001,Bwd Packets/s,False,Wasserstein distance (normed),0.1,0.033154299159683105
S0_n1000_s2001,Destination Port,False,Wasserstein distance (normed),0.1,0.02747622745043223
S0_n1000_s2001,FIN Flag Count,False,Jensen-Shannon distance,0.1,0.009393048096721937
S0_n1000_s2001,Flow Bytes/s,False,Wasserstein distance (normed),0.1,0.058134320297021494
S0_n1000_s2001,Flow Duration,False,Wasserstein distance (normed),0.1,0.0548221021966682
S0_n1000_s2001,Flow IAT Max,False,Wasserstein distance (normed),0.1,0.04694260715294078
S0_n1000_s2001,Flow IAT Mean,False,Wasserstein distance (normed),0.1,0.04604053813481838
S0_n1000_s2001,Flow IAT Min,False,Wasserstein distance (normed),0.1,0.015510202689539409
S0_n1000_s2001,Flow IAT Std,False,Wasserstein distance (normed),0.1,0.04863014284485706
S0_n1000_s2001,Flow Packets/s,False,Wasserstein distance (normed),0.1,0.019679143591275837
S0_n1000_s2001,Fwd Header Length,False,Wasserstein distance (normed),0.1,0.025682817694763424
S0_n1000_s2001,Fwd IAT Max,False,Wasserstein distance (normed),0.1,0.04532636160037445
S0_n1000_s2001,Fwd IAT Mean,False,Wasserstein distance (normed),0.1,0.058250970301286176
S0_n1000_s2001,Fwd IAT Min,False,Wasserstein distance (normed),0.1,0.05729854611577574
S0_n1000_s2001,Fwd IAT Std,False,Wasserstein distance (normed),0.1,0.021733557049670678
S0_n1000_s2001,Fwd IAT Total,False,Wasserstein distance (normed),0.1,0.053611604810238654
S0_n1000_s2001,Fwd Packet Length Max,False,Wasserstein distance (normed),0.1,0.018860954955714545
S0_n1000_s2001,Fwd Packet Length Mean,False,Wasserstein distance (normed),0.1,0.02941119703469113
S0_n1000_s2001,Fwd Packet Length Min,False,Wasserstein distance (normed),0.1,0.020947069630945416
S0_n1000_s2001,Fwd Packet Length Std,False,Wasserstein distance (normed),0.1,0.030600512384077235
S0_n1000_s2001,Fwd Packets/s,False,Wasserstein distance (normed),0.1,0.019896352061221406
S0_n1000_s2001,Idle Max,False,Wasserstein distance (normed),0.1,0.052317122104192725
S0_n1000_s2001,Idle Mean,False,Wasserstein distance (normed),0.1,0.05776071000270731
S0_n1000_s2001,Idle Min,False,Wasserstein distance (normed),0.1,0.05803434151700341
S0_n1000_s2001,Init_Win_bytes_backward,False,Wasserstein distance (normed),0.1,0.028523963488086203
S0_n1000_s2001,Init_Win_bytes_forward,False,Wasserstein distance (normed),0.1,0.030040858196608327
S0_n1000_s2001,Max Packet Length,False,Wasserstein distance (normed),0.1,0.017169676019247505
S0_n1000_s2001,Min Packet Length,False,Wasserstein distance (normed),0.1,0.05046969901331201
S0_n1000_s2001,PSH Flag Count,False,Jensen-Shannon distance,0.1,0.003923992250983333
S0_n1000_s2001,Packet Length Mean,False,Wasserstein distance (normed),0.1,0.01711220127714076
S0_n1000_s2001,Packet Length Std,False,Wasserstein distance (normed),0.1,0.018069513086708268
S0_n1000_s2001,Packet Length Variance,False,Wasserstein distance (normed),0.1,0.01979755854744664
S0_n1000_s2001,Subflow Fwd Bytes,False,Wasserstein distance (normed),0.1,0.07352082454466043
S0_n1000_s2001,Total Fwd Packets,False,Wasserstein distance (normed),0.1,0.026817984970586635
S0_n1000_s2001,Total Length of Fwd Packets,False,Wasserstein distance (normed),0.1,0.07352082454466043
S0_n1000_s2001,act_data_pkt_fwd,False,Wasserstein distance (normed),0.1,0.04987205566215945
S0_n1000_s2001,min_seg_size_forward,False,Wasserstein distance (normed),0.1,0.013372478202642766
S0_n1000_s2002,ACK Flag Count,False,Jensen-Shannon distance,0.1,0.01329973824100667
S0_n1000_s2002,Active Max,False,Wasserstein distance (normed),0.1,0.028887422101900356
S0_n1000_s2002,Active Mean,False,Wasserstein distance (normed),0.1,0.02241949198601598
S0_n1000_s2002,Active Min,False,Wasserstein distance (normed),0.1,0.026420247164809535
S0_n1000_s2002,Average Packet Size,False,Wasserstein distance (normed),0.1,0.01534984821000878
S0_n1000_s2002,Bwd Header Length,False,Wasserstein distance (normed),0.1,0.040449289471822865
S0_n1000_s2002,Bwd IAT Max,False,Wasserstein distance (normed),0.1,0.012855280751871059
S0_n1000_s2002,Bwd IAT Mean,False,Wasserstein distance (normed),0.1,0.026266604943472036
S0_n1000_s2002,Bwd IAT Min,False,Wasserstein distance (normed),0.1,0.028788146531532128
S0_n1000_s2002,Bwd IAT Std,False,Wasserstein distance (normed),0.1,0.019693005603790104
S0_n1000_s2002,Bwd IAT Total,False,Wasserstein distance (normed),0.1,0.03258273709236872
S0_n1000_s2002,Bwd Packet Length Max,False,Wasserstein distance (normed),0.1,0.01598096938129388
S0_n1000_s2002,Bwd Packet Length Mean,False,Wasserstein distance (normed),0.1,0.013134630416823981
S0_n1000_s2002,Bwd Packet Length Min,False,Wasserstein distance (normed),0.1,0.07405375386419467
S0_n1000_s2002,Bwd Packet Length Std,False,Wasserstein distance (normed),0.1,0.01635930537188004
S0_n1000_s2002,Bwd Packets/s,False,Wasserstein distance (normed),0.1,0.02152094346520596
S0_n1000_s2002,Destination Port,False,Wasserstein distance (normed),0.1,0.05595112145409386
S0_n1000_s2002,FIN Flag Count,False,Jensen-Shannon distance,0.1,0.0015682575128543685
S0_n1000_s2002,Flow Bytes/s,False,Wasserstein distance (normed),0.1,0.036310345285563345
S0_n1000_s2002,Flow Duration,False,Wasserstein distance (normed),0.1,0.022555788784456514
S0_n1000_s2002,Flow IAT Max,False,Wasserstein distance (normed),0.1,0.027729328536159795
S0_n1000_s2002,Flow IAT Mean,False,Wasserstein distance (normed),0.1,0.01868315486123332
S0_n1000_s2002,Flow IAT Min,False,Wasserstein distance (normed),0.1,0.018657298124602373
S0_n1000_s2002,Flow IAT Std,False,Wasserstein distance (normed),0.1,0.022464318172903192
S0_n1000_s2002,Flow Packets/s,False,Wasserstein distance (normed),0.1,0.03700536301543603
S0_n1000_s2002,Fwd Header Length,False,Wasserstein distance (normed),0.1,0.038508481251914535
S0_n1000_s2002,Fwd IAT Max,False,Wasserstein distance (normed),0.1,0.024869225554867643
S0_n1000_s2002,Fwd IAT Mean,False,Wasserstein distance (normed),0.1,0.019477170744996015
S0_n1000_s2002,Fwd IAT Min,False,Wasserstein distance (normed),0.1,0.019412035013544136
S0_n1000_s2002,Fwd IAT Std,False,Wasserstein distance (normed),0.1,0.017139894731868027
S0_n1000_s2002,Fwd IAT Total,False,Wasserstein distance (normed),0.1,0.023563310869357677
S0_n1000_s2002,Fwd Packet Length Max,False,Wasserstein distance (normed),0.1,0.03152796809863167
S0_n1000_s2002,Fwd Packet Length Mean,False,Wasserstein distance (normed),0.1,0.02609892248580653
S0_n1000_s2002,Fwd Packet Length Min,False,Wasserstein distance (normed),0.1,0.022084682843422746
S0_n1000_s2002,Fwd Packet Length Std,False,Wasserstein distance (normed),0.1,0.022982111106034223
S0_n1000_s2002,Fwd Packets/s,False,Wasserstein distance (normed),0.1,0.03688190149773366
S0_n1000_s2002,Idle Max,False,Wasserstein distance (normed),0.1,0.022897017134410006
S0_n1000_s2002,Idle Mean,False,Wasserstein distance (normed),0.1,0.02402811320751624
S0_n1000_s2002,Idle Min,False,Wasserstein distance (normed),0.1,0.01955849702711421
S0_n1000_s2002,Init_Win_bytes_backward,False,Wasserstein distance (normed),0.1,0.03079688143853727
S0_n1000_s2002,Init_Win_bytes_forward,False,Wasserstein distance (normed),0.1,0.013754550696803161
S0_n1000_s2002,Max Packet Length,False,Wasserstein distance (normed),0.1,0.018223789560279924
S0_n1000_s2002,Min Packet Length,False,Wasserstein distance (normed),0.1,0.027438174880364187
S0_n1000_s2002,PSH Flag Count,False,Jensen-Shannon distance,0.1,0.007440776377520886
S0_n1000_s2002,Packet Length Mean,False,Wasserstein distance (normed),0.1,0.014831281702312413
S0_n1000_s2002,Packet Length Std,False,Wasserstein distance (normed),0.1,0.017136472433341866
S0_n1000_s2002,Packet Length Variance,False,Wasserstein distance (normed),0.1,0.02221749907587001
S0_n1000_s2002,Subflow Fwd Bytes,False,Wasserstein distance (normed),0.1,0.023875688930926356
S0_n1000_s2002,Total Fwd Packets,False,Wasserstein distance (normed),0.1,0.03768470224231132
S0_n1000_s2002,Total Length of Fwd Packets,False,Wasserstein distance (normed),0.1,0.023875688930926356
S0_n1000_s2002,act_data_pkt_fwd,False,Wasserstein distance (normed),0.1,0.08932152915876836
S0_n1000_s2002,min_seg_size_forward,False,Wasserstein distance (normed),0.1,0.016983047317356434
S0_n1000_s2003,ACK Flag Count,False,Jensen-Shannon distance,0.1,0.012572327297263295
S0_n1000_s2003,Active Max,False,Wasserstein distance (normed),0.1,0.04703019451061467
S0_n1000_s2003,Active Mean,False,Wasserstein distance (normed),0.1,0.03472475998647542
S0_n1000_s2003,Active Min,False,Wasserstein distance (normed),0.1,0.02809512967797314
S0_n1000_s2003,Average Packet Size,False,Wasserstein distance (normed),0.1,0.020446041409697854
S0_n1000_s2003,Bwd Header Length,False,Wasserstein distance (normed),0.1,0.03739750033194376
S0_n1000_s2003,Bwd IAT Max,False,Wasserstein distance (normed),0.1,0.039247094039571294
S0_n1000_s2003,Bwd IAT Mean,False,Wasserstein distance (normed),0.1,0.04964308192413094
S0_n1000_s2003,Bwd IAT Min,False,Wasserstein distance (normed),0.1,0.05557983327640328
S0_n1000_s2003,Bwd IAT Std,False,Wasserstein distance (normed),0.1,0.04430123724959848
S0_n1000_s2003,Bwd IAT Total,False,Wasserstein distance (normed),0.1,0.055980501364663385
S0_n1000_s2003,Bwd Packet Length Max,False,Wasserstein distance (normed),0.1,0.037319402619568995
S0_n1000_s2003,Bwd Packet Length Mean,False,Wasserstein distance (normed),0.1,0.02133120579555798
S0_n1000_s2003,Bwd Packet Length Min,False,Wasserstein distance (normed),0.1,0.03643017050512318
S0_n1000_s2003,Bwd Packet Length Std,False,Wasserstein distance (normed),0.1,0.032448305411385436
S0_n1000_s2003,Bwd Packets/s,False,Wasserstein distance (normed),0.1,0.04074866860975722
S0_n1000_s2003,Destination Port,False,Wasserstein distance (normed),0.1,0.024287655571305463
S0_n1000_s2003,FIN Flag Count,False,Jensen-Shannon distance,0.1,0.002284476804393462
S0_n1000_s2003,Flow Bytes/s,False,Wasserstein distance (normed),0.1,0.02711943503731384
S0_n1000_s2003,Flow Duration,False,Wasserstein distance (normed),0.1,0.021462480815790774
S0_n1000_s2003,Flow IAT Max,False,Wasserstein distance (normed),0.1,0.024236280110745252
S0_n1000_s2003,Flow IAT Mean,False,Wasserstein distance (normed),0.1,0.04314146491065455
S0_n1000_s2003,Flow IAT Min,False,Wasserstein distance (normed),0.1,0.015982318911135152
S0_n1000_s2003,Flow IAT Std,False,Wasserstein distance (normed),0.1,0.037229152319064554
S0_n1000_s2003,Flow Packets/s,False,Wasserstein distance (normed),0.1,0.051961682840298236
S0_n1000_s2003,Fwd Header Length,False,Wasserstein distance (normed),0.1,0.04059360754400046
S0_n1000_s2003,Fwd IAT Max,False,Wasserstein distance (normed),0.1,0.025375160715690268
S0_n1000_s2003,Fwd IAT Mean,False,Wasserstein distance (normed),0.1,0.05375644386532825
S0_n1000_s2003,Fwd IAT Min,False,Wasserstein distance (normed),0.1,0.06106666843069645
S0_n1000_s2003,Fwd IAT Std,False,Wasserstein distance (normed),0.1,0.06047859418339848
S0_n1000_s2003,Fwd IAT Total,False,Wasserstein distance (normed),0.1,0.018891879267750527
S0_n1000_s2003,Fwd Packet Length Max,False,Wasserstein distance (normed),0.1,0.02665581756889233
S0_n1000_s2003,Fwd Packet Length Mean,False,Wasserstein distance (normed),0.1,0.023249970174088808
S0_n1000_s2003,Fwd Packet Length Min,False,Wasserstein distance (normed),0.1,0.023344913048861746
S0_n1000_s2003,Fwd Packet Length Std,False,Wasserstein distance (normed),0.1,0.025287540121932937
S0_n1000_s2003,Fwd Packets/s,False,Wasserstein distance (normed),0.1,0.049457280669244985
S0_n1000_s2003,Idle Max,False,Wasserstein distance (normed),0.1,0.027887081767375886
S0_n1000_s2003,Idle Mean,False,Wasserstein distance (normed),0.1,0.038904517338107424
S0_n1000_s2003,Idle Min,False,Wasserstein distance (normed),0.1,0.048231527919851434
S0_n1000_s2003,Init_Win_bytes_backward,False,Wasserstein distance (normed),0.1,0.021911650320818443
S0_n1000_s2003,Init_Win_bytes_forward,False,Wasserstein distance (normed),0.1,0.02115511888810555
S0_n1000_s2003,Max Packet Length,False,Wasserstein distance (normed),0.1,0.03334106319355114
S0_n1000_s2003,Min Packet Length,False,Wasserstein distance (normed),0.1,0.029662891762556032
S0_n1000_s2003,PSH Flag Count,False,Jensen-Shannon distance,0.1,0.010495725447617421
S0_n1000_s2003,Packet Length Mean,False,Wasserstein distance (normed),0.1,0.020594126242088718
S0_n1000_s2003,Packet Length Std,False,Wasserstein distance (normed),0.1,0.02454215985526413
S0_n1000_s2003,Packet Length Variance,False,Wasserstein distance (normed),0.1,0.02955665572148408
S0_n1000_s2003,Subflow Fwd Bytes,False,Wasserstein distance (normed),0.1,0.03542997945808235
S0_n1000_s2003,Total Fwd Packets,False,Wasserstein distance (normed),0.1,0.046485401662373
S0_n1000_s2003,Total Length of Fwd Packets,False,Wasserstein distance (normed),0.1,0.03542997945808235
S0_n1000_s2003,act_data_pkt_fwd,False,Wasserstein distance (normed),0.1,0.06980524405377472
S0_n1000_s2003,min_seg_size_forward,False,Wasserstein distance (normed),0.1,0.04974561891383092
S0_n1000_s2004,ACK Flag Count,False,Jensen-Shannon distance,0.1,0.02416852612560615
S0_n1000_s2004,Active Max,False,Wasserstein distance (normed),0.1,0.04025726666598428
S0_n1000_s2004,Active Mean,False,Wasserstein distance (normed),0.1,0.0578881525344373
S0_n1000_s2004,Active Min,False,Wasserstein distance (normed),0.1,0.05002798382588262
S0_n1000_s2004,Average Packet Size,False,Wasserstein distance (normed),0.1,0.05362729284424044
S0_n1000_s2004,Bwd Header Length,False,Wasserstein distance (normed),0.1,0.043061477432315816
S0_n1000_s2004,Bwd IAT Max,False,Wasserstein distance (normed),0.1,0.03378444243056852
S0_n1000_s2004,Bwd IAT Mean,False,Wasserstein distance (normed),0.1,0.04142345659183949
S0_n1000_s2004,Bwd IAT Min,False,Wasserstein distance (normed),0.1,0.036035644689383035
S0_n1000_s2004,Bwd IAT Std,False,Wasserstein distance (normed),0.1,0.03195714181040018
S0_n1000_s2004,Bwd IAT Total,False,Wasserstein distance (normed),0.1,0.010674903186354385
S0_n1000_s2004,Bwd Packet Length Max,False,Wasserstein distance (normed),0.1,0.044052454708504045
S0_n1000_s2004,Bwd Packet Length Mean,False,Wasserstein distance (normed),0.1,0.047616992174575205
S0_n1000_s2004,Bwd Packet Length Min,False,Wasserstein distance (normed),0.1,0.05159024316541946
S0_n1000_s2004,Bwd Packet Length Std,False,Wasserstein distance (normed),0.1,0.04495682974074853
S0_n1000_s2004,Bwd Packets/s,False,Wasserstein distance (normed),0.1,0.04157083057066236
S0_n1000_s2004,Destination Port,False,Wasserstein distance (normed),0.1,0.03650936107607793
S0_n1000_s2004,FIN Flag Count,False,Jensen-Shannon distance,0.1,0.015868508574235555
S0_n1000_s2004,Flow Bytes/s,True,Wasserstein distance (normed),0.1,0.18816513489566553
S0_n1000_s2004,Flow Duration,False,Wasserstein distance (normed),0.1,0.012310033478650421
S0_n1000_s2004,Flow IAT Max,False,Wasserstein distance (normed),0.1,0.0404776255206589
S0_n1000_s2004,Flow IAT Mean,False,Wasserstein distance (normed),0.1,0.037138354825289814
S0_n1000_s2004,Flow IAT Min,False,Wasserstein distance (normed),0.1,0.019781852862971024
S0_n1000_s2004,Flow IAT Std,False,Wasserstein distance (normed),0.1,0.038759924675035785
S0_n1000_s2004,Flow Packets/s,False,Wasserstein distance (normed),0.1,0.08360675792458515
S0_n1000_s2004,Fwd Header Length,False,Wasserstein distance (normed),0.1,0.032813184842460284
S0_n1000_s2004,Fwd IAT Max,False,Wasserstein distance (normed),0.1,0.03833473436105644
S0_n1000_s2004,Fwd IAT Mean,False,Wasserstein distance (normed),0.1,0.047923154905587455
S0_n1000_s2004,Fwd IAT Min,False,Wasserstein distance (normed),0.1,0.039249066979321554
S0_n1000_s2004,Fwd IAT Std,False,Wasserstein distance (normed),0.1,0.03474114360405609
S0_n1000_s2004,Fwd IAT Total,False,Wasserstein distance (normed),0.1,0.01182076599152915
S0_n1000_s2004,Fwd Packet Length Max,False,Wasserstein distance (normed),0.1,0.03608944905259518
S0_n1000_s2004,Fwd Packet Length Mean,False,Wasserstein distance (normed),0.1,0.04308732336577675
S0_n1000_s2004,Fwd Packet Length Min,False,Wasserstein distance (normed),0.1,0.02860041360830043
S0_n1000_s2004,Fwd Packet Length Std,False,Wasserstein distance (normed),0.1,0.035977748108803546
S0_n1000_s2004,Fwd Packets/s,False,Wasserstein distance (normed),0.1,0.08202162848689394
S0_n1000_s2004,Idle Max,False,Wasserstein distance (normed),0.1,0.04038587273410747
S0_n1000_s2004,Idle Mean,False,Wasserstein distance (normed),0.1,0.04148707931999664
S0_n1000_s2004,Idle Min,False,Wasserstein distance (normed),0.1,0.038178090780230094
S0_n1000_s2004,Init_Win_bytes_backward,False,Wasserstein distance (normed),0.1,0.07608014504284966
S0_n1000_s2004,Init_Win_bytes_forward,False,Wasserstein distance (normed),0.1,0.055979261633519545
S0_n1000_s2004,Max Packet Length,False,Wasserstein distance (normed),0.1,0.04407157003055821
S0_n1000_s2004,Min Packet Length,False,Wasserstein distance (normed),0.1,0.041406829919510384
S0_n1000_s2004,PSH Flag Count,False,Jensen-Shannon distance,0.1,0.012794020416718566
S0_n1000_s2004,Packet Length Mean,False,Wasserstein distance (normed),0.1,0.05375771560972999
S0_n1000_s2004,Packet Length Std,False,Wasserstein distance (normed),0.1,0.04674878093993151
S0_n1000_s2004,Packet Length Variance,False,Wasserstein distance (normed),0.1,0.036652090215376375
S0_n1000_s2004,Subflow Fwd Bytes,False,Wasserstein distance (normed),0.1,0.03207226229610471
S0_n1000_s2004,Total Fwd Packets,False,Wasserstein distance (normed),0.1,0.031835456896049386
S0_n1000_s2004,Total Length of Fwd Packets,False,Wasserstein distance (normed),0.1,0.03207226229610471
S0_n1000_s2004,act_data_pkt_fwd,False,Wasserstein distance (normed),0.1,0.08226022974160785
S0_n1000_s2004,min_seg_size_forward,False,Wasserstein distance (normed),0.1,0.057902830617443064
S0_n1000_s2005,ACK Flag Count,False,Jensen-Shannon distance,0.1,0.004545596180522857
S0_n1000_s2005,Active Max,False,Wasserstein distance (normed),0.1,0.0230930541327239
S0_n1000_s2005,Active Mean,False,Wasserstein distance (normed),0.1,0.03184237523709746
S0_n1000_s2005,Active Min,False,Wasserstein distance (normed),0.1,0.02991775097478731
S0_n1000_s2005,Average Packet Size,False,Wasserstein distance (normed),0.1,0.032843485980086545
S0_n1000_s2005,Bwd Header Length,False,Wasserstein distance (normed),0.1,0.06438662035879614
S0_n1000_s2005,Bwd IAT Max,False,Wasserstein distance (normed),0.1,0.01841502466305723
S0_n1000_s2005,Bwd IAT Mean,False,Wasserstein distance (normed),0.1,0.03686036170056654
S0_n1000_s2005,Bwd IAT Min,False,Wasserstein distance (normed),0.1,0.030241868397059186
S0_n1000_s2005,Bwd IAT Std,False,Wasserstein distance (normed),0.1,0.0444623166881029
S0_n1000_s2005,Bwd IAT Total,False,Wasserstein distance (normed),0.1,0.015341597981945595
S0_n1000_s2005,Bwd Packet Length Max,False,Wasserstein distance (normed),0.1,0.03132218934087129
S0_n1000_s2005,Bwd Packet Length Mean,False,Wasserstein distance (normed),0.1,0.03311087044766991
S0_n1000_s2005,Bwd Packet Length Min,False,Wasserstein distance (normed),0.1,0.017960241882708058
S0_n1000_s2005,Bwd Packet Length Std,False,Wasserstein distance (normed),0.1,0.028601460589586066
S0_n1000_s2005,Bwd Packets/s,False,Wasserstein distance (normed),0.1,0.033827684645417175
S0_n1000_s2005,Destination Port,False,Wasserstein distance (normed),0.1,0.015199830844452604
S0_n1000_s2005,FIN Flag Count,False,Jensen-Shannon distance,0.1,0.014815608873972317
S0_n1000_s2005,Flow Bytes/s,False,Wasserstein distance (normed),0.1,0.05867104740635644
S0_n1000_s2005,Flow Duration,False,Wasserstein distance (normed),0.1,0.019148691774480652
S0_n1000_s2005,Flow IAT Max,False,Wasserstein distance (normed),0.1,0.016430562641946332
S0_n1000_s2005,Flow IAT Mean,False,Wasserstein distance (normed),0.1,0.0419557072552075
S0_n1000_s2005,Flow IAT Min,False,Wasserstein distance (normed),0.1,0.015453189347491946
S0_n1000_s2005,Flow IAT Std,False,Wasserstein distance (normed),0.1,0.03483037697357593
S0_n1000_s2005,Flow Packets/s,False,Wasserstein distance (normed),0.1,0.02918237711319906
S0_n1000_s2005,Fwd Header Length,False,Wasserstein distance (normed),0.1,0.053354040613049034
S0_n1000_s2005,Fwd IAT Max,False,Wasserstein distance (normed),0.1,0.014854893098472722
S0_n1000_s2005,Fwd IAT Mean,False,Wasserstein distance (normed),0.1,0.05051675905376522
S0_n1000_s2005,Fwd IAT Min,False,Wasserstein distance (normed),0.1,0.05774330394573734
S0_n1000_s2005,Fwd IAT Std,False,Wasserstein distance (normed),0.1,0.044760152708875005
S0_n1000_s2005,Fwd IAT Total,False,Wasserstein distance (normed),0.1,0.017783772497500686
S0_n1000_s2005,Fwd Packet Length Max,False,Wasserstein distance (normed),0.1,0.027267431869086724
S0_n1000_s2005,Fwd Packet Length Mean,False,Wasserstein distance (normed),0.1,0.028523541432156546
S0_n1000_s2005,Fwd Packet Length Min,False,Wasserstein distance (normed),0.1,0.018903453081584982
S0_n1000_s2005,Fwd Packet Length Std,False,Wasserstein distance (normed),0.1,0.03434635550822748
S0_n1000_s2005,Fwd Packets/s,False,Wasserstein distance (normed),0.1,0.02785756214363727
S0_n1000_s2005,Idle Max,False,Wasserstein distance (normed),0.1,0.020513652259685496
S0_n1000_s2005,Idle Mean,False,Wasserstein distance (normed),0.1,0.022363925497149655
S0_n1000_s2005,Idle Min,False,Wasserstein distance (normed),0.1,0.02635309862756573
S0_n1000_s2005,Init_Win_bytes_backward,False,Wasserstein distance (normed),0.1,0.02837084829849095
S0_n1000_s2005,Init_Win_bytes_forward,False,Wasserstein distance (normed),0.1,0.016977368651517808
S0_n1000_s2005,Max Packet Length,False,Wasserstein distance (normed),0.1,0.024750142589922544
S0_n1000_s2005,Min Packet Length,False,Wasserstein distance (normed),0.1,0.023273961229082332
S0_n1000_s2005,PSH Flag Count,False,Jensen-Shannon distance,0.1,0.0001512253420977948
S0_n1000_s2005,Packet Length Mean,False,Wasserstein distance (normed),0.1,0.03400375750873196
S0_n1000_s2005,Packet Length Std,False,Wasserstein distance (normed),0.1,0.025588147108230062
S0_n1000_s2005,Packet Length Variance,False,Wasserstein distance (normed),0.1,0.02797019311358841
S0_n1000_s2005,Subflow Fwd Bytes,False,Wasserstein distance (normed),0.1,0.03046800988812088
S0_n1000_s2005,Total Fwd Packets,False,Wasserstein distance (normed),0.1,0.054360417759288855
S0_n1000_s2005,Total Length of Fwd Packets,False,Wasserstein distance (normed),0.1,0.03046800988812088
S0_n1000_s2005,act_data_pkt_fwd,False,Wasserstein distance (normed),0.1,0.03869383628960635
S0_n1000_s2005,min_seg_size_forward,False,Wasserstein distance (normed),0.1,0.040652333736033955
S0_n1000_s2006,ACK Flag Count,False,Jensen-Shannon distance,0.1,0.01111638881777968
S0_n1000_s2006,Active Max,False,Wasserstein distance (normed),0.1,0.04999289319716308
S0_n1000_s2006,Active Mean,False,Wasserstein distance (normed),0.1,0.03558175919913736
S0_n1000_s2006,Active Min,False,Wasserstein distance (normed),0.1,0.02908747068621368
S0_n1000_s2006,Average Packet Size,False,Wasserstein distance (normed),0.1,0.048894662260593226
S0_n1000_s2006,Bwd Header Length,False,Wasserstein distance (normed),0.1,0.0648830407382379
S0_n1000_s2006,Bwd IAT Max,False,Wasserstein distance (normed),0.1,0.02366527427870849
S0_n1000_s2006,Bwd IAT Mean,False,Wasserstein distance (normed),0.1,0.033084448991348187
S0_n1000_s2006,Bwd IAT Min,False,Wasserstein distance (normed),0.1,0.040971642172532
S0_n1000_s2006,Bwd IAT Std,False,Wasserstein distance (normed),0.1,0.056041376766062884
S0_n1000_s2006,Bwd IAT Total,False,Wasserstein distance (normed),0.1,0.04591251461737025
S0_n1000_s2006,Bwd Packet Length Max,False,Wasserstein distance (normed),0.1,0.03549946960098365
S0_n1000_s2006,Bwd Packet Length Mean,False,Wasserstein distance (normed),0.1,0.04144556940028292
S0_n1000_s2006,Bwd Packet Length Min,False,Wasserstein distance (normed),0.1,0.036144248675531704
S0_n1000_s2006,Bwd Packet Length Std,False,Wasserstein distance (normed),0.1,0.032336339171668574
S0_n1000_s2006,Bwd Packets/s,False,Wasserstein distance (normed),0.1,0.030036512242397968
S0_n1000_s2006,Destination Port,False,Wasserstein distance (normed),0.1,0.021791386900374545
S0_n1000_s2006,FIN Flag Count,False,Jensen-Shannon distance,0.1,0.020034754195753835
S0_n1000_s2006,Flow Bytes/s,True,Wasserstein distance (normed),0.1,0.13222264900907266
S0_n1000_s2006,Flow Duration,False,Wasserstein distance (normed),0.1,0.038983306545870226
S0_n1000_s2006,Flow IAT Max,False,Wasserstein distance (normed),0.1,0.014597543069010895
S0_n1000_s2006,Flow IAT Mean,False,Wasserstein distance (normed),0.1,0.031198960867492194
S0_n1000_s2006,Flow IAT Min,False,Wasserstein distance (normed),0.1,0.01518354383891011
S0_n1000_s2006,Flow IAT Std,False,Wasserstein distance (normed),0.1,0.02242167862148339
S0_n1000_s2006,Flow Packets/s,False,Wasserstein distance (normed),0.1,0.0269887261350709
S0_n1000_s2006,Fwd Header Length,False,Wasserstein distance (normed),0.1,0.07096627240057832
S0_n1000_s2006,Fwd IAT Max,False,Wasserstein distance (normed),0.1,0.016199974468953663
S0_n1000_s2006,Fwd IAT Mean,False,Wasserstein distance (normed),0.1,0.03377150271013013
S0_n1000_s2006,Fwd IAT Min,False,Wasserstein distance (normed),0.1,0.04013359541302695
S0_n1000_s2006,Fwd IAT Std,False,Wasserstein distance (normed),0.1,0.022731041501713095
S0_n1000_s2006,Fwd IAT Total,False,Wasserstein distance (normed),0.1,0.038657534231807476
S0_n1000_s2006,Fwd Packet Length Max,False,Wasserstein distance (normed),0.1,0.03867731084877639
S0_n1000_s2006,Fwd Packet Length Mean,False,Wasserstein distance (normed),0.1,0.029546299758050718
S0_n1000_s2006,Fwd Packet Length Min,False,Wasserstein distance (normed),0.1,0.03086882797809054
S0_n1000_s2006,Fwd Packet Length Std,False,Wasserstein distance (normed),0.1,0.03362892147530979
S0_n1000_s2006,Fwd Packets/s,False,Wasserstein distance (normed),0.1,0.025899890424536824
S0_n1000_s2006,Idle Max,False,Wasserstein distance (normed),0.1,0.017741193198087524
S0_n1000_s2006,Idle Mean,False,Wasserstein distance (normed),0.1,0.02266596091461069
S0_n1000_s2006,Idle Min,False,Wasserstein distance (normed),0.1,0.026472668582006722
S0_n1000_s2006,Init_Win_bytes_backward,False,Wasserstein distance (normed),0.1,0.02138646040556388
S0_n1000_s2006,Init_Win_bytes_forward,False,Wasserstein distance (normed),0.1,0.03361515715288557
S0_n1000_s2006,Max Packet Length,False,Wasserstein distance (normed),0.1,0.03792700115128365
S0_n1000_s2006,Min Packet Length,False,Wasserstein distance (normed),0.1,0.04937160157787002
S0_n1000_s2006,PSH Flag Count,False,Jensen-Shannon distance,0.1,0.02360375029388928
S0_n1000_s2006,Packet Length Mean,False,Wasserstein distance (normed),0.1,0.051569600385038605
S0_n1000_s2006,Packet Length Std,False,Wasserstein distance (normed),0.1,0.037622579920504697
S0_n1000_s2006,Packet Length Variance,False,Wasserstein distance (normed),0.1,0.02459787713002511
S0_n1000_s2006,Subflow Fwd Bytes,False,Wasserstein distance (normed),0.1,0.04599866004834382
S0_n1000_s2006,Total Fwd Packets,False,Wasserstein distance (normed),0.1,0.06467709131725963
S0_n1000_s2006,Total Length of Fwd Packets,False,Wasserstein distance (normed),0.1,0.04599866004834382
S0_n1000_s2006,act_data_pkt_fwd,False,Wasserstein distance (normed),0.1,0.07553766424482772
S0_n1000_s2006,min_seg_size_forward,False,Wasserstein distance (normed),0.1,0.021262240342201793
S0_n1000_s2007,ACK Flag Count,False,Jensen-Shannon distance,0.1,0.010918947404939643
S0_n1000_s2007,Active Max,False,Wasserstein distance (normed),0.1,0.04455078979000517
S0_n1000_s2007,Active Mean,False,Wasserstein distance (normed),0.1,0.0450564137126607
S0_n1000_s2007,Active Min,False,Wasserstein distance (normed),0.1,0.04379825763662772
S0_n1000_s2007,Average Packet Size,False,Wasserstein distance (normed),0.1,0.03644589044163735
S0_n1000_s2007,Bwd Header Length,False,Wasserstein distance (normed),0.1,0.045414988508342094
S0_n1000_s2007,Bwd IAT Max,False,Wasserstein distance (normed),0.1,0.022954742640787316
S0_n1000_s2007,Bwd IAT Mean,False,Wasserstein distance (normed),0.1,0.05262132546924317
S0_n1000_s2007,Bwd IAT Min,False,Wasserstein distance (normed),0.1,0.05130906327368828
S0_n1000_s2007,Bwd IAT Std,False,Wasserstein distance (normed),0.1,0.04942047443143123
S0_n1000_s2007,Bwd IAT Total,False,Wasserstein distance (normed),0.1,0.02164092780626005
S0_n1000_s2007,Bwd Packet Length Max,False,Wasserstein distance (normed),0.1,0.05290036560350591
S0_n1000_s2007,Bwd Packet Length Mean,False,Wasserstein distance (normed),0.1,0.04123660200723986
S0_n1000_s2007,Bwd Packet Length Min,False,Wasserstein distance (normed),0.1,0.03160990139972766
S0_n1000_s2007,Bwd Packet Length Std,False,Wasserstein distance (normed),0.1,0.05203662211377655
S0_n1000_s2007,Bwd Packets/s,False,Wasserstein distance (normed),0.1,0.05007790383795533
S0_n1000_s2007,Destination Port,False,Wasserstein distance (normed),0.1,0.027262371949763425
S0_n1000_s2007,FIN Flag Count,False,Jensen-Shannon distance,0.1,0.010059493360239136
S0_n1000_s2007,Flow Bytes/s,True,Wasserstein distance (normed),0.1,0.11038714961758865
S0_n1000_s2007,Flow Duration,False,Wasserstein distance (normed),0.1,0.03419389307939092
S0_n1000_s2007,Flow IAT Max,False,Wasserstein distance (normed),0.1,0.02386870269246905
S0_n1000_s2007,Flow IAT Mean,False,Wasserstein distance (normed),0.1,0.04496042157610414
S0_n1000_s2007,Flow IAT Min,False,Wasserstein distance (normed),0.1,0.02008489068464748
S0_n1000_s2007,Flow IAT Std,False,Wasserstein distance (normed),0.1,0.038868241531800955
S0_n1000_s2007,Flow Packets/s,False,Wasserstein distance (normed),0.1,0.03418797547668966
S0_n1000_s2007,Fwd Header Length,False,Wasserstein distance (normed),0.1,0.04728310656521558
S0_n1000_s2007,Fwd IAT Max,False,Wasserstein distance (normed),0.1,0.024132724836236803
S0_n1000_s2007,Fwd IAT Mean,False,Wasserstein distance (normed),0.1,0.05397314896760462
S0_n1000_s2007,Fwd IAT Min,False,Wasserstein distance (normed),0.1,0.055220251764677986
S0_n1000_s2007,Fwd IAT Std,False,Wasserstein distance (normed),0.1,0.049569039605470995
S0_n1000_s2007,Fwd IAT Total,False,Wasserstein distance (normed),0.1,0.03582642048420673
S0_n1000_s2007,Fwd Packet Length Max,False,Wasserstein distance (normed),0.1,0.024453270153495552
S0_n1000_s2007,Fwd Packet Length Mean,False,Wasserstein distance (normed),0.1,0.03372273775016452
S0_n1000_s2007,Fwd Packet Length Min,False,Wasserstein distance (normed),0.1,0.022544496567028838
S0_n1000_s2007,Fwd Packet Length Std,False,Wasserstein distance (normed),0.1,0.021552985263803635
S0_n1000_s2007,Fwd Packets/s,False,Wasserstein distance (normed),0.1,0.03303428742130324
S0_n1000_s2007,Idle Max,False,Wasserstein distance (normed),0.1,0.02602924426302468
S0_n1000_s2007,Idle Mean,False,Wasserstein distance (normed),0.1,0.02805093838319268
S0_n1000_s2007,Idle Min,False,Wasserstein distance (normed),0.1,0.01573083650960768
S0_n1000_s2007,Init_Win_bytes_backward,False,Wasserstein distance (normed),0.1,0.023455248844602993
S0_n1000_s2007,Init_Win_bytes_forward,False,Wasserstein distance (normed),0.1,0.0398749590466291
S0_n1000_s2007,Max Packet Length,False,Wasserstein distance (normed),0.1,0.055587812844230214
S0_n1000_s2007,Min Packet Length,False,Wasserstein distance (normed),0.1,0.03168795456557667
S0_n1000_s2007,PSH Flag Count,False,Jensen-Shannon distance,0.1,0.011425763164165489
S0_n1000_s2007,Packet Length Mean,False,Wasserstein distance (normed),0.1,0.03603460774628041
S0_n1000_s2007,Packet Length Std,False,Wasserstein distance (normed),0.1,0.0471292249898207
S0_n1000_s2007,Packet Length Variance,False,Wasserstein distance (normed),0.1,0.042063501370275744
S0_n1000_s2007,Subflow Fwd Bytes,False,Wasserstein distance (normed),0.1,0.02746091537666254
S0_n1000_s2007,Total Fwd Packets,False,Wasserstein distance (normed),0.1,0.05271028661802815
S0_n1000_s2007,Total Length of Fwd Packets,False,Wasserstein distance (normed),0.1,0.02746091537666254
S0_n1000_s2007,act_data_pkt_fwd,False,Wasserstein distance (normed),0.1,0.0996659419580773
S0_n1000_s2007,min_seg_size_forward,False,Wasserstein distance (normed),0.1,0.06579259275700224
S0_n1000_s2008,ACK Flag Count,False,Jensen-Shannon distance,0.1,0.002058200430813024
S0_n1000_s2008,Active Max,False,Wasserstein distance (normed),0.1,0.027624742253063855
S0_n1000_s2008,Active Mean,False,Wasserstein distance (normed),0.1,0.034884311286570095
S0_n1000_s2008,Active Min,False,Wasserstein distance (normed),0.1,0.046144657464990926
S0_n1000_s2008,Average Packet Size,False,Wasserstein distance (normed),0.1,0.017824920360343787
S0_n1000_s2008,Bwd Header Length,False,Wasserstein distance (normed),0.1,0.04757561335259677
S0_n1000_s2008,Bwd IAT Max,False,Wasserstein distance (normed),0.1,0.035840424329821735
S0_n1000_s2008,Bwd IAT Mean,False,Wasserstein distance (normed),0.1,0.04267759197399659
S0_n1000_s2008,Bwd IAT Min,False,Wasserstein distance (normed),0.1,0.032913021296884344
S0_n1000_s2008,Bwd IAT Std,False,Wasserstein distance (normed),0.1,0.041363619088926294
S0_n1000_s2008,Bwd IAT Total,False,Wasserstein distance (normed),0.1,0.027242823122625062
S0_n1000_s2008,Bwd Packet Length Max,False,Wasserstein distance (normed),0.1,0.028770329722866885
S0_n1000_s2008,Bwd Packet Length Mean,False,Wasserstein distance (normed),0.1,0.014613838390198038
S0_n1000_s2008,Bwd Packet Length Min,False,Wasserstein distance (normed),0.1,0.047369788332972056
S0_n1000_s2008,Bwd Packet Length Std,False,Wasserstein distance (normed),0.1,0.028429252477087805
S0_n1000_s2008,Bwd Packets/s,False,Wasserstein distance (normed),0.1,0.02434949700588301
S0_n1000_s2008,Destination Port,False,Wasserstein distance (normed),0.1,0.014573002418129928
S0_n1000_s2008,FIN Flag Count,False,Jensen-Shannon distance,0.1,0.020034754195753835
S0_n1000_s2008,Flow Bytes/s,False,Wasserstein distance (normed),0.1,0.05951268423712663
S0_n1000_s2008,Flow Duration,False,Wasserstein distance (normed),0.1,0.021931478984744988
S0_n1000_s2008,Flow IAT Max,False,Wasserstein distance (normed),0.1,0.023199389896460258
S0_n1000_s2008,Flow IAT Mean,False,Wasserstein distance (normed),0.1,0.032930268509138
S0_n1000_s2008,Flow IAT Min,False,Wasserstein distance (normed),0.1,0.01876617841963046
S0_n1000_s2008,Flow IAT Std,False,Wasserstein distance (normed),0.1,0.029639364161179484
S0_n1000_s2008,Flow Packets/s,False,Wasserstein distance (normed),0.1,0.03283370024932044
S0_n1000_s2008,Fwd Header Length,False,Wasserstein distance (normed),0.1,0.04482909061627594
S0_n1000_s2008,Fwd IAT Max,False,Wasserstein distance (normed),0.1,0.021646927321825
S0_n1000_s2008,Fwd IAT Mean,False,Wasserstein distance (normed),0.1,0.04464196597208707
S0_n1000_s2008,Fwd IAT Min,False,Wasserstein distance (normed),0.1,0.03989985609657364
S0_n1000_s2008,Fwd IAT Std,False,Wasserstein distance (normed),0.1,0.022137659352433014
S0_n1000_s2008,Fwd IAT Total,False,Wasserstein distance (normed),0.1,0.019931395027690733
S0_n1000_s2008,Fwd Packet Length Max,False,Wasserstein distance (normed),0.1,0.05532809620830102
S0_n1000_s2008,Fwd Packet Length Mean,False,Wasserstein distance (normed),0.1,0.038699520255258926
S0_n1000_s2008,Fwd Packet Length Min,False,Wasserstein distance (normed),0.1,0.01860712868192767
S0_n1000_s2008,Fwd Packet Length Std,False,Wasserstein distance (normed),0.1,0.043657930954667336
S0_n1000_s2008,Fwd Packets/s,False,Wasserstein distance (normed),0.1,0.03589344641264125
S0_n1000_s2008,Idle Max,False,Wasserstein distance (normed),0.1,0.020592012910808956
S0_n1000_s2008,Idle Mean,False,Wasserstein distance (normed),0.1,0.02067237110362544
S0_n1000_s2008,Idle Min,False,Wasserstein distance (normed),0.1,0.02071720814999976
S0_n1000_s2008,Init_Win_bytes_backward,False,Wasserstein distance (normed),0.1,0.016341290833688377
S0_n1000_s2008,Init_Win_bytes_forward,False,Wasserstein distance (normed),0.1,0.029780785536396927
S0_n1000_s2008,Max Packet Length,False,Wasserstein distance (normed),0.1,0.025204782699592726
S0_n1000_s2008,Min Packet Length,False,Wasserstein distance (normed),0.1,0.023623355867631604
S0_n1000_s2008,PSH Flag Count,False,Jensen-Shannon distance,0.1,0.0001512253420977948
S0_n1000_s2008,Packet Length Mean,False,Wasserstein distance (normed),0.1,0.018338133681523757
S0_n1000_s2008,Packet Length Std,False,Wasserstein distance (normed),0.1,0.02795639456817136
S0_n1000_s2008,Packet Length Variance,False,Wasserstein distance (normed),0.1,0.03769647530382544
S0_n1000_s2008,Subflow Fwd Bytes,False,Wasserstein distance (normed),0.1,0.03547910177929617
S0_n1000_s2008,Total Fwd Packets,False,Wasserstein distance (normed),0.1,0.03799326335002601
S0_n1000_s2008,Total Length of Fwd Packets,False,Wasserstein distance (normed),0.1,0.03547910177929617
S0_n1000_s2008,act_data_pkt_fwd,False,Wasserstein distance (normed),0.1,0.02821914121322781
S0_n1000_s2008,min_seg_size_forward,False,Wasserstein distance (normed),0.1,0.031024149430131043
S0_n1000_s2009,ACK Flag Count,False,Jensen-Shannon distance,0.1,0.007957972187084973
S0_n1000_s2009,Active Max,False,Wasserstein distance (normed),0.1,0.06873582673217746
S0_n1000_s2009,Active Mean,False,Wasserstein distance (normed),0.1,0.04461777954715609
S0_n1000_s2009,Active Min,False,Wasserstein distance (normed),0.1,0.044529530139686066
S0_n1000_s2009,Average Packet Size,False,Wasserstein distance (normed),0.1,0.03289073892865063
S0_n1000_s2009,Bwd Header Length,False,Wasserstein distance (normed),0.1,0.0322927437794966
S0_n1000_s2009,Bwd IAT Max,False,Wasserstein distance (normed),0.1,0.03584564905226032
S0_n1000_s2009,Bwd IAT Mean,False,Wasserstein distance (normed),0.1,0.02051237912146774
S0_n1000_s2009,Bwd IAT Min,False,Wasserstein distance (normed),0.1,0.016243652000845057
S0_n1000_s2009,Bwd IAT Std,False,Wasserstein distance (normed),0.1,0.043659334223830074
S0_n1000_s2009,Bwd IAT Total,False,Wasserstein distance (normed),0.1,0.025839233782072007
S0_n1000_s2009,Bwd Packet Length Max,False,Wasserstein distance (normed),0.1,0.033850301152855415
S0_n1000_s2009,Bwd Packet Length Mean,False,Wasserstein distance (normed),0.1,0.03567007102283082
S0_n1000_s2009,Bwd Packet Length Min,False,Wasserstein distance (normed),0.1,0.035009884895087204
S0_n1000_s2009,Bwd Packet Length Std,False,Wasserstein distance (normed),0.1,0.03168631420818366
S0_n1000_s2009,Bwd Packets/s,False,Wasserstein distance (normed),0.1,0.03976379458505257
S0_n1000_s2009,Destination Port,False,Wasserstein distance (normed),0.1,0.041644631624310674
S0_n1000_s2009,FIN Flag Count,False,Jensen-Shannon distance,0.1,0.005666485259895169
S0_n1000_s2009,Flow Bytes/s,True,Wasserstein distance (normed),0.1,0.10146497429335216
S0_n1000_s2009,Flow Duration,False,Wasserstein distance (normed),0.1,0.03903149552172273
S0_n1000_s2009,Flow IAT Max,False,Wasserstein distance (normed),0.1,0.013969922268568588
S0_n1000_s2009,Flow IAT Mean,False,Wasserstein distance (normed),0.1,0.026418986168689432
S0_n1000_s2009,Flow IAT Min,False,Wasserstein distance (normed),0.1,0.019363987657488646
S0_n1000_s2009,Flow IAT Std,False,Wasserstein distance (normed),0.1,0.01907631456054255
S0_n1000_s2009,Flow Packets/s,False,Wasserstein distance (normed),0.1,0.010271489243957467
S0_n1000_s2009,Fwd Header Length,False,Wasserstein distance (normed),0.1,0.04024946048608339
S0_n1000_s2009,Fwd IAT Max,False,Wasserstein distance (normed),0.1,0.013575713845954842
S0_n1000_s2009,Fwd IAT Mean,False,Wasserstein distance (normed),0.1,0.0306408100854042
S0_n1000_s2009,Fwd IAT Min,False,Wasserstein distance (normed),0.1,0.0340158662250376
S0_n1000_s2009,Fwd IAT Std,False,Wasserstein distance (normed),0.1,0.03243645486578477
S0_n1000_s2009,Fwd IAT Total,False,Wasserstein distance (normed),0.1,0.041663415971070095
S0_n1000_s2009,Fwd Packet Length Max,False,Wasserstein distance (normed),0.1,0.022869433551445155
S0_n1000_s2009,Fwd Packet Length Mean,False,Wasserstein distance (normed),0.1,0.01874403181979318
S0_n1000_s2009,Fwd Packet Length Min,False,Wasserstein distance (normed),0.1,0.03205412557671972
S0_n1000_s2009,Fwd Packet Length Std,False,Wasserstein distance (normed),0.1,0.014938637269415102
S0_n1000_s2009,Fwd Packets/s,False,Wasserstein distance (normed),0.1,0.011609875885422193
S0_n1000_s2009,Idle Max,False,Wasserstein distance (normed),0.1,0.01653130866686788
S0_n1000_s2009,Idle Mean,False,Wasserstein distance (normed),0.1,0.025356755444162007
S0_n1000_s2009,Idle Min,False,Wasserstein distance (normed),0.1,0.030388265448424993
S0_n1000_s2009,Init_Win_bytes_backward,False,Wasserstein distance (normed),0.1,0.009314531441753534
S0_n1000_s2009,Init_Win_bytes_forward,False,Wasserstein distance (normed),0.1,0.03161782056543704
S0_n1000_s2009,Max Packet Length,False,Wasserstein distance (normed),0.1,0.034569612013765724
S0_n1000_s2009,Min Packet Length,False,Wasserstein distance (normed),0.1,0.029484629191867538
S0_n1000_s2009,PSH Flag Count,False,Jensen-Shannon distance,0.1,0.004676757044791602
S0_n1000_s2009,Packet Length Mean,False,Wasserstein distance (normed),0.1,0.03256397972452791
S0_n1000_s2009,Packet Length Std,False,Wasserstein distance (normed),0.1,0.03328709199705579
S0_n1000_s2009,Packet Length Variance,False,Wasserstein distance (normed),0.1,0.030312325548210638
S0_n1000_s2009,Subflow Fwd Bytes,False,Wasserstein distance (normed),0.1,0.024370339281744577
S0_n1000_s2009,Total Fwd Packets,False,Wasserstein distance (normed),0.1,0.03510888777790179
S0_n1000_s2009,Total Length of Fwd Packets,False,Wasserstein distance (normed),0.1,0.024370339281744577
S0_n1000_s2009,act_data_pkt_fwd,False,Wasserstein distance (normed),0.1,0.032362117624034084
S0_n1000_s2009,min_seg_size_forward,False,Wasserstein distance (normed),0.1,0.06057732625797162
S0_n1000_s2010,ACK Flag Count,False,Jensen-Shannon distance,0.1,0.0027941007721015553
S0_n1000_s2010,Active Max,False,Wasserstein distance (normed),0.1,0.04316673230989489
S0_n1000_s2010,Active Mean,False,Wasserstein distance (normed),0.1,0.033588399214772593
S0_n1000_s2010,Active Min,False,Wasserstein distance (normed),0.1,0.026846074403512717
S0_n1000_s2010,Average Packet Size,False,Wasserstein distance (normed),0.1,0.01262571351604846
S0_n1000_s2010,Bwd Header Length,False,Wasserstein distance (normed),0.1,0.029831575271784663
S0_n1000_s2010,Bwd IAT Max,False,Wasserstein distance (normed),0.1,0.04300622514092149
S0_n1000_s2010,Bwd IAT Mean,False,Wasserstein distance (normed),0.1,0.04490046048679639
S0_n1000_s2010,Bwd IAT Min,False,Wasserstein distance (normed),0.1,0.036101697908569874
S0_n1000_s2010,Bwd IAT Std,False,Wasserstein distance (normed),0.1,0.03372134797994729
S0_n1000_s2010,Bwd IAT Total,False,Wasserstein distance (normed),0.1,0.044715045109278435
S0_n1000_s2010,Bwd Packet Length Max,False,Wasserstein distance (normed),0.1,0.03233483422532623
S0_n1000_s2010,Bwd Packet Length Mean,False,Wasserstein distance (normed),0.1,0.016458097176341675
S0_n1000_s2010,Bwd Packet Length Min,False,Wasserstein distance (normed),0.1,0.049989702488902686
S0_n1000_s2010,Bwd Packet Length Std,False,Wasserstein distance (normed),0.1,0.024727199640077895
S0_n1000_s2010,Bwd Packets/s,False,Wasserstein distance (normed),0.1,0.056381773626966426
S0_n1000_s2010,Destination Port,False,Wasserstein distance (normed),0.1,0.014243799032908065
S0_n1000_s2010,FIN Flag Count,False,Jensen-Shannon distance,0.1,0.020034754195753835
S0_n1000_s2010,Flow Bytes/s,False,Wasserstein distance (normed),0.1,0.054941687525237454
S0_n1000_s2010,Flow Duration,False,Wasserstein distance (normed),0.1,0.04497208904578222
S0_n1000_s2010,Flow IAT Max,False,Wasserstein distance (normed),0.1,0.03284927970740734
S0_n1000_s2010,Flow IAT Mean,False,Wasserstein distance (normed),0.1,0.041195978374533
S0_n1000_s2010,Flow IAT Min,False,Wasserstein distance (normed),0.1,0.015107196751629151
S0_n1000_s2010,Flow IAT Std,False,Wasserstein distance (normed),0.1,0.04365213344540147
S0_n1000_s2010,Flow Packets/s,False,Wasserstein distance (normed),0.1,0.01480262733592624
S0_n1000_s2010,Fwd Header Length,False,Wasserstein distance (normed),0.1,0.032370067388802194
S0_n1000_s2010,Fwd IAT Max,False,Wasserstein distance (normed),0.1,0.033496162568803924
S0_n1000_s2010,Fwd IAT Mean,False,Wasserstein distance (normed),0.1,0.04656027299492784
S0_n1000_s2010,Fwd IAT Min,False,Wasserstein distance (normed),0.1,0.036817274891681705
S0_n1000_s2010,Fwd IAT Std,False,Wasserstein distance (normed),0.1,0.025098444288050102
S0_n1000_s2010,Fwd IAT Total,False,Wasserstein distance (normed),0.1,0.045504830019852595
S0_n1000_s2010,Fwd Packet Length Max,False,Wasserstein distance (normed),0.1,0.04398366284990415
S0_n1000_s2010,Fwd Packet Length Mean,False,Wasserstein distance (normed),0.1,0.04015580475809879
S0_n1000_s2010,Fwd Packet Length Min,False,Wasserstein distance (normed),0.1,0.04717007598682115
S0_n1000_s2010,Fwd Packet Length Std,False,Wasserstein distance (normed),0.1,0.04779808272477419
S0_n1000_s2010,Fwd Packets/s,False,Wasserstein distance (normed),0.1,0.00959876904322407
S0_n1000_s2010,Idle Max,False,Wasserstein distance (normed),0.1,0.039538885944259694
S0_n1000_s2010,Idle Mean,False,Wasserstein distance (normed),0.1,0.03429046497582087
S0_n1000_s2010,Idle Min,False,Wasserstein distance (normed),0.1,0.017900636789417407
S0_n1000_s2010,Init_Win_bytes_backward,False,Wasserstein distance (normed),0.1,0.03397806617481465
S0_n1000_s2010,Init_Win_bytes_forward,False,Wasserstein distance (normed),0.1,0.021230720693217586
S0_n1000_s2010,Max Packet Length,False,Wasserstein distance (normed),0.1,0.02534772365870559
S0_n1000_s2010,Min Packet Length,False,Wasserstein distance (normed),0.1,0.06444548455528575
S0_n1000_s2010,PSH Flag Count,False,Jensen-Shannon distance,0.1,0.005156482766874592
S0_n1000_s2010,Packet Length Mean,False,Wasserstein distance (normed),0.1,0.012017386675589875
S0_n1000_s2010,Packet Length Std,False,Wasserstein distance (normed),0.1,0.020184466703323144
S0_n1000_s2010,Packet Length Variance,False,Wasserstein distance (normed),0.1,0.028539387538343917
S0_n1000_s2010,Subflow Fwd Bytes,False,Wasserstein distance (normed),0.1,0.042359522074766225
S0_n1000_s2010,Total Fwd Packets,False,Wasserstein distance (normed),0.1,0.030507302562838505
S0_n1000_s2010,Total Length of Fwd Packets,False,Wasserstein distance (normed),0.1,0.042359522074766225
S0_n1000_s2010,act_data_pkt_fwd,False,Wasserstein distance (normed),0.1,0.042862869155826336
S0_n1000_s2010,min_seg_size_forward,False,Wasserstein distance (normed),0.1,0.04265820546643022
S0_n1000_s2011,ACK Flag Count,False,Jensen-Shannon distance,0.1,0.0052772691863904935
S0_n1000_s2011,Active Max,False,Wasserstein distance (normed),0.1,0.0342336856356505
S0_n1000_s2011,Active Mean,False,Wasserstein distance (normed),0.1,0.03142586227815048
S0_n1000_s2011,Active Min,False,Wasserstein distance (normed),0.1,0.03645158530975017
S0_n1000_s2011,Average Packet Size,False,Wasserstein distance (normed),0.1,0.03007662391827465
S0_n1000_s2011,Bwd Header Length,False,Wasserstein distance (normed),0.1,0.05097728914545496
S0_n1000_s2011,Bwd IAT Max,False,Wasserstein distance (normed),0.1,0.03391576631139604
S0_n1000_s2011,Bwd IAT Mean,False,Wasserstein distance (normed),0.1,0.06120673052142257
S0_n1000_s2011,Bwd IAT Min,False,Wasserstein distance (normed),0.1,0.05699231340627717
S0_n1000_s2011,Bwd IAT Std,False,Wasserstein distance (normed),0.1,0.025621179424614105
S0_n1000_s2011,Bwd IAT Total,False,Wasserstein distance (normed),0.1,0.04173429233602317
S0_n1000_s2011,Bwd Packet Length Max,False,Wasserstein distance (normed),0.1,0.0378786428607605
S0_n1000_s2011,Bwd Packet Length Mean,False,Wasserstein distance (normed),0.1,0.031628104238996604
S0_n1000_s2011,Bwd Packet Length Min,False,Wasserstein distance (normed),0.1,0.03650786665446865
S0_n1000_s2011,Bwd Packet Length Std,False,Wasserstein distance (normed),0.1,0.03828822360558055
S0_n1000_s2011,Bwd Packets/s,False,Wasserstein distance (normed),0.1,0.07222344905594448
S0_n1000_s2011,Destination Port,False,Wasserstein distance (normed),0.1,0.041088789133837
S0_n1000_s2011,FIN Flag Count,False,Jensen-Shannon distance,0.1,0.002284476804393462
S0_n1000_s2011,Flow Bytes/s,False,Wasserstein distance (normed),0.1,0.023149334468049374
S0_n1000_s2011,Flow Duration,False,Wasserstein distance (normed),0.1,0.04120399617795279
S0_n1000_s2011,Flow IAT Max,False,Wasserstein distance (normed),0.1,0.02508626268855365
S0_n1000_s2011,Flow IAT Mean,False,Wasserstein distance (normed),0.1,0.050425463293954254
S0_n1000_s2011,Flow IAT Min,False,Wasserstein distance (normed),0.1,0.08171368469173633
S0_n1000_s2011,Flow IAT Std,False,Wasserstein distance (normed),0.1,0.05233245950650375
S0_n1000_s2011,Flow Packets/s,False,Wasserstein distance (normed),0.1,0.046493558294381496
S0_n1000_s2011,Fwd Header Length,False,Wasserstein distance (normed),0.1,0.06369869629514957
S0_n1000_s2011,Fwd IAT Max,False,Wasserstein distance (normed),0.1,0.023625198840462623
S0_n1000_s2011,Fwd IAT Mean,False,Wasserstein distance (normed),0.1,0.04522459178424184
S0_n1000_s2011,Fwd IAT Min,False,Wasserstein distance (normed),0.1,0.0425259173459891
S0_n1000_s2011,Fwd IAT Std,False,Wasserstein distance (normed),0.1,0.01611932961562165
S0_n1000_s2011,Fwd IAT Total,False,Wasserstein distance (normed),0.1,0.03893645185360408
S0_n1000_s2011,Fwd Packet Length Max,False,Wasserstein distance (normed),0.1,0.05221772077705903
S0_n1000_s2011,Fwd Packet Length Mean,False,Wasserstein distance (normed),0.1,0.03843173918629372
S0_n1000_s2011,Fwd Packet Length Min,False,Wasserstein distance (normed),0.1,0.020998160044679477
S0_n1000_s2011,Fwd Packet Length Std,False,Wasserstein distance (normed),0.1,0.04852702215818368
S0_n1000_s2011,Fwd Packets/s,False,Wasserstein distance (normed),0.1,0.044483607538589175
S0_n1000_s2011,Idle Max,False,Wasserstein distance (normed),0.1,0.029794091629210876
S0_n1000_s2011,Idle Mean,False,Wasserstein distance (normed),0.1,0.02357862971926496
S0_n1000_s2011,Idle Min,False,Wasserstein distance (normed),0.1,0.011154332557226981
S0_n1000_s2011,Init_Win_bytes_backward,False,Wasserstein distance (normed),0.1,0.023475303082485757
S0_n1000_s2011,Init_Win_bytes_forward,False,Wasserstein distance (normed),0.1,0.050779707664264755
S0_n1000_s2011,Max Packet Length,False,Wasserstein distance (normed),0.1,0.04473558654274928
S0_n1000_s2011,Min Packet Length,False,Wasserstein distance (normed),0.1,0.027167215772917926
S0_n1000_s2011,PSH Flag Count,False,Jensen-Shannon distance,0.1,0.0036368453154222453
S0_n1000_s2011,Packet Length Mean,False,Wasserstein distance (normed),0.1,0.028206762511857858
S0_n1000_s2011,Packet Length Std,False,Wasserstein distance (normed),0.1,0.03865887440383911
S0_n1000_s2011,Packet Length Variance,False,Wasserstein distance (normed),0.1,0.045564135489951196
S0_n1000_s2011,Subflow Fwd Bytes,False,Wasserstein distance (normed),0.1,0.04815182583639296
S0_n1000_s2011,Total Fwd Packets,False,Wasserstein distance (normed),0.1,0.054803135870359905
S0_n1000_s2011,Total Length of Fwd Packets,False,Wasserstein distance (normed),0.1,0.04815182583639296
S0_n1000_s2011,act_data_pkt_fwd,False,Wasserstein distance (normed),0.1,0.08296375403778253
S0_n1000_s2011,min_seg_size_forward,False,Wasserstein distance (normed),0.1,0.029018277699734776
S0_n1000_s2012,ACK Flag Count,False,Jensen-Shannon distance,0.1,0.010387854811748939
S0_n1000_s2012,Active Max,False,Wasserstein distance (normed),0.1,0.05163851829609392
S0_n1000_s2012,Active Mean,False,Wasserstein distance (normed),0.1,0.04498916677979735
S0_n1000_s2012,Active Min,False,Wasserstein distance (normed),0.1,0.04521660608486806
S0_n1000_s2012,Average Packet Size,False,Wasserstein distance (normed),0.1,0.021173174317551117
S0_n1000_s2012,Bwd Header Length,False,Wasserstein distance (normed),0.1,0.02952804112411445
S0_n1000_s2012,Bwd IAT Max,False,Wasserstein distance (normed),0.1,0.03558406753689117
S0_n1000_s2012,Bwd IAT Mean,False,Wasserstein distance (normed),0.1,0.042591118707006506
S0_n1000_s2012,Bwd IAT Min,False,Wasserstein distance (normed),0.1,0.04306242877742847
S0_n1000_s2012,Bwd IAT Std,False,Wasserstein distance (normed),0.1,0.020433078376861785
S0_n1000_s2012,Bwd IAT Total,False,Wasserstein distance (normed),0.1,0.018945580991758155
S0_n1000_s2012,Bwd Packet Length Max,False,Wasserstein distance (normed),0.1,0.04256554005642108
S0_n1000_s2012,Bwd Packet Length Mean,False,Wasserstein distance (normed),0.1,0.020252431108140886
S0_n1000_s2012,Bwd Packet Length Min,False,Wasserstein distance (normed),0.1,0.06394082306538283
S0_n1000_s2012,Bwd Packet Length Std,False,Wasserstein distance (normed),0.1,0.04120842800670405
S0_n1000_s2012,Bwd Packets/s,False,Wasserstein distance (normed),0.1,0.0529178381414788
S0_n1000_s2012,Destination Port,False,Wasserstein distance (normed),0.1,0.034943886540443655
S0_n1000_s2012,FIN Flag Count,False,Jensen-Shannon distance,0.1,0.020034754195753835
S0_n1000_s2012,Flow Bytes/s,False,Wasserstein distance (normed),0.1,0.026829116230519208
S0_n1000_s2012,Flow Duration,False,Wasserstein distance (normed),0.1,0.018293316455259293
S0_n1000_s2012,Flow IAT Max,False,Wasserstein distance (normed),0.1,0.021240789314782235
S0_n1000_s2012,Flow IAT Mean,False,Wasserstein distance (normed),0.1,0.04571349561257953
S0_n1000_s2012,Flow IAT Min,False,Wasserstein distance (normed),0.1,0.012783128466341833
S0_n1000_s2012,Flow IAT Std,False,Wasserstein distance (normed),0.1,0.03965245967562666
S0_n1000_s2012,Flow Packets/s,False,Wasserstein distance (normed),0.1,0.03236054289093765
S0_n1000_s2012,Fwd Header Length,False,Wasserstein distance (normed),0.1,0.0448740771597945
S0_n1000_s2012,Fwd IAT Max,False,Wasserstein distance (normed),0.1,0.020468305009819263
S0_n1000_s2012,Fwd IAT Mean,False,Wasserstein distance (normed),0.1,0.05699406690319061
S0_n1000_s2012,Fwd IAT Min,False,Wasserstein distance (normed),0.1,0.05588718950914612
S0_n1000_s2012,Fwd IAT Std,False,Wasserstein distance (normed),0.1,0.04776565499367048
S0_n1000_s2012,Fwd IAT Total,False,Wasserstein distance (normed),0.1,0.016931229670891102
S0_n1000_s2012,Fwd Packet Length Max,False,Wasserstein distance (normed),0.1,0.0459341526314867
S0_n1000_s2012,Fwd Packet Length Mean,False,Wasserstein distance (normed),0.1,0.042551434572821435
S0_n1000_s2012,Fwd Packet Length Min,False,Wasserstein distance (normed),0.1,0.0334540029130301
S0_n1000_s2012,Fwd Packet Length Std,False,Wasserstein distance (normed),0.1,0.045684988337680914
S0_n1000_s2012,Fwd Packets/s,False,Wasserstein distance (normed),0.1,0.02791880193471923
S0_n1000_s2012,Idle Max,False,Wasserstein distance (normed),0.1,0.015600668605292129
S0_n1000_s2012,Idle Mean,False,Wasserstein distance (normed),0.1,0.02821802020754818
S0_n1000_s2012,Idle Min,False,Wasserstein distance (normed),0.1,0.03961917483235656
S0_n1000_s2012,Init_Win_bytes_backward,False,Wasserstein distance (normed),0.1,0.04043858826183145
S0_n1000_s2012,Init_Win_bytes_forward,False,Wasserstein distance (normed),0.1,0.03949672027490224
S0_n1000_s2012,Max Packet Length,False,Wasserstein distance (normed),0.1,0.050499114699811706
S0_n1000_s2012,Min Packet Length,False,Wasserstein distance (normed),0.1,0.05459826015045504
S0_n1000_s2012,PSH Flag Count,False,Jensen-Shannon distance,0.1,0.008431872018218937
S0_n1000_s2012,Packet Length Mean,False,Wasserstein distance (normed),0.1,0.021222278182978702
S0_n1000_s2012,Packet Length Std,False,Wasserstein distance (normed),0.1,0.03519533400652954
S0_n1000_s2012,Packet Length Variance,False,Wasserstein distance (normed),0.1,0.040431457828514795
S0_n1000_s2012,Subflow Fwd Bytes,False,Wasserstein distance (normed),0.1,0.02640039170303299
S0_n1000_s2012,Total Fwd Packets,False,Wasserstein distance (normed),0.1,0.0434534533865587
S0_n1000_s2012,Total Length of Fwd Packets,False,Wasserstein distance (normed),0.1,0.02640039170303299
S0_n1000_s2012,act_data_pkt_fwd,False,Wasserstein distance (normed),0.1,0.04911641845515655
S0_n1000_s2012,min_seg_size_forward,False,Wasserstein distance (normed),0.1,0.02259948816246607
S0_n1000_s2013,ACK Flag Count,False,Jensen-Shannon distance,0.1,0.001614796700119701
S0_n1000_s2013,Active Max,False,Wasserstein distance (normed),0.1,0.03115648291072046
S0_n1000_s2013,Active Mean,False,Wasserstein distance (normed),0.1,0.049486548791932275
S0_n1000_s2013,Active Min,False,Wasserstein distance (normed),0.1,0.043457419085712934
S0_n1000_s2013,Average Packet Size,False,Wasserstein distance (normed),0.1,0.032165298829898194
S0_n1000_s2013,Bwd Header Length,False,Wasserstein distance (normed),0.1,0.06781670575168323
S0_n1000_s2013,Bwd IAT Max,False,Wasserstein distance (normed),0.1,0.04628361232115054
S0_n1000_s2013,Bwd IAT Mean,False,Wasserstein distance (normed),0.1,0.02081298149297691
S0_n1000_s2013,Bwd IAT Min,False,Wasserstein distance (normed),0.1,0.015125288410926304
S0_n1000_s2013,Bwd IAT Std,False,Wasserstein distance (normed),0.1,0.042049691621019125
S0_n1000_s2013,Bwd IAT Total,False,Wasserstein distance (normed),0.1,0.017913744822512782
S0_n1000_s2013,Bwd Packet Length Max,False,Wasserstein distance (normed),0.1,0.04572441006876719
S0_n1000_s2013,Bwd Packet Length Mean,False,Wasserstein distance (normed),0.1,0.03908240730709784
S0_n1000_s2013,Bwd Packet Length Min,False,Wasserstein distance (normed),0.1,0.05719990514816621
S0_n1000_s2013,Bwd Packet Length Std,False,Wasserstein distance (normed),0.1,0.037890021383498146
S0_n1000_s2013,Bwd Packets/s,False,Wasserstein distance (normed),0.1,0.03337269451527516
S0_n1000_s2013,Destination Port,False,Wasserstein distance (normed),0.1,0.01041197889757201
S0_n1000_s2013,FIN Flag Count,False,Jensen-Shannon distance,0.1,0.005928705390099095
S0_n1000_s2013,Flow Bytes/s,False,Wasserstein distance (normed),0.1,0.027990467836653935
S0_n1000_s2013,Flow Duration,False,Wasserstein distance (normed),0.1,0.037030060248057294
S0_n1000_s2013,Flow IAT Max,False,Wasserstein distance (normed),0.1,0.012975225816326751
S0_n1000_s2013,Flow IAT Mean,False,Wasserstein distance (normed),0.1,0.029168215233293673
S0_n1000_s2013,Flow IAT Min,False,Wasserstein distance (normed),0.1,0.01879585390791783
S0_n1000_s2013,Flow IAT Std,False,Wasserstein distance (normed),0.1,0.0163793725940632
S0_n1000_s2013,Flow Packets/s,False,Wasserstein distance (normed),0.1,0.03933652016983593
S0_n1000_s2013,Fwd Header Length,False,Wasserstein distance (normed),0.1,0.06657108709881225
S0_n1000_s2013,Fwd IAT Max,False,Wasserstein distance (normed),0.1,0.01216590427783868
S0_n1000_s2013,Fwd IAT Mean,False,Wasserstein distance (normed),0.1,0.032924941435319474
S0_n1000_s2013,Fwd IAT Min,False,Wasserstein distance (normed),0.1,0.03621632076212338
S0_n1000_s2013,Fwd IAT Std,False,Wasserstein distance (normed),0.1,0.024937594532721114
S0_n1000_s2013,Fwd IAT Total,False,Wasserstein distance (normed),0.1,0.0410508075350756
S0_n1000_s2013,Fwd Packet Length Max,False,Wasserstein distance (normed),0.1,0.05184029141088833
S0_n1000_s2013,Fwd Packet Length Mean,False,Wasserstein distance (normed),0.1,0.03466149684337779
S0_n1000_s2013,Fwd Packet Length Min,False,Wasserstein distance (normed),0.1,0.03827353194193988
S0_n1000_s2013,Fwd Packet Length Std,False,Wasserstein distance (normed),0.1,0.048413174768524095
S0_n1000_s2013,Fwd Packets/s,False,Wasserstein distance (normed),0.1,0.041333433290217436
S0_n1000_s2013,Idle Max,False,Wasserstein distance (normed),0.1,0.01839845186440748
S0_n1000_s2013,Idle Mean,False,Wasserstein distance (normed),0.1,0.029365654490572667
S0_n1000_s2013,Idle Min,False,Wasserstein distance (normed),0.1,0.04324630505364652
S0_n1000_s2013,Init_Win_bytes_backward,False,Wasserstein distance (normed),0.1,0.020779729429435297
S0_n1000_s2013,Init_Win_bytes_forward,False,Wasserstein distance (normed),0.1,0.03759638251885057
S0_n1000_s2013,Max Packet Length,False,Wasserstein distance (normed),0.1,0.03878025392140189
S0_n1000_s2013,Min Packet Length,False,Wasserstein distance (normed),0.1,0.06117971426027215
S0_n1000_s2013,PSH Flag Count,False,Jensen-Shannon distance,0.1,0.016644090238490093
S0_n1000_s2013,Packet Length Mean,False,Wasserstein distance (normed),0.1,0.03390539320040461
S0_n1000_s2013,Packet Length Std,False,Wasserstein distance (normed),0.1,0.03319457333325611
S0_n1000_s2013,Packet Length Variance,False,Wasserstein distance (normed),0.1,0.03008214449387354
S0_n1000_s2013,Subflow Fwd Bytes,False,Wasserstein distance (normed),0.1,0.037790794700561375
S0_n1000_s2013,Total Fwd Packets,False,Wasserstein distance (normed),0.1,0.04589511084761342
S0_n1000_s2013,Total Length of Fwd Packets,False,Wasserstein distance (normed),0.1,0.037790794700561375
S0_n1000_s2013,act_data_pkt_fwd,False,Wasserstein distance (normed),0.1,0.029339568796024534
S0_n1000_s2013,min_seg_size_forward,False,Wasserstein distance (normed),0.1,0.03650686549321479
S0_n1000_s2014,ACK Flag Count,False,Jensen-Shannon distance,0.1,0.03187526478658229
S0_n1000_s2014,Active Max,False,Wasserstein distance (normed),0.1,0.03434824687424544
S0_n1000_s2014,Active Mean,False,Wasserstein distance (normed),0.1,0.029135262739963013
S0_n1000_s2014,Active Min,False,Wasserstein distance (normed),0.1,0.023564213355262785
S0_n1000_s2014,Average Packet Size,False,Wasserstein distance (normed),0.1,0.04400464592025052
S0_n1000_s2014,Bwd Header Length,False,Wasserstein distance (normed),0.1,0.04691621158351964
S0_n1000_s2014,Bwd IAT Max,False,Wasserstein distance (normed),0.1,0.026778223674378425
S0_n1000_s2014,Bwd IAT Mean,False,Wasserstein distance (normed),0.1,0.028252186682604145
S0_n1000_s2014,Bwd IAT Min,False,Wasserstein distance (normed),0.1,0.023519210464531055
S0_n1000_s2014,Bwd IAT Std,False,Wasserstein distance (normed),0.1,0.02892119837772826
S0_n1000_s2014,Bwd IAT Total,False,Wasserstein distance (normed),0.1,0.02848151939296909
S0_n1000_s2014,Bwd Packet Length Max,False,Wasserstein distance (normed),0.1,0.05823366984280191
S0_n1000_s2014,Bwd Packet Length Mean,False,Wasserstein distance (normed),0.1,0.04993182346347335
S0_n1000_s2014,Bwd Packet Length Min,False,Wasserstein distance (normed),0.1,0.06478304932428815
S0_n1000_s2014,Bwd Packet Length Std,False,Wasserstein distance (normed),0.1,0.053155541251544085
S0_n1000_s2014,Bwd Packets/s,False,Wasserstein distance (normed),0.1,0.04968626170430681
S0_n1000_s2014,Destination Port,False,Wasserstein distance (normed),0.1,0.08542694328859557
S0_n1000_s2014,FIN Flag Count,False,Jensen-Shannon distance,0.1,0.005666485259895169
S0_n1000_s2014,Flow Bytes/s,True,Wasserstein distance (normed),0.1,0.2836723022368347
S0_n1000_s2014,Flow Duration,False,Wasserstein distance (normed),0.1,0.031931511045185094
S0_n1000_s2014,Flow IAT Max,False,Wasserstein distance (normed),0.1,0.029628176042186382
S0_n1000_s2014,Flow IAT Mean,False,Wasserstein distance (normed),0.1,0.02263947992478317
S0_n1000_s2014,Flow IAT Min,False,Wasserstein distance (normed),0.1,0.017532043575390868
S0_n1000_s2014,Flow IAT Std,False,Wasserstein distance (normed),0.1,0.03008592829870968
S0_n1000_s2014,Flow Packets/s,False,Wasserstein distance (normed),0.1,0.047552497158653735
S0_n1000_s2014,Fwd Header Length,False,Wasserstein distance (normed),0.1,0.04868443739581923
S0_n1000_s2014,Fwd IAT Max,False,Wasserstein distance (normed),0.1,0.029051530927069663
S0_n1000_s2014,Fwd IAT Mean,False,Wasserstein distance (normed),0.1,0.023151582423455386
S0_n1000_s2014,Fwd IAT Min,False,Wasserstein distance (normed),0.1,0.018350453637101635
S0_n1000_s2014,Fwd IAT Std,False,Wasserstein distance (normed),0.1,0.02235162797608802
S0_n1000_s2014,Fwd IAT Total,False,Wasserstein distance (normed),0.1,0.031848210863651354
S0_n1000_s2014,Fwd Packet Length Max,False,Wasserstein distance (normed),0.1,0.03171221460676921
S0_n1000_s2014,Fwd Packet Length Mean,False,Wasserstein distance (normed),0.1,0.02904915375810196
S0_n1000_s2014,Fwd Packet Length Min,False,Wasserstein distance (normed),0.1,0.030085441634167532
S0_n1000_s2014,Fwd Packet Length Std,False,Wasserstein distance (normed),0.1,0.027872024675881544
S0_n1000_s2014,Fwd Packets/s,False,Wasserstein distance (normed),0.1,0.052715308344923495
S0_n1000_s2014,Idle Max,False,Wasserstein distance (normed),0.1,0.02860632288931607
S0_n1000_s2014,Idle Mean,False,Wasserstein distance (normed),0.1,0.03441462375220502
S0_n1000_s2014,Idle Min,False,Wasserstein distance (normed),0.1,0.038182981806682365
S0_n1000_s2014,Init_Win_bytes_backward,False,Wasserstein distance (normed),0.1,0.06777352563373579
S0_n1000_s2014,Init_Win_bytes_forward,False,Wasserstein distance (normed),0.1,0.05305411812822828
S0_n1000_s2014,Max Packet Length,False,Wasserstein distance (normed),0.1,0.056860832185057664
S0_n1000_s2014,Min Packet Length,False,Wasserstein distance (normed),0.1,0.07431410046859784
S0_n1000_s2014,PSH Flag Count,False,Jensen-Shannon distance,0.1,0.015155804694150834
S0_n1000_s2014,Packet Length Mean,False,Wasserstein distance (normed),0.1,0.04253934098215946
S0_n1000_s2014,Packet Length Std,False,Wasserstein distance (normed),0.1,0.04648536082879712
S0_n1000_s2014,Packet Length Variance,False,Wasserstein distance (normed),0.1,0.035692921118213546
S0_n1000_s2014,Subflow Fwd Bytes,False,Wasserstein distance (normed),0.1,0.028928521613830974
S0_n1000_s2014,Total Fwd Packets,False,Wasserstein distance (normed),0.1,0.04263509566609559
S0_n1000_s2014,Total Length of Fwd Packets,False,Wasserstein distance (normed),0.1,0.028928521613830974
S0_n1000_s2014,act_data_pkt_fwd,False,Wasserstein distance (normed),0.1,0.03512410189790537
S0_n1000_s2014,min_seg_size_forward,False,Wasserstein distance (normed),0.1,0.05990870234783948
S0_n1000_s2015,ACK Flag Count,False,Jensen-Shannon distance,0.1,0.004267230374072342
S0_n1000_s2015,Active Max,False,Wasserstein distance (normed),0.1,0.03633522249022472
S0_n1000_s2015,Active Mean,False,Wasserstein distance (normed),0.1,0.024143505473822765
S0_n1000_s2015,Active Min,False,Wasserstein distance (normed),0.1,0.02392465786979018
S0_n1000_s2015,Average Packet Size,False,Wasserstein distance (normed),0.1,0.014302706695233642
S0_n1000_s2015,Bwd Header Length,False,Wasserstein distance (normed),0.1,0.03753207212155195
S0_n1000_s2015,Bwd IAT Max,False,Wasserstein distance (normed),0.1,0.024283995745230456
S0_n1000_s2015,Bwd IAT Mean,False,Wasserstein distance (normed),0.1,0.015986851435013705
S0_n1000_s2015,Bwd IAT Min,False,Wasserstein distance (normed),0.1,0.008977354231322137
S0_n1000_s2015,Bwd IAT Std,False,Wasserstein distance (normed),0.1,0.043813547566102715
S0_n1000_s2015,Bwd IAT Total,False,Wasserstein distance (normed),0.1,0.013156850431568529
S0_n1000_s2015,Bwd Packet Length Max,False,Wasserstein distance (normed),0.1,0.016518864051178157
S0_n1000_s2015,Bwd Packet Length Mean,False,Wasserstein distance (normed),0.1,0.011746664422802911
S0_n1000_s2015,Bwd Packet Length Min,False,Wasserstein distance (normed),0.1,0.028408820046692554
S0_n1000_s2015,Bwd Packet Length Std,False,Wasserstein distance (normed),0.1,0.01160718526995092
S0_n1000_s2015,Bwd Packets/s,False,Wasserstein distance (normed),0.1,0.029887499558144022
S0_n1000_s2015,Destination Port,False,Wasserstein distance (normed),0.1,0.021245203133363595
S0_n1000_s2015,FIN Flag Count,False,Jensen-Shannon distance,0.1,0.014815608873972317
S0_n1000_s2015,Flow Bytes/s,False,Wasserstein distance (normed),0.1,0.09826861899213016
S0_n1000_s2015,Flow Duration,False,Wasserstein distance (normed),0.1,0.025740763334342793
S0_n1000_s2015,Flow IAT Max,False,Wasserstein distance (normed),0.1,0.05540194239158696
S0_n1000_s2015,Flow IAT Mean,False,Wasserstein distance (normed),0.1,0.04606305236773732
S0_n1000_s2015,Flow IAT Min,False,Wasserstein distance (normed),0.1,0.028714450379626017
S0_n1000_s2015,Flow IAT Std,False,Wasserstein distance (normed),0.1,0.050240446269636765
S0_n1000_s2015,Flow Packets/s,False,Wasserstein distance (normed),0.1,0.020967875798386135
S0_n1000_s2015,Fwd Header Length,False,Wasserstein distance (normed),0.1,0.05240257521763169
S0_n1000_s2015,Fwd IAT Max,False,Wasserstein distance (normed),0.1,0.05888001484376854
S0_n1000_s2015,Fwd IAT Mean,False,Wasserstein distance (normed),0.1,0.041554861776781
S0_n1000_s2015,Fwd IAT Min,False,Wasserstein distance (normed),0.1,0.024527925336614603
S0_n1000_s2015,Fwd IAT Std,False,Wasserstein distance (normed),0.1,0.059075220413407716
S0_n1000_s2015,Fwd IAT Total,False,Wasserstein distance (normed),0.1,0.026362257100538408
S0_n1000_s2015,Fwd Packet Length Max,False,Wasserstein distance (normed),0.1,0.03583817992024209
S0_n1000_s2015,Fwd Packet Length Mean,False,Wasserstein distance (normed),0.1,0.022276047987226537
S0_n1000_s2015,Fwd Packet Length Min,False,Wasserstein distance (normed),0.1,0.019993381907910585
S0_n1000_s2015,Fwd Packet Length Std,False,Wasserstein distance (normed),0.1,0.030677616973319128
S0_n1000_s2015,Fwd Packets/s,False,Wasserstein distance (normed),0.1,0.02227518819832282
S0_n1000_s2015,Idle Max,False,Wasserstein distance (normed),0.1,0.051818238022491823
S0_n1000_s2015,Idle Mean,False,Wasserstein distance (normed),0.1,0.04525850368396145
S0_n1000_s2015,Idle Min,False,Wasserstein distance (normed),0.1,0.032905810955667365
S0_n1000_s2015,Init_Win_bytes_backward,False,Wasserstein distance (normed),0.1,0.057737258300650206
S0_n1000_s2015,Init_Win_bytes_forward,False,Wasserstein distance (normed),0.1,0.012947008238794385
S0_n1000_s2015,Max Packet Length,False,Wasserstein distance (normed),0.1,0.018269949690338582
S0_n1000_s2015,Min Packet Length,False,Wasserstein distance (normed),0.1,0.023958489500525787
S0_n1000_s2015,PSH Flag Count,False,Jensen-Shannon distance,0.1,0.009929931787222008
S0_n1000_s2015,Packet Length Mean,False,Wasserstein distance (normed),0.1,0.01394928212565923
S0_n1000_s2015,Packet Length Std,False,Wasserstein distance (normed),0.1,0.01504973846406808
S0_n1000_s2015,Packet Length Variance,False,Wasserstein distance (normed),0.1,0.01861384914183853
S0_n1000_s2015,Subflow Fwd Bytes,False,Wasserstein distance (normed),0.1,0.026981467461567075
S0_n1000_s2015,Total Fwd Packets,False,Wasserstein distance (normed),0.1,0.050121056453284206
S0_n1000_s2015,Total Length of Fwd Packets,False,Wasserstein distance (normed),0.1,0.026981467461567075
S0_n1000_s2015,act_data_pkt_fwd,True,Wasserstein distance (normed),0.1,0.11970335617134822
S0_n1000_s2015,min_seg_size_forward,False,Wasserstein distance (normed),0.1,0.046803673709249684
S0_n1000_s2016,ACK Flag Count,False,Jensen-Shannon distance,0.1,0.010918947404939643
S0_n1000_s2016,Active Max,False,Wasserstein distance (normed),0.1,0.050863398409175295
S0_n1000_s2016,Active Mean,False,Wasserstein distance (normed),0.1,0.042981651285282654
S0_n1000_s2016,Active Min,False,Wasserstein distance (normed),0.1,0.027107574328118215
S0_n1000_s2016,Average Packet Size,False,Wasserstein distance (normed),0.1,0.023749887662480988
S0_n1000_s2016,Bwd Header Length,False,Wasserstein distance (normed),0.1,0.09128303537503064
S0_n1000_s2016,Bwd IAT Max,False,Wasserstein distance (normed),0.1,0.06210627775767678
S0_n1000_s2016,Bwd IAT Mean,False,Wasserstein distance (normed),0.1,0.0493334633010132
S0_n1000_s2016,Bwd IAT Min,False,Wasserstein distance (normed),0.1,0.039230407343119604
S0_n1000_s2016,Bwd IAT Std,False,Wasserstein distance (normed),0.1,0.04746359001602294
S0_n1000_s2016,Bwd IAT Total,False,Wasserstein distance (normed),0.1,0.019682053699233572
S0_n1000_s2016,Bwd Packet Length Max,False,Wasserstein distance (normed),0.1,0.03305372012201731
S0_n1000_s2016,Bwd Packet Length Mean,False,Wasserstein distance (normed),0.1,0.025685117591473777
S0_n1000_s2016,Bwd Packet Length Min,False,Wasserstein distance (normed),0.1,0.056792777325595754
S0_n1000_s2016,Bwd Packet Length Std,False,Wasserstein distance (normed),0.1,0.02053731398862739
S0_n1000_s2016,Bwd Packets/s,False,Wasserstein distance (normed),0.1,0.06311507381702702
S0_n1000_s2016,Destination Port,False,Wasserstein distance (normed),0.1,0.032379813630804416
S0_n1000_s2016,FIN Flag Count,False,Jensen-Shannon distance,0.1,0.005666485259895169
S0_n1000_s2016,Flow Bytes/s,True,Wasserstein distance (normed),0.1,0.12160863013366206
S0_n1000_s2016,Flow Duration,False,Wasserstein distance (normed),0.1,0.01706571924185421
S0_n1000_s2016,Flow IAT Max,False,Wasserstein distance (normed),0.1,0.019016853152486704
S0_n1000_s2016,Flow IAT Mean,False,Wasserstein distance (normed),0.1,0.05014495360679635
S0_n1000_s2016,Flow IAT Min,False,Wasserstein distance (normed),0.1,0.0426827011453917
S0_n1000_s2016,Flow IAT Std,False,Wasserstein distance (normed),0.1,0.02042915012070606
S0_n1000_s2016,Flow Packets/s,False,Wasserstein distance (normed),0.1,0.017820280725827073
S0_n1000_s2016,Fwd Header Length,True,Wasserstein distance (normed),0.1,0.12194502351584664
S0_n1000_s2016,Fwd IAT Max,False,Wasserstein distance (normed),0.1,0.019075535336616545
S0_n1000_s2016,Fwd IAT Mean,False,Wasserstein distance (normed),0.1,0.05413267882054717
S0_n1000_s2016,Fwd IAT Min,False,Wasserstein distance (normed),0.1,0.05466134552088544
S0_n1000_s2016,Fwd IAT Std,False,Wasserstein distance (normed),0.1,0.027115034602461674
S0_n1000_s2016,Fwd IAT Total,False,Wasserstein distance (normed),0.1,0.01713098568308165
S0_n1000_s2016,Fwd Packet Length Max,False,Wasserstein distance (normed),0.1,0.03266446153827087
S0_n1000_s2016,Fwd Packet Length Mean,False,Wasserstein distance (normed),0.1,0.013603776770298066
S0_n1000_s2016,Fwd Packet Length Min,False,Wasserstein distance (normed),0.1,0.020824452637982376
S0_n1000_s2016,Fwd Packet Length Std,False,Wasserstein distance (normed),0.1,0.024502526140599848
S0_n1000_s2016,Fwd Packets/s,False,Wasserstein distance (normed),0.1,0.015565093424253442
S0_n1000_s2016,Idle Max,False,Wasserstein distance (normed),0.1,0.01735534027422615
S0_n1000_s2016,Idle Mean,False,Wasserstein distance (normed),0.1,0.01550527772338545
S0_n1000_s2016,Idle Min,False,Wasserstein distance (normed),0.1,0.01635823624789507
S0_n1000_s2016,Init_Win_bytes_backward,False,Wasserstein distance (normed),0.1,0.03729243223638131
S0_n1000_s2016,Init_Win_bytes_forward,False,Wasserstein distance (normed),0.1,0.04533631643054782
S0_n1000_s2016,Max Packet Length,False,Wasserstein distance (normed),0.1,0.0373479382020264
S0_n1000_s2016,Min Packet Length,False,Wasserstein distance (normed),0.1,0.054462780596733124
S0_n1000_s2016,PSH Flag Count,False,Jensen-Shannon distance,0.1,0.010678123986599671
S0_n1000_s2016,Packet Length Mean,False,Wasserstein distance (normed),0.1,0.023511002587638545
S0_n1000_s2016,Packet Length Std,False,Wasserstein distance (normed),0.1,0.02629108321938492
S0_n1000_s2016,Packet Length Variance,False,Wasserstein distance (normed),0.1,0.022525207993129705
S0_n1000_s2016,Subflow Fwd Bytes,False,Wasserstein distance (normed),0.1,0.027673881289826622
S0_n1000_s2016,Total Fwd Packets,True,Wasserstein distance (normed),0.1,0.11976195689466404
S0_n1000_s2016,Total Length of Fwd Packets,False,Wasserstein distance (normed),0.1,0.027673881289826622
S0_n1000_s2016,act_data_pkt_fwd,True,Wasserstein distance (normed),0.1,0.20360514260403023
S0_n1000_s2016,min_seg_size_forward,False,Wasserstein distance (normed),0.1,0.02259948816246607
S0_n1000_s2017,ACK Flag Count,False,Jensen-Shannon distance,0.1,0.006480300238858072
S0_n1000_s2017,Active Max,False,Wasserstein distance (normed),0.1,0.039833137465871124
S0_n1000_s2017,Active Mean,False,Wasserstein distance (normed),0.1,0.0367186512699633
S0_n1000_s2017,Active Min,False,Wasserstein distance (normed),0.1,0.04262941477705438
S0_n1000_s2017,Average Packet Size,False,Wasserstein distance (normed),0.1,0.012319823385247035
S0_n1000_s2017,Bwd Header Length,False,Wasserstein distance (normed),0.1,0.06821892587839891
S0_n1000_s2017,Bwd IAT Max,False,Wasserstein distance (normed),0.1,0.04871833490991
S0_n1000_s2017,Bwd IAT Mean,False,Wasserstein distance (normed),0.1,0.03314310471332689
S0_n1000_s2017,Bwd IAT Min,False,Wasserstein distance (normed),0.1,0.030985683109512097
S0_n1000_s2017,Bwd IAT Std,False,Wasserstein distance (normed),0.1,0.04454108373528444
S0_n1000_s2017,Bwd IAT Total,False,Wasserstein distance (normed),0.1,0.030343213200377975
S0_n1000_s2017,Bwd Packet Length Max,False,Wasserstein distance (normed),0.1,0.033149191793040614
S0_n1000_s2017,Bwd Packet Length Mean,False,Wasserstein distance (normed),0.1,0.026325028187573925
S0_n1000_s2017,Bwd Packet Length Min,False,Wasserstein distance (normed),0.1,0.022065706414124944
S0_n1000_s2017,Bwd Packet Length Std,False,Wasserstein distance (normed),0.1,0.03338451567090635
S0_n1000_s2017,Bwd Packets/s,False,Wasserstein distance (normed),0.1,0.06684793712407347
S0_n1000_s2017,Destination Port,False,Wasserstein distance (normed),0.1,0.020853240772042175
S0_n1000_s2017,FIN Flag Count,False,Jensen-Shannon distance,0.1,0.02587470388407388
S0_n1000_s2017,Flow Bytes/s,False,Wasserstein distance (normed),0.1,0.02212548867806339
S0_n1000_s2017,Flow Duration,False,Wasserstein distance (normed),0.1,0.03507660271293564
S0_n1000_s2017,Flow IAT Max,False,Wasserstein distance (normed),0.1,0.04738633586574836
S0_n1000_s2017,Flow IAT Mean,False,Wasserstein distance (normed),0.1,0.03645792022058063
S0_n1000_s2017,Flow IAT Min,False,Wasserstein distance (normed),0.1,0.01816224504430276
S0_n1000_s2017,Flow IAT Std,False,Wasserstein distance (normed),0.1,0.03781639552398185
S0_n1000_s2017,Flow Packets/s,False,Wasserstein distance (normed),0.1,0.053364552662748664
S0_n1000_s2017,Fwd Header Length,False,Wasserstein distance (normed),0.1,0.0751950074913263
S0_n1000_s2017,Fwd IAT Max,False,Wasserstein distance (normed),0.1,0.04805409162389012
S0_n1000_s2017,Fwd IAT Mean,False,Wasserstein distance (normed),0.1,0.04634081267009943
S0_n1000_s2017,Fwd IAT Min,False,Wasserstein distance (normed),0.1,0.041791607424877565
S0_n1000_s2017,Fwd IAT Std,False,Wasserstein distance (normed),0.1,0.03341129299404761
S0_n1000_s2017,Fwd IAT Total,False,Wasserstein distance (normed),0.1,0.034684253871867354
S0_n1000_s2017,Fwd Packet Length Max,False,Wasserstein distance (normed),0.1,0.033541800830943234
S0_n1000_s2017,Fwd Packet Length Mean,False,Wasserstein distance (normed),0.1,0.04508361920227539
S0_n1000_s2017,Fwd Packet Length Min,False,Wasserstein distance (normed),0.1,0.0242168561099209
S0_n1000_s2017,Fwd Packet Length Std,False,Wasserstein distance (normed),0.1,0.042632207298840895
S0_n1000_s2017,Fwd Packets/s,False,Wasserstein distance (normed),0.1,0.04743712833266655
S0_n1000_s2017,Idle Max,False,Wasserstein distance (normed),0.1,0.04717746974857842
S0_n1000_s2017,Idle Mean,False,Wasserstein distance (normed),0.1,0.03907371773925947
S0_n1000_s2017,Idle Min,False,Wasserstein distance (normed),0.1,0.021408460566737
S0_n1000_s2017,Init_Win_bytes_backward,False,Wasserstein distance (normed),0.1,0.03888088195485425
S0_n1000_s2017,Init_Win_bytes_forward,False,Wasserstein distance (normed),0.1,0.08196139342407634
S0_n1000_s2017,Max Packet Length,False,Wasserstein distance (normed),0.1,0.023787876218362692
S0_n1000_s2017,Min Packet Length,False,Wasserstein distance (normed),0.1,0.020136539984965614
S0_n1000_s2017,PSH Flag Count,False,Jensen-Shannon distance,0.1,0.015155804694150834
S0_n1000_s2017,Packet Length Mean,False,Wasserstein distance (normed),0.1,0.012119804316217165
S0_n1000_s2017,Packet Length Std,False,Wasserstein distance (normed),0.1,0.023247356907655954
S0_n1000_s2017,Packet Length Variance,False,Wasserstein distance (normed),0.1,0.0318765194727839
S0_n1000_s2017,Subflow Fwd Bytes,False,Wasserstein distance (normed),0.1,0.031971996520607636
S0_n1000_s2017,Total Fwd Packets,False,Wasserstein distance (normed),0.1,0.07169350259270604
S0_n1000_s2017,Total Length of Fwd Packets,False,Wasserstein distance (normed),0.1,0.031971996520607636
S0_n1000_s2017,act_data_pkt_fwd,True,Wasserstein distance (normed),0.1,0.15602605501829195
S0_n1000_s2017,min_seg_size_forward,False,Wasserstein distance (normed),0.1,0.027012405969338214
S0_n1000_s2018,ACK Flag Count,False,Jensen-Shannon distance,0.1,0.022723755295011364
S0_n1000_s2018,Active Max,False,Wasserstein distance (normed),0.1,0.033165993375146564
S0_n1000_s2018,Active Mean,False,Wasserstein distance (normed),0.1,0.038094478263293804
S0_n1000_s2018,Active Min,False,Wasserstein distance (normed),0.1,0.03447499295493722
S0_n1000_s2018,Average Packet Size,False,Wasserstein distance (normed),0.1,0.025226825185509377
S0_n1000_s2018,Bwd Header Length,False,Wasserstein distance (normed),0.1,0.0651596605279868
S0_n1000_s2018,Bwd IAT Max,False,Wasserstein distance (normed),0.1,0.05211598122365273
S0_n1000_s2018,Bwd IAT Mean,False,Wasserstein distance (normed),0.1,0.07159936683462341
S0_n1000_s2018,Bwd IAT Min,False,Wasserstein distance (normed),0.1,0.07344785837792242
S0_n1000_s2018,Bwd IAT Std,False,Wasserstein distance (normed),0.1,0.03244800908354619
S0_n1000_s2018,Bwd IAT Total,False,Wasserstein distance (normed),0.1,0.023328916476111634
S0_n1000_s2018,Bwd Packet Length Max,False,Wasserstein distance (normed),0.1,0.02379152669193544
S0_n1000_s2018,Bwd Packet Length Mean,False,Wasserstein distance (normed),0.1,0.020398045921436646
S0_n1000_s2018,Bwd Packet Length Min,False,Wasserstein distance (normed),0.1,0.04628204224213412
S0_n1000_s2018,Bwd Packet Length Std,False,Wasserstein distance (normed),0.1,0.02937158017530098
S0_n1000_s2018,Bwd Packets/s,False,Wasserstein distance (normed),0.1,0.03502517609639704
S0_n1000_s2018,Destination Port,False,Wasserstein distance (normed),0.1,0.03562069033828284
S0_n1000_s2018,FIN Flag Count,False,Jensen-Shannon distance,0.1,0.02587470388407388
S0_n1000_s2018,Flow Bytes/s,False,Wasserstein distance (normed),0.1,0.07683184534719494
S0_n1000_s2018,Flow Duration,False,Wasserstein distance (normed),0.1,0.023140166572572743
S0_n1000_s2018,Flow IAT Max,False,Wasserstein distance (normed),0.1,0.033006240497257824
S0_n1000_s2018,Flow IAT Mean,False,Wasserstein distance (normed),0.1,0.05960747813045676
S0_n1000_s2018,Flow IAT Min,False,Wasserstein distance (normed),0.1,0.018330524646746022
S0_n1000_s2018,Flow IAT Std,False,Wasserstein distance (normed),0.1,0.05165918186311928
S0_n1000_s2018,Flow Packets/s,False,Wasserstein distance (normed),0.1,0.03243238645962216
S0_n1000_s2018,Fwd Header Length,False,Wasserstein distance (normed),0.1,0.09451897725973704
S0_n1000_s2018,Fwd IAT Max,False,Wasserstein distance (normed),0.1,0.031223993702412984
S0_n1000_s2018,Fwd IAT Mean,False,Wasserstein distance (normed),0.1,0.07813090210498938
S0_n1000_s2018,Fwd IAT Min,False,Wasserstein distance (normed),0.1,0.0817099584600577
S0_n1000_s2018,Fwd IAT Std,False,Wasserstein distance (normed),0.1,0.03563141395025374
S0_n1000_s2018,Fwd IAT Total,False,Wasserstein distance (normed),0.1,0.024262462244458702
S0_n1000_s2018,Fwd Packet Length Max,False,Wasserstein distance (normed),0.1,0.03484256540836572
S0_n1000_s2018,Fwd Packet Length Mean,False,Wasserstein distance (normed),0.1,0.02015018905504697
S0_n1000_s2018,Fwd Packet Length Min,False,Wasserstein distance (normed),0.1,0.022234548057041115
S0_n1000_s2018,Fwd Packet Length Std,False,Wasserstein distance (normed),0.1,0.03761947216749873
S0_n1000_s2018,Fwd Packets/s,False,Wasserstein distance (normed),0.1,0.03313673905908621
S0_n1000_s2018,Idle Max,False,Wasserstein distance (normed),0.1,0.03512120927928703
S0_n1000_s2018,Idle Mean,False,Wasserstein distance (normed),0.1,0.030084862638225494
S0_n1000_s2018,Idle Min,False,Wasserstein distance (normed),0.1,0.021757564997321375
S0_n1000_s2018,Init_Win_bytes_backward,False,Wasserstein distance (normed),0.1,0.027268611531128986
S0_n1000_s2018,Init_Win_bytes_forward,False,Wasserstein distance (normed),0.1,0.026215691743181307
S0_n1000_s2018,Max Packet Length,False,Wasserstein distance (normed),0.1,0.024563880044619974
S0_n1000_s2018,Min Packet Length,False,Wasserstein distance (normed),0.1,0.040650996619791366
S0_n1000_s2018,PSH Flag Count,False,Jensen-Shannon distance,0.1,0.004396344593936764
S0_n1000_s2018,Packet Length Mean,False,Wasserstein distance (normed),0.1,0.02519244800903708
S0_n1000_s2018,Packet Length Std,False,Wasserstein distance (normed),0.1,0.03217595636982968
S0_n1000_s2018,Packet Length Variance,False,Wasserstein distance (normed),0.1,0.04082287494012749
S0_n1000_s2018,Subflow Fwd Bytes,False,Wasserstein distance (normed),0.1,0.040256049797711545
S0_n1000_s2018,Total Fwd Packets,False,Wasserstein distance (normed),0.1,0.08072226891847152
S0_n1000_s2018,Total Length of Fwd Packets,False,Wasserstein distance (normed),0.1,0.040256049797711545
S0_n1000_s2018,act_data_pkt_fwd,True,Wasserstein distance (normed),0.1,0.13426891474770514
S0_n1000_s2018,min_seg_size_forward,False,Wasserstein distance (normed),0.1,0.033832369852686235
S0_n1000_s2019,ACK Flag Count,False,Jensen-Shannon distance,0.1,0.007469877590612277
S0_n1000_s2019,Active Max,False,Wasserstein distance (normed),0.1,0.042525174310362804
S0_n1000_s2019,Active Mean,False,Wasserstein distance (normed),0.1,0.03609144620622225
S0_n1000_s2019,Active Min,False,Wasserstein distance (normed),0.1,0.036765580750197376
S0_n1000_s2019,Average Packet Size,False,Wasserstein distance (normed),0.1,0.02284662202158511
S0_n1000_s2019,Bwd Header Length,False,Wasserstein distance (normed),0.1,0.06270596823080922
S0_n1000_s2019,Bwd IAT Max,False,Wasserstein distance (normed),0.1,0.029244826062415245
S0_n1000_s2019,Bwd IAT Mean,False,Wasserstein distance (normed),0.1,0.015365725765470453
S0_n1000_s2019,Bwd IAT Min,False,Wasserstein distance (normed),0.1,0.015135931572037149
S0_n1000_s2019,Bwd IAT Std,False,Wasserstein distance (normed),0.1,0.03750913524907848
S0_n1000_s2019,Bwd IAT Total,False,Wasserstein distance (normed),0.1,0.013333322989761521
S0_n1000_s2019,Bwd Packet Length Max,False,Wasserstein distance (normed),0.1,0.02344924256296853
S0_n1000_s2019,Bwd Packet Length Mean,False,Wasserstein distance (normed),0.1,0.014768065826697294
S0_n1000_s2019,Bwd Packet Length Min,False,Wasserstein distance (normed),0.1,0.02738633872130557
S0_n1000_s2019,Bwd Packet Length Std,False,Wasserstein distance (normed),0.1,0.01986721859797277
S0_n1000_s2019,Bwd Packets/s,False,Wasserstein distance (normed),0.1,0.05484451514415522
S0_n1000_s2019,Destination Port,False,Wasserstein distance (normed),0.1,0.026954860921118432
S0_n1000_s2019,FIN Flag Count,False,Jensen-Shannon distance,0.1,0.020034754195753835
S0_n1000_s2019,Flow Bytes/s,True,Wasserstein distance (normed),0.1,0.10199411603433312
S0_n1000_s2019,Flow Duration,False,Wasserstein distance (normed),0.1,0.022966021263539364
S0_n1000_s2019,Flow IAT Max,False,Wasserstein distance (normed),0.1,0.03911829167366118
S0_n1000_s2019,Flow IAT Mean,False,Wasserstein distance (normed),0.1,0.025559684361505308
S0_n1000_s2019,Flow IAT Min,False,Wasserstein distance (normed),0.1,0.014626127136163992
S0_n1000_s2019,Flow IAT Std,False,Wasserstein distance (normed),0.1,0.028623495891063732
S0_n1000_s2019,Flow Packets/s,False,Wasserstein distance (normed),0.1,0.05507826868692041
S0_n1000_s2019,Fwd Header Length,False,Wasserstein distance (normed),0.1,0.06284395196829698
S0_n1000_s2019,Fwd IAT Max,False,Wasserstein distance (normed),0.1,0.03837623439583969
S0_n1000_s2019,Fwd IAT Mean,False,Wasserstein distance (normed),0.1,0.026275180684334327
S0_n1000_s2019,Fwd IAT Min,False,Wasserstein distance (normed),0.1,0.026365121642890597
S0_n1000_s2019,Fwd IAT Std,False,Wasserstein distance (normed),0.1,0.05581614740282872
S0_n1000_s2019,Fwd IAT Total,False,Wasserstein distance (normed),0.1,0.023802353314549222
S0_n1000_s2019,Fwd Packet Length Max,False,Wasserstein distance (normed),0.1,0.042200598211950456
S0_n1000_s2019,Fwd Packet Length Mean,False,Wasserstein distance (normed),0.1,0.05230964174631334
S0_n1000_s2019,Fwd Packet Length Min,False,Wasserstein distance (normed),0.1,0.020562188514147782
S0_n1000_s2019,Fwd Packet Length Std,False,Wasserstein distance (normed),0.1,0.03796081697994635
S0_n1000_s2019,Fwd Packets/s,False,Wasserstein distance (normed),0.1,0.037624694455787484
S0_n1000_s2019,Idle Max,False,Wasserstein distance (normed),0.1,0.036384546204630094
S0_n1000_s2019,Idle Mean,False,Wasserstein distance (normed),0.1,0.0451013375009204
S0_n1000_s2019,Idle Min,False,Wasserstein distance (normed),0.1,0.05119942782904711
S0_n1000_s2019,Init_Win_bytes_backward,False,Wasserstein distance (normed),0.1,0.026353820497443604
S0_n1000_s2019,Init_Win_bytes_forward,False,Wasserstein distance (normed),0.1,0.052024947201829645
S0_n1000_s2019,Max Packet Length,False,Wasserstein distance (normed),0.1,0.034825351299478786
S0_n1000_s2019,Min Packet Length,False,Wasserstein distance (normed),0.1,0.04057969159151601
S0_n1000_s2019,PSH Flag Count,False,Jensen-Shannon distance,0.1,0.004676757044791602
S0_n1000_s2019,Packet Length Mean,False,Wasserstein distance (normed),0.1,0.0228803958629653
S0_n1000_s2019,Packet Length Std,False,Wasserstein distance (normed),0.1,0.02740224072045542
S0_n1000_s2019,Packet Length Variance,False,Wasserstein distance (normed),0.1,0.02841154033855043
S0_n1000_s2019,Subflow Fwd Bytes,False,Wasserstein distance (normed),0.1,0.07752961018224905
S0_n1000_s2019,Total Fwd Packets,False,Wasserstein distance (normed),0.1,0.051637030591191097
S0_n1000_s2019,Total Length of Fwd Packets,False,Wasserstein distance (normed),0.1,0.07752961018224905
S0_n1000_s2019,act_data_pkt_fwd,False,Wasserstein distance (normed),0.1,0.09729480451541449
S0_n1000_s2019,min_seg_size_forward,False,Wasserstein distance (normed),0.1,0.013105028638589792
S0_n1000_s2020,ACK Flag Count,False,Jensen-Shannon distance,0.1,0.00869750660341424
S0_n1000_s2020,Active Max,False,Wasserstein distance (normed),0.1,0.03827263442671547
S0_n1000_s2020,Active Mean,False,Wasserstein distance (normed),0.1,0.03253857600285462
S0_n1000_s2020,Active Min,False,Wasserstein distance (normed),0.1,0.03321926866826459
S0_n1000_s2020,Average Packet Size,False,Wasserstein distance (normed),0.1,0.02982141638525549
S0_n1000_s2020,Bwd Header Length,False,Wasserstein distance (normed),0.1,0.04974072392317194
S0_n1000_s2020,Bwd IAT Max,False,Wasserstein distance (normed),0.1,0.0585750466511241
S0_n1000_s2020,Bwd IAT Mean,False,Wasserstein distance (normed),0.1,0.0314058494269259
S0_n1000_s2020,Bwd IAT Min,False,Wasserstein distance (normed),0.1,0.018733197636527227
S0_n1000_s2020,Bwd IAT Std,False,Wasserstein distance (normed),0.1,0.06362906879985517
S0_n1000_s2020,Bwd IAT Total,False,Wasserstein distance (normed),0.1,0.052527702460883216
S0_n1000_s2020,Bwd Packet Length Max,False,Wasserstein distance (normed),0.1,0.03748728450837039
S0_n1000_s2020,Bwd Packet Length Mean,False,Wasserstein distance (normed),0.1,0.038448957072052946
S0_n1000_s2020,Bwd Packet Length Min,False,Wasserstein distance (normed),0.1,0.045284423684538506
S0_n1000_s2020,Bwd Packet Length Std,False,Wasserstein distance (normed),0.1,0.03794746232093155
S0_n1000_s2020,Bwd Packets/s,False,Wasserstein distance (normed),0.1,0.047783665173611524
S0_n1000_s2020,Destination Port,False,Wasserstein distance (normed),0.1,0.0366125276058639
S0_n1000_s2020,FIN Flag Count,False,Jensen-Shannon distance,0.1,0.005666485259895169
S0_n1000_s2020,Flow Bytes/s,True,Wasserstein distance (normed),0.1,0.1029438117529012
S0_n1000_s2020,Flow Duration,False,Wasserstein distance (normed),0.1,0.06079843967507582
S0_n1000_s2020,Flow IAT Max,False,Wasserstein distance (normed),0.1,0.056917809349881054
S0_n1000_s2020,Flow IAT Mean,False,Wasserstein distance (normed),0.1,0.03722511601890858
S0_n1000_s2020,Flow IAT Min,False,Wasserstein distance (normed),0.1,0.013997123511200903
S0_n1000_s2020,Flow IAT Std,False,Wasserstein distance (normed),0.1,0.053679958933267616
S0_n1000_s2020,Flow Packets/s,False,Wasserstein distance (normed),0.1,0.05634109094521057
S0_n1000_s2020,Fwd Header Length,False,Wasserstein distance (normed),0.1,0.04980235300225624
S0_n1000_s2020,Fwd IAT Max,False,Wasserstein distance (normed),0.1,0.05388231581450638
S0_n1000_s2020,Fwd IAT Mean,False,Wasserstein distance (normed),0.1,0.0339997570957835
S0_n1000_s2020,Fwd IAT Min,False,Wasserstein distance (normed),0.1,0.017993249092163176
S0_n1000_s2020,Fwd IAT Std,False,Wasserstein distance (normed),0.1,0.0623701267041565
S0_n1000_s2020,Fwd IAT Total,False,Wasserstein distance (normed),0.1,0.059614791675624376
S0_n1000_s2020,Fwd Packet Length Max,False,Wasserstein distance (normed),0.1,0.026024227898343563
S0_n1000_s2020,Fwd Packet Length Mean,False,Wasserstein distance (normed),0.1,0.028693292225683124
S0_n1000_s2020,Fwd Packet Length Min,False,Wasserstein distance (normed),0.1,0.026778188851787284
S0_n1000_s2020,Fwd Packet Length Std,False,Wasserstein distance (normed),0.1,0.021534566257758684
S0_n1000_s2020,Fwd Packets/s,False,Wasserstein distance (normed),0.1,0.05339639946302433
S0_n1000_s2020,Idle Max,False,Wasserstein distance (normed),0.1,0.056148781351656726
S0_n1000_s2020,Idle Mean,False,Wasserstein distance (normed),0.1,0.06138211585666674
S0_n1000_s2020,Idle Min,False,Wasserstein distance (normed),0.1,0.06115843130075388
S0_n1000_s2020,Init_Win_bytes_backward,False,Wasserstein distance (normed),0.1,0.028178250575730063
S0_n1000_s2020,Init_Win_bytes_forward,False,Wasserstein distance (normed),0.1,0.04896402371227605
S0_n1000_s2020,Max Packet Length,False,Wasserstein distance (normed),0.1,0.03404752269502005
S0_n1000_s2020,Min Packet Length,False,Wasserstein distance (normed),0.1,0.038611672811115494
S0_n1000_s2020,PSH Flag Count,False,Jensen-Shannon distance,0.1,0.021836873735805847
S0_n1000_s2020,Packet Length Mean,False,Wasserstein distance (normed),0.1,0.03018442913597551
S0_n1000_s2020,Packet Length Std,False,Wasserstein distance (normed),0.1,0.03355080855820381
S0_n1000_s2020,Packet Length Variance,False,Wasserstein distance (normed),0.1,0.026980010040090926
S0_n1000_s2020,Subflow Fwd Bytes,False,Wasserstein distance (normed),0.1,0.03953446135291754
S0_n1000_s2020,Total Fwd Packets,False,Wasserstein distance (normed),0.1,0.05588980759753141
S0_n1000_s2020,Total Length of Fwd Packets,False,Wasserstein distance (normed),0.1,0.03953446135291754
S0_n1000_s2020,act_data_pkt_fwd,False,Wasserstein distance (normed),0.1,0.041012860821441365
S0_n1000_s2020,min_seg_size_forward,False,Wasserstein distance (normed),0.1,0.013907377330748566
S0_n1000_s2021,ACK Flag Count,False,Jensen-Shannon distance,0.1,0.006739406549799819
S0_n1000_s2021,Active Max,False,Wasserstein distance (normed),0.1,0.04236434237395357
S0_n1000_s2021,Active Mean,False,Wasserstein distance (normed),0.1,0.04242947831252141
S0_n1000_s2021,Active Min,False,Wasserstein distance (normed),0.1,0.05983578382694966
S0_n1000_s2021,Average Packet Size,False,Wasserstein distance (normed),0.1,0.03083185781701643
S0_n1000_s2021,Bwd Header Length,False,Wasserstein distance (normed),0.1,0.03278168794840414
S0_n1000_s2021,Bwd IAT Max,False,Wasserstein distance (normed),0.1,0.06418532824132463
S0_n1000_s2021,Bwd IAT Mean,False,Wasserstein distance (normed),0.1,0.03793981519148435
S0_n1000_s2021,Bwd IAT Min,False,Wasserstein distance (normed),0.1,0.03305762810247631
S0_n1000_s2021,Bwd IAT Std,False,Wasserstein distance (normed),0.1,0.05967724423819484
S0_n1000_s2021,Bwd IAT Total,False,Wasserstein distance (normed),0.1,0.038232332913879744
S0_n1000_s2021,Bwd Packet Length Max,False,Wasserstein distance (normed),0.1,0.01255922625606549
S0_n1000_s2021,Bwd Packet Length Mean,False,Wasserstein distance (normed),0.1,0.012455941120734827
S0_n1000_s2021,Bwd Packet Length Min,False,Wasserstein distance (normed),0.1,0.018333183399566643
S0_n1000_s2021,Bwd Packet Length Std,False,Wasserstein distance (normed),0.1,0.012229286052508379
S0_n1000_s2021,Bwd Packets/s,False,Wasserstein distance (normed),0.1,0.06498014804296062
S0_n1000_s2021,Destination Port,False,Wasserstein distance (normed),0.1,0.036187975575258824
S0_n1000_s2021,FIN Flag Count,False,Jensen-Shannon distance,0.1,0.0015682575128543685
S0_n1000_s2021,Flow Bytes/s,True,Wasserstein distance (normed),0.1,0.12073111991962988
S0_n1000_s2021,Flow Duration,False,Wasserstein distance (normed),0.1,0.08105073757918013
S0_n1000_s2021,Flow IAT Max,False,Wasserstein distance (normed),0.1,0.035808617358209824
S0_n1000_s2021,Flow IAT Mean,False,Wasserstein distance (normed),0.1,0.05381560901457334
S0_n1000_s2021,Flow IAT Min,False,Wasserstein distance (normed),0.1,0.04370674577167327
S0_n1000_s2021,Flow IAT Std,False,Wasserstein distance (normed),0.1,0.03840656021268342
S0_n1000_s2021,Flow Packets/s,False,Wasserstein distance (normed),0.1,0.04879554378871573
S0_n1000_s2021,Fwd Header Length,False,Wasserstein distance (normed),0.1,0.04431174536581221
S0_n1000_s2021,Fwd IAT Max,False,Wasserstein distance (normed),0.1,0.03717249488575744
S0_n1000_s2021,Fwd IAT Mean,False,Wasserstein distance (normed),0.1,0.04344237676223071
S0_n1000_s2021,Fwd IAT Min,False,Wasserstein distance (normed),0.1,0.024181029800051837
S0_n1000_s2021,Fwd IAT Std,False,Wasserstein distance (normed),0.1,0.061165867756036135
S0_n1000_s2021,Fwd IAT Total,False,Wasserstein distance (normed),0.1,0.08259441623190404
S0_n1000_s2021,Fwd Packet Length Max,False,Wasserstein distance (normed),0.1,0.019526187355281496
S0_n1000_s2021,Fwd Packet Length Mean,False,Wasserstein distance (normed),0.1,0.03673153157527597
S0_n1000_s2021,Fwd Packet Length Min,False,Wasserstein distance (normed),0.1,0.020766550169085216
S0_n1000_s2021,Fwd Packet Length Std,False,Wasserstein distance (normed),0.1,0.02096795828604352
S0_n1000_s2021,Fwd Packets/s,False,Wasserstein distance (normed),0.1,0.041527997198330426
S0_n1000_s2021,Idle Max,False,Wasserstein distance (normed),0.1,0.03194581710231014
S0_n1000_s2021,Idle Mean,False,Wasserstein distance (normed),0.1,0.0382871982625919
S0_n1000_s2021,Idle Min,False,Wasserstein distance (normed),0.1,0.04024491679156949
S0_n1000_s2021,Init_Win_bytes_backward,False,Wasserstein distance (normed),0.1,0.04437410605401827
S0_n1000_s2021,Init_Win_bytes_forward,False,Wasserstein distance (normed),0.1,0.034667685606187854
S0_n1000_s2021,Max Packet Length,False,Wasserstein distance (normed),0.1,0.013113869921222474
S0_n1000_s2021,Min Packet Length,False,Wasserstein distance (normed),0.1,0.028536272315804988
S0_n1000_s2021,PSH Flag Count,False,Jensen-Shannon distance,0.1,0.006678694058679978
S0_n1000_s2021,Packet Length Mean,False,Wasserstein distance (normed),0.1,0.02809258461369177
S0_n1000_s2021,Packet Length Std,False,Wasserstein distance (normed),0.1,0.011534956698210936
S0_n1000_s2021,Packet Length Variance,False,Wasserstein distance (normed),0.1,0.014017108333638985
S0_n1000_s2021,Subflow Fwd Bytes,False,Wasserstein distance (normed),0.1,0.030257372671757054
S0_n1000_s2021,Total Fwd Packets,False,Wasserstein distance (normed),0.1,0.04496942752446598
S0_n1000_s2021,Total Length of Fwd Packets,False,Wasserstein distance (normed),0.1,0.030257372671757054
S0_n1000_s2021,act_data_pkt_fwd,False,Wasserstein distance (normed),0.1,0.04080440917813002
S0_n1000_s2021,min_seg_size_forward,False,Wasserstein distance (normed),0.1,0.017116772099382917
S0_n1000_s2022,ACK Flag Count,False,Jensen-Shannon distance,0.1,0.012572327297263295
S0_n1000_s2022,Active Max,False,Wasserstein distance (normed),0.1,0.08357298761830219
S0_n1000_s2022,Active Mean,False,Wasserstein distance (normed),0.1,0.05097277642695229
S0_n1000_s2022,Active Min,False,Wasserstein distance (normed),0.1,0.03395621876355545
S0_n1000_s2022,Average Packet Size,False,Wasserstein distance (normed),0.1,0.02769742434185702
S0_n1000_s2022,Bwd Header Length,False,Wasserstein distance (normed),0.1,0.05995621799649414
S0_n1000_s2022,Bwd IAT Max,False,Wasserstein distance (normed),0.1,0.06852692557495371
S0_n1000_s2022,Bwd IAT Mean,False,Wasserstein distance (normed),0.1,0.04665476342895136
S0_n1000_s2022,Bwd IAT Min,False,Wasserstein distance (normed),0.1,0.047654044694439845
S0_n1000_s2022,Bwd IAT Std,False,Wasserstein distance (normed),0.1,0.03713366087515318
S0_n1000_s2022,Bwd IAT Total,False,Wasserstein distance (normed),0.1,0.018511114286465874
S0_n1000_s2022,Bwd Packet Length Max,False,Wasserstein distance (normed),0.1,0.02319419387172329
S0_n1000_s2022,Bwd Packet Length Mean,False,Wasserstein distance (normed),0.1,0.02789389761385857
S0_n1000_s2022,Bwd Packet Length Min,False,Wasserstein distance (normed),0.1,0.035389042103894104
S0_n1000_s2022,Bwd Packet Length Std,False,Wasserstein distance (normed),0.1,0.022401386319041774
S0_n1000_s2022,Bwd Packets/s,False,Wasserstein distance (normed),0.1,0.028593775227021327
S0_n1000_s2022,Destination Port,False,Wasserstein distance (normed),0.1,0.04645941436484616
S0_n1000_s2022,FIN Flag Count,False,Jensen-Shannon distance,0.1,0.009393048096721937
S0_n1000_s2022,Flow Bytes/s,False,Wasserstein distance (normed),0.1,0.026986555398702514
S0_n1000_s2022,Flow Duration,False,Wasserstein distance (normed),0.1,0.032423691314416435
S0_n1000_s2022,Flow IAT Max,False,Wasserstein distance (normed),0.1,0.062414540776941564
S0_n1000_s2022,Flow IAT Mean,False,Wasserstein distance (normed),0.1,0.04239226835982971
S0_n1000_s2022,Flow IAT Min,False,Wasserstein distance (normed),0.1,0.016531689938011976
S0_n1000_s2022,Flow IAT Std,False,Wasserstein distance (normed),0.1,0.05357467872738832
S0_n1000_s2022,Flow Packets/s,False,Wasserstein distance (normed),0.1,0.05600738219808649
S0_n1000_s2022,Fwd Header Length,False,Wasserstein distance (normed),0.1,0.07106974145067138
S0_n1000_s2022,Fwd IAT Max,False,Wasserstein distance (normed),0.1,0.06420718771702366
S0_n1000_s2022,Fwd IAT Mean,False,Wasserstein distance (normed),0.1,0.0510435752367543
S0_n1000_s2022,Fwd IAT Min,False,Wasserstein distance (normed),0.1,0.046145250642313854
S0_n1000_s2022,Fwd IAT Std,False,Wasserstein distance (normed),0.1,0.04186521413382785
S0_n1000_s2022,Fwd IAT Total,False,Wasserstein distance (normed),0.1,0.032305690286465925
S0_n1000_s2022,Fwd Packet Length Max,False,Wasserstein distance (normed),0.1,0.019601094994110613
S0_n1000_s2022,Fwd Packet Length Mean,False,Wasserstein distance (normed),0.1,0.025988024204039232
S0_n1000_s2022,Fwd Packet Length Min,False,Wasserstein distance (normed),0.1,0.02203018640210504
S0_n1000_s2022,Fwd Packet Length Std,False,Wasserstein distance (normed),0.1,0.021558416817574835
S0_n1000_s2022,Fwd Packets/s,False,Wasserstein distance (normed),0.1,0.05557111142255252
S0_n1000_s2022,Idle Max,False,Wasserstein distance (normed),0.1,0.06641713109145064
S0_n1000_s2022,Idle Mean,False,Wasserstein distance (normed),0.1,0.06066645345976489
S0_n1000_s2022,Idle Min,False,Wasserstein distance (normed),0.1,0.046848722468392466
S0_n1000_s2022,Init_Win_bytes_backward,False,Wasserstein distance (normed),0.1,0.02109953794808022
S0_n1000_s2022,Init_Win_bytes_forward,False,Wasserstein distance (normed),0.1,0.02057629639681866
S0_n1000_s2022,Max Packet Length,False,Wasserstein distance (normed),0.1,0.022171190316263818
S0_n1000_s2022,Min Packet Length,False,Wasserstein distance (normed),0.1,0.041592222993026354
S0_n1000_s2022,PSH Flag Count,False,Jensen-Shannon distance,0.1,0.005917264393077883
S0_n1000_s2022,Packet Length Mean,False,Wasserstein distance (normed),0.1,0.028176174772808153
S0_n1000_s2022,Packet Length Std,False,Wasserstein distance (normed),0.1,0.021957971959830864
S0_n1000_s2022,Packet Length Variance,False,Wasserstein distance (normed),0.1,0.02313757526891679
S0_n1000_s2022,Subflow Fwd Bytes,False,Wasserstein distance (normed),0.1,0.030726890672187396
S0_n1000_s2022,Total Fwd Packets,False,Wasserstein distance (normed),0.1,0.04601585215063294
S0_n1000_s2022,Total Length of Fwd Packets,False,Wasserstein distance (normed),0.1,0.030726890672187396
S0_n1000_s2022,act_data_pkt_fwd,False,Wasserstein distance (normed),0.1,0.06808551799645905
S0_n1000_s2022,min_seg_size_forward,False,Wasserstein distance (normed),0.1,0.04185585677427174
S0_n1000_s2023,ACK Flag Count,False,Jensen-Shannon distance,0.1,0.00869750660341424
S0_n1000_s2023,Active Max,False,Wasserstein distance (normed),0.1,0.04304505320703464
S0_n1000_s2023,Active Mean,False,Wasserstein distance (normed),0.1,0.0595400865725577
S0_n1000_s2023,Active Min,False,Wasserstein distance (normed),0.1,0.05815885746818009
S0_n1000_s2023,Average Packet Size,False,Wasserstein distance (normed),0.1,0.04197992132843791
S0_n1000_s2023,Bwd Header Length,True,Wasserstein distance (normed),0.1,0.16653707536569226
S0_n1000_s2023,Bwd IAT Max,False,Wasserstein distance (normed),0.1,0.02932681980229701
S0_n1000_s2023,Bwd IAT Mean,False,Wasserstein distance (normed),0.1,0.03335351622064516
S0_n1000_s2023,Bwd IAT Min,False,Wasserstein distance (normed),0.1,0.026138732739438265
S0_n1000_s2023,Bwd IAT Std,False,Wasserstein distance (normed),0.1,0.03575798249145747
S0_n1000_s2023,Bwd IAT Total,False,Wasserstein distance (normed),0.1,0.014527075648639169
S0_n1000_s2023,Bwd Packet Length Max,False,Wasserstein distance (normed),0.1,0.031834139875854955
S0_n1000_s2023,Bwd Packet Length Mean,False,Wasserstein distance (normed),0.1,0.03933659980678349
S0_n1000_s2023,Bwd Packet Length Min,False,Wasserstein distance (normed),0.1,0.05025076155070366
S0_n1000_s2023,Bwd Packet Length Std,False,Wasserstein distance (normed),0.1,0.026653667827694846
S0_n1000_s2023,Bwd Packets/s,False,Wasserstein distance (normed),0.1,0.029125057926165418
S0_n1000_s2023,Destination Port,False,Wasserstein distance (normed),0.1,0.014699099893736804
S0_n1000_s2023,FIN Flag Count,False,Jensen-Shannon distance,0.1,0.010059493360239136
S0_n1000_s2023,Flow Bytes/s,True,Wasserstein distance (normed),0.1,0.20860927939513396
S0_n1000_s2023,Flow Duration,False,Wasserstein distance (normed),0.1,0.028754628808079233
S0_n1000_s2023,Flow IAT Max,False,Wasserstein distance (normed),0.1,0.03701901737485032
S0_n1000_s2023,Flow IAT Mean,False,Wasserstein distance (normed),0.1,0.028412887929161856
S0_n1000_s2023,Flow IAT Min,False,Wasserstein distance (normed),0.1,0.01951823750739672
S0_n1000_s2023,Flow IAT Std,False,Wasserstein distance (normed),0.1,0.031117227671319053
S0_n1000_s2023,Flow Packets/s,False,Wasserstein distance (normed),0.1,0.013626286752469605
S0_n1000_s2023,Fwd Header Length,True,Wasserstein distance (normed),0.1,0.17814221367927124
S0_n1000_s2023,Fwd IAT Max,False,Wasserstein distance (normed),0.1,0.03671174525841369
S0_n1000_s2023,Fwd IAT Mean,False,Wasserstein distance (normed),0.1,0.031175281169874683
S0_n1000_s2023,Fwd IAT Min,False,Wasserstein distance (normed),0.1,0.034301938790717974
S0_n1000_s2023,Fwd IAT Std,False,Wasserstein distance (normed),0.1,0.04881005427806752
S0_n1000_s2023,Fwd IAT Total,False,Wasserstein distance (normed),0.1,0.02820958153277961
S0_n1000_s2023,Fwd Packet Length Max,False,Wasserstein distance (normed),0.1,0.051512011969142596
S0_n1000_s2023,Fwd Packet Length Mean,False,Wasserstein distance (normed),0.1,0.022098307529397305
S0_n1000_s2023,Fwd Packet Length Min,False,Wasserstein distance (normed),0.1,0.038964955541140316
S0_n1000_s2023,Fwd Packet Length Std,False,Wasserstein distance (normed),0.1,0.04694150822802628
S0_n1000_s2023,Fwd Packets/s,False,Wasserstein distance (normed),0.1,0.010948897562188972
S0_n1000_s2023,Idle Max,False,Wasserstein distance (normed),0.1,0.03629790874816239
S0_n1000_s2023,Idle Mean,False,Wasserstein distance (normed),0.1,0.04222728044023697
S0_n1000_s2023,Idle Min,False,Wasserstein distance (normed),0.1,0.045268353992650626
S0_n1000_s2023,Init_Win_bytes_backward,False,Wasserstein distance (normed),0.1,0.026713689342423165
S0_n1000_s2023,Init_Win_bytes_forward,False,Wasserstein distance (normed),0.1,0.021042864911268677
S0_n1000_s2023,Max Packet Length,False,Wasserstein distance (normed),0.1,0.04143659030767738
S0_n1000_s2023,Min Packet Length,False,Wasserstein distance (normed),0.1,0.028978363491112376
S0_n1000_s2023,PSH Flag Count,False,Jensen-Shannon distance,0.1,0.006931551026572744
S0_n1000_s2023,Packet Length Mean,False,Wasserstein distance (normed),0.1,0.041909162650325495
S0_n1000_s2023,Packet Length Std,False,Wasserstein distance (normed),0.1,0.035302099927922
S0_n1000_s2023,Packet Length Variance,False,Wasserstein distance (normed),0.1,0.025711657695984755
S0_n1000_s2023,Subflow Fwd Bytes,False,Wasserstein distance (normed),0.1,0.03276436856063593
S0_n1000_s2023,Total Fwd Packets,True,Wasserstein distance (normed),0.1,0.1095660246397134
S0_n1000_s2023,Total Length of Fwd Packets,False,Wasserstein distance (normed),0.1,0.03276436856063593
S0_n1000_s2023,act_data_pkt_fwd,False,Wasserstein distance (normed),0.1,0.05385869334048252
S0_n1000_s2023,min_seg_size_forward,False,Wasserstein distance (normed),0.1,0.039047636351716854
S0_n1000_s2024,ACK Flag Count,False,Jensen-Shannon distance,0.1,0.031119357591196852
S0_n1000_s2024,Active Max,False,Wasserstein distance (normed),0.1,0.04957533733971172
S0_n1000_s2024,Active Mean,False,Wasserstein distance (normed),0.1,0.04513838341643319
S0_n1000_s2024,Active Min,False,Wasserstein distance (normed),0.1,0.033815144299375134
S0_n1000_s2024,Average Packet Size,False,Wasserstein distance (normed),0.1,0.03538409964678602
S0_n1000_s2024,Bwd Header Length,True,Wasserstein distance (normed),0.1,0.12788357166407702
S0_n1000_s2024,Bwd IAT Max,False,Wasserstein distance (normed),0.1,0.023029188377626526
S0_n1000_s2024,Bwd IAT Mean,False,Wasserstein distance (normed),0.1,0.015722947963053627
S0_n1000_s2024,Bwd IAT Min,False,Wasserstein distance (normed),0.1,0.011912898497649963
S0_n1000_s2024,Bwd IAT Std,False,Wasserstein distance (normed),0.1,0.03693748973235646
S0_n1000_s2024,Bwd IAT Total,False,Wasserstein distance (normed),0.1,0.02164548046928903
S0_n1000_s2024,Bwd Packet Length Max,False,Wasserstein distance (normed),0.1,0.03447728441295401
S0_n1000_s2024,Bwd Packet Length Mean,False,Wasserstein distance (normed),0.1,0.036871158470425075
S0_n1000_s2024,Bwd Packet Length Min,False,Wasserstein distance (normed),0.1,0.06857151356637536
S0_n1000_s2024,Bwd Packet Length Std,False,Wasserstein distance (normed),0.1,0.031232258664357193
S0_n1000_s2024,Bwd Packets/s,False,Wasserstein distance (normed),0.1,0.06957487441935938
S0_n1000_s2024,Destination Port,False,Wasserstein distance (normed),0.1,0.0913817622042425
S0_n1000_s2024,FIN Flag Count,False,Jensen-Shannon distance,0.1,0.005666485259895169
S0_n1000_s2024,Flow Bytes/s,True,Wasserstein distance (normed),0.1,0.12440108569098818
S0_n1000_s2024,Flow Duration,False,Wasserstein distance (normed),0.1,0.016860753279710417
S0_n1000_s2024,Flow IAT Max,False,Wasserstein distance (normed),0.1,0.012572265832015386
S0_n1000_s2024,Flow IAT Mean,False,Wasserstein distance (normed),0.1,0.01715227958076842
S0_n1000_s2024,Flow IAT Min,False,Wasserstein distance (normed),0.1,0.018101736804776333
S0_n1000_s2024,Flow IAT Std,False,Wasserstein distance (normed),0.1,0.017378702031886753
S0_n1000_s2024,Flow Packets/s,False,Wasserstein distance (normed),0.1,0.0369367734807041
S0_n1000_s2024,Fwd Header Length,True,Wasserstein distance (normed),0.1,0.13778478548874265
S0_n1000_s2024,Fwd IAT Max,False,Wasserstein distance (normed),0.1,0.01077040404167164
S0_n1000_s2024,Fwd IAT Mean,False,Wasserstein distance (normed),0.1,0.013028880922239241
S0_n1000_s2024,Fwd IAT Min,False,Wasserstein distance (normed),0.1,0.011428452209954873
S0_n1000_s2024,Fwd IAT Std,False,Wasserstein distance (normed),0.1,0.012094820277647253
S0_n1000_s2024,Fwd IAT Total,False,Wasserstein distance (normed),0.1,0.013768924630796613
S0_n1000_s2024,Fwd Packet Length Max,False,Wasserstein distance (normed),0.1,0.04682726195338635
S0_n1000_s2024,Fwd Packet Length Mean,False,Wasserstein distance (normed),0.1,0.033373093665220135
S0_n1000_s2024,Fwd Packet Length Min,False,Wasserstein distance (normed),0.1,0.08674471046518682
S0_n1000_s2024,Fwd Packet Length Std,False,Wasserstein distance (normed),0.1,0.04028511992456835
S0_n1000_s2024,Fwd Packets/s,False,Wasserstein distance (normed),0.1,0.02948895851176844
S0_n1000_s2024,Idle Max,False,Wasserstein distance (normed),0.1,0.008423677139337326
S0_n1000_s2024,Idle Mean,False,Wasserstein distance (normed),0.1,0.01362604014793217
S0_n1000_s2024,Idle Min,False,Wasserstein distance (normed),0.1,0.017134349343205027
S0_n1000_s2024,Init_Win_bytes_backward,False,Wasserstein distance (normed),0.1,0.04184616464391594
S0_n1000_s2024,Init_Win_bytes_forward,False,Wasserstein distance (normed),0.1,0.026705433987601924
S0_n1000_s2024,Max Packet Length,False,Wasserstein distance (normed),0.1,0.03344960370434791
S0_n1000_s2024,Min Packet Length,False,Wasserstein distance (normed),0.1,0.047482018328572476
S0_n1000_s2024,PSH Flag Count,False,Jensen-Shannon distance,0.1,0.016644090238490093
S0_n1000_s2024,Packet Length Mean,False,Wasserstein distance (normed),0.1,0.035442789025577875
S0_n1000_s2024,Packet Length Std,False,Wasserstein distance (normed),0.1,0.032556108433639
S0_n1000_s2024,Packet Length Variance,False,Wasserstein distance (normed),0.1,0.029808083835342378
S0_n1000_s2024,Subflow Fwd Bytes,False,Wasserstein distance (normed),0.1,0.026595650732970457
S0_n1000_s2024,Total Fwd Packets,False,Wasserstein distance (normed),0.1,0.07659023321514942
S0_n1000_s2024,Total Length of Fwd Packets,False,Wasserstein distance (normed),0.1,0.026595650732970457
S0_n1000_s2024,act_data_pkt_fwd,False,Wasserstein distance (normed),0.1,0.044999498499764444
S0_n1000_s2024,min_seg_size_forward,False,Wasserstein distance (normed),0.1,0.02915200248176134
S1_a15_n500_s42,ACK Flag Count,False,Jensen-Shannon distance,0.1,0.03187526478658229
S1_a15_n500_s42,Active Max,False,Wasserstein distance (normed),0.1,0.04103871196012061
S1_a15_n500_s42,Active Mean,False,Wasserstein distance (normed),0.1,0.06840809863026184
S1_a15_n500_s42,Active Min,False,Wasserstein distance (normed),0.1,0.07260963584742548
S1_a15_n500_s42,Average Packet Size,True,Wasserstein distance (normed),0.1,0.23043027896579465
S1_a15_n500_s42,Bwd Header Length,True,Wasserstein distance (normed),0.1,0.16170445287667246
S1_a15_n500_s42,Bwd IAT Max,False,Wasserstein distance (normed),0.1,0.047800204529786026
S1_a15_n500_s42,Bwd IAT Mean,False,Wasserstein distance (normed),0.1,0.05705142214117249
S1_a15_n500_s42,Bwd IAT Min,False,Wasserstein distance (normed),0.1,0.05268557880764835
S1_a15_n500_s42,Bwd IAT Std,False,Wasserstein distance (normed),0.1,0.04026451967030596
S1_a15_n500_s42,Bwd IAT Total,False,Wasserstein distance (normed),0.1,0.03437448936766933
S1_a15_n500_s42,Bwd Packet Length Max,True,Wasserstein distance (normed),0.1,0.23038906556345756
S1_a15_n500_s42,Bwd Packet Length Mean,True,Wasserstein distance (normed),0.1,0.22617609934711566
S1_a15_n500_s42,Bwd Packet Length Min,True,Wasserstein distance (normed),0.1,0.13870316581160752
S1_a15_n500_s42,Bwd Packet Length Std,True,Wasserstein distance (normed),0.1,0.23802000434189333
S1_a15_n500_s42,Bwd Packets/s,False,Wasserstein distance (normed),0.1,0.043540023864311175
S1_a15_n500_s42,Destination Port,False,Wasserstein distance (normed),0.1,0.04819803004095283
S1_a15_n500_s42,FIN Flag Count,False,Jensen-Shannon distance,0.1,0.020034754195753835
S1_a15_n500_s42,Flow Bytes/s,False,Wasserstein distance (normed),0.1,0.026644080410745972
S1_a15_n500_s42,Flow Duration,False,Wasserstein distance (normed),0.1,0.05200956471637825
S1_a15_n500_s42,Flow IAT Max,True,Wasserstein distance (normed),0.1,0.11601989544384919
S1_a15_n500_s42,Flow IAT Mean,True,Wasserstein distance (normed),0.1,0.13204121113295722
S1_a15_n500_s42,Flow IAT Min,True,Wasserstein distance (normed),0.1,0.15400141579082402
S1_a15_n500_s42,Flow IAT Std,True,Wasserstein distance (normed),0.1,0.14873991167725564
S1_a15_n500_s42,Flow Packets/s,False,Wasserstein distance (normed),0.1,0.027362063323099785
S1_a15_n500_s42,Fwd Header Length,True,Wasserstein distance (normed),0.1,0.1512515072910323
S1_a15_n500_s42,Fwd IAT Max,True,Wasserstein distance (normed),0.1,0.11198352822702079
S1_a15_n500_s42,Fwd IAT Mean,False,Wasserstein distance (normed),0.1,0.06525036536726866
S1_a15_n500_s42,Fwd IAT Min,False,Wasserstein distance (normed),0.1,0.03048297316097397
S1_a15_n500_s42,Fwd IAT Std,True,Wasserstein distance (normed),0.1,0.11977697355566609
S1_a15_n500_s42,Fwd IAT Total,False,Wasserstein distance (normed),0.1,0.0498332041365131
S1_a15_n500_s42,Fwd Packet Length Max,False,Wasserstein distance (normed),0.1,0.05198563851359906
S1_a15_n500_s42,Fwd Packet Length Mean,False,Wasserstein distance (normed),0.1,0.05762234863414115
S1_a15_n500_s42,Fwd Packet Length Min,False,Wasserstein distance (normed),0.1,0.07139715017949096
S1_a15_n500_s42,Fwd Packet Length Std,False,Wasserstein distance (normed),0.1,0.049345310986063255
S1_a15_n500_s42,Fwd Packets/s,False,Wasserstein distance (normed),0.1,0.022678853097906227
S1_a15_n500_s42,Idle Max,True,Wasserstein distance (normed),0.1,0.13511411230768755
S1_a15_n500_s42,Idle Mean,True,Wasserstein distance (normed),0.1,0.13947225913591244
S1_a15_n500_s42,Idle Min,True,Wasserstein distance (normed),0.1,0.1319388115192317
S1_a15_n500_s42,Init_Win_bytes_backward,False,Wasserstein distance (normed),0.1,0.0649672564395287
S1_a15_n500_s42,Init_Win_bytes_forward,False,Wasserstein distance (normed),0.1,0.04273958741172627
S1_a15_n500_s42,Max Packet Length,True,Wasserstein distance (normed),0.1,0.23106159357617687
S1_a15_n500_s42,Min Packet Length,False,Wasserstein distance (normed),0.1,0.08873910768870517
S1_a15_n500_s42,PSH Flag Count,False,Jensen-Shannon distance,0.1,0.006678694058679978
S1_a15_n500_s42,Packet Length Mean,True,Wasserstein distance (normed),0.1,0.22689231054840456
S1_a15_n500_s42,Packet Length Std,True,Wasserstein distance (normed),0.1,0.2385768633393653
S1_a15_n500_s42,Packet Length Variance,True,Wasserstein distance (normed),0.1,0.22525669912873061
S1_a15_n500_s42,Subflow Fwd Bytes,False,Wasserstein distance (normed),0.1,0.04418495674123483
S1_a15_n500_s42,Total Fwd Packets,True,Wasserstein distance (normed),0.1,0.1554208883863194
S1_a15_n500_s42,Total Length of Fwd Packets,False,Wasserstein distance (normed),0.1,0.04418495674123483
S1_a15_n500_s42,act_data_pkt_fwd,True,Wasserstein distance (normed),0.1,0.21152630504984862
S1_a15_n500_s42,min_seg_size_forward,False,Wasserstein distance (normed),0.1,0.08745600744528349
S1_a15_n500_s123,ACK Flag Count,False,Jensen-Shannon distance,0.1,0.04866312342620651
S1_a15_n500_s123,Active Max,False,Wasserstein distance (normed),0.1,0.043916764101834545
S1_a15_n500_s123,Active Mean,False,Wasserstein distance (normed),0.1,0.0252046139019112
S1_a15_n500_s123,Active Min,False,Wasserstein distance (normed),0.1,0.021543568040482
S1_a15_n500_s123,Average Packet Size,True,Wasserstein distance (normed),0.1,0.18988528076954786
S1_a15_n500_s123,Bwd Header Length,False,Wasserstein distance (normed),0.1,0.04866714009052484
S1_a15_n500_s123,Bwd IAT Max,False,Wasserstein distance (normed),0.1,0.07304773667014296
S1_a15_n500_s123,Bwd IAT Mean,False,Wasserstein distance (normed),0.1,0.02114333259365627
S1_a15_n500_s123,Bwd IAT Min,False,Wasserstein distance (normed),0.1,0.018619538643318098
S1_a15_n500_s123,Bwd IAT Std,False,Wasserstein distance (normed),0.1,0.07614445677763891
S1_a15_n500_s123,Bwd IAT Total,False,Wasserstein distance (normed),0.1,0.03329840916591001
S1_a15_n500_s123,Bwd Packet Length Max,True,Wasserstein distance (normed),0.1,0.1879061623811645
S1_a15_n500_s123,Bwd Packet Length Mean,True,Wasserstein distance (normed),0.1,0.21146267335895816
S1_a15_n500_s123,Bwd Packet Length Min,True,Wasserstein distance (normed),0.1,0.1925310580781781
S1_a15_n500_s123,Bwd Packet Length Std,True,Wasserstein distance (normed),0.1,0.18623877667478483
S1_a15_n500_s123,Bwd Packets/s,False,Wasserstein distance (normed),0.1,0.05879841859279136
S1_a15_n500_s123,Destination Port,False,Wasserstein distance (normed),0.1,0.029116392326443575
S1_a15_n500_s123,FIN Flag Count,False,Jensen-Shannon distance,0.1,0.005928705390099095
S1_a15_n500_s123,Flow Bytes/s,False,Wasserstein distance (normed),0.1,0.02251995596825817
S1_a15_n500_s123,Flow Duration,True,Wasserstein distance (normed),0.1,0.1177989716790404
S1_a15_n500_s123,Flow IAT Max,True,Wasserstein distance (normed),0.1,0.17402839286351432
S1_a15_n500_s123,Flow IAT Mean,False,Wasserstein distance (normed),0.1,0.07989786208695529
S1_a15_n500_s123,Flow IAT Min,False,Wasserstein distance (normed),0.1,0.06019333556753718
S1_a15_n500_s123,Flow IAT Std,True,Wasserstein distance (normed),0.1,0.15979573955456045
S1_a15_n500_s123,Flow Packets/s,False,Wasserstein distance (normed),0.1,0.027451187336086206
S1_a15_n500_s123,Fwd Header Length,False,Wasserstein distance (normed),0.1,0.0548588404937459
S1_a15_n500_s123,Fwd IAT Max,True,Wasserstein distance (normed),0.1,0.1758687585144537
S1_a15_n500_s123,Fwd IAT Mean,False,Wasserstein distance (normed),0.1,0.06809576549701161
S1_a15_n500_s123,Fwd IAT Min,False,Wasserstein distance (normed),0.1,0.03326206041906123
S1_a15_n500_s123,Fwd IAT Std,True,Wasserstein distance (normed),0.1,0.18995503854883636
S1_a15_n500_s123,Fwd IAT Total,True,Wasserstein distance (normed),0.1,0.11697707058660808
S1_a15_n500_s123,Fwd Packet Length Max,False,Wasserstein distance (normed),0.1,0.07123926719707059
S1_a15_n500_s123,Fwd Packet Length Mean,True,Wasserstein distance (normed),0.1,0.1027757429161906
S1_a15_n500_s123,Fwd Packet Length Min,False,Wasserstein distance (normed),0.1,0.08252123626317501
S1_a15_n500_s123,Fwd Packet Length Std,False,Wasserstein distance (normed),0.1,0.08340998080042371
S1_a15_n500_s123,Fwd Packets/s,False,Wasserstein distance (normed),0.1,0.02968149486630128
S1_a15_n500_s123,Idle Max,True,Wasserstein distance (normed),0.1,0.1788739608204221
S1_a15_n500_s123,Idle Mean,True,Wasserstein distance (normed),0.1,0.15830963670656367
S1_a15_n500_s123,Idle Min,True,Wasserstein distance (normed),0.1,0.11534904189524067
S1_a15_n500_s123,Init_Win_bytes_backward,False,Wasserstein distance (normed),0.1,0.02304518421812908
S1_a15_n500_s123,Init_Win_bytes_forward,False,Wasserstein distance (normed),0.1,0.0773288223603403
S1_a15_n500_s123,Max Packet Length,True,Wasserstein distance (normed),0.1,0.17100422307283936
S1_a15_n500_s123,Min Packet Length,True,Wasserstein distance (normed),0.1,0.16037213909414827
S1_a15_n500_s123,PSH Flag Count,False,Jensen-Shannon distance,0.1,0.025159853755066665
S1_a15_n500_s123,Packet Length Mean,True,Wasserstein distance (normed),0.1,0.19205147449721957
S1_a15_n500_s123,Packet Length Std,True,Wasserstein distance (normed),0.1,0.17622210120262327
S1_a15_n500_s123,Packet Length Variance,True,Wasserstein distance (normed),0.1,0.1509572444053455
S1_a15_n500_s123,Subflow Fwd Bytes,False,Wasserstein distance (normed),0.1,0.0423428257580749
S1_a15_n500_s123,Total Fwd Packets,False,Wasserstein distance (normed),0.1,0.0469147040731078
S1_a15_n500_s123,Total Length of Fwd Packets,False,Wasserstein distance (normed),0.1,0.0423428257580749
S1_a15_n500_s123,act_data_pkt_fwd,False,Wasserstein distance (normed),0.1,0.05279037866851337
S1_a15_n500_s123,min_seg_size_forward,True,Wasserstein distance (normed),0.1,0.17410966619840865
S1_a15_n500_s456,ACK Flag Count,False,Jensen-Shannon distance,0.1,0.04099366033747278
S1_a15_n500_s456,Active Max,False,Wasserstein distance (normed),0.1,0.07998392583301127
S1_a15_n500_s456,Active Mean,False,Wasserstein distance (normed),0.1,0.06525728267927315
S1_a15_n500_s456,Active Min,False,Wasserstein distance (normed),0.1,0.053343989891296024
S1_a15_n500_s456,Average Packet Size,True,Wasserstein distance (normed),0.1,0.2080578032101959
S1_a15_n500_s456,Bwd Header Length,False,Wasserstein distance (normed),0.1,0.07198992647162397
S1_a15_n500_s456,Bwd IAT Max,False,Wasserstein distance (normed),0.1,0.04415692681756823
S1_a15_n500_s456,Bwd IAT Mean,False,Wasserstein distance (normed),0.1,0.0421216723264826
S1_a15_n500_s456,Bwd IAT Min,False,Wasserstein distance (normed),0.1,0.033605299601219725
S1_a15_n500_s456,Bwd IAT Std,False,Wasserstein distance (normed),0.1,0.07171317826262556
S1_a15_n500_s456,Bwd IAT Total,False,Wasserstein distance (normed),0.1,0.0479946968587139
S1_a15_n500_s456,Bwd Packet Length Max,True,Wasserstein distance (normed),0.1,0.18320711674138374
S1_a15_n500_s456,Bwd Packet Length Mean,True,Wasserstein distance (normed),0.1,0.20309466573244023
S1_a15_n500_s456,Bwd Packet Length Min,True,Wasserstein distance (normed),0.1,0.1800250858795245
S1_a15_n500_s456,Bwd Packet Length Std,True,Wasserstein distance (normed),0.1,0.18544480794141882
S1_a15_n500_s456,Bwd Packets/s,False,Wasserstein distance (normed),0.1,0.06710587480595916
S1_a15_n500_s456,Destination Port,False,Wasserstein distance (normed),0.1,0.018575020624083276
S1_a15_n500_s456,FIN Flag Count,False,Jensen-Shannon distance,0.1,0.0015682575128543685
S1_a15_n500_s456,Flow Bytes/s,False,Wasserstein distance (normed),0.1,0.0973311412517132
S1_a15_n500_s456,Flow Duration,False,Wasserstein distance (normed),0.1,0.019883286959041423
S1_a15_n500_s456,Flow IAT Max,False,Wasserstein distance (normed),0.1,0.04769600415329231
S1_a15_n500_s456,Flow IAT Mean,False,Wasserstein distance (normed),0.1,0.05323805863568498
S1_a15_n500_s456,Flow IAT Min,False,Wasserstein distance (normed),0.1,0.01639463670839052
S1_a15_n500_s456,Flow IAT Std,False,Wasserstein distance (normed),0.1,0.05955101504900901
S1_a15_n500_s456,Flow Packets/s,False,Wasserstein distance (normed),0.1,0.013643725768092047
S1_a15_n500_s456,Fwd Header Length,False,Wasserstein distance (normed),0.1,0.09740711335362981
S1_a15_n500_s456,Fwd IAT Max,False,Wasserstein distance (normed),0.1,0.04673934283320215
S1_a15_n500_s456,Fwd IAT Mean,False,Wasserstein distance (normed),0.1,0.04805535934926456
S1_a15_n500_s456,Fwd IAT Min,False,Wasserstein distance (normed),0.1,0.038113911796357355
S1_a15_n500_s456,Fwd IAT Std,False,Wasserstein distance (normed),0.1,0.03737418804651439
S1_a15_n500_s456,Fwd IAT Total,False,Wasserstein distance (normed),0.1,0.021211488753043208
S1_a15_n500_s456,Fwd Packet Length Max,False,Wasserstein distance (normed),0.1,0.0796268200753701
S1_a15_n500_s456,Fwd Packet Length Mean,False,Wasserstein distance (normed),0.1,0.09056834996106115
S1_a15_n500_s456,Fwd Packet Length Min,True,Wasserstein distance (normed),0.1,0.10617269179444021
S1_a15_n500_s456,Fwd Packet Length Std,False,Wasserstein distance (normed),0.1,0.07391541336397972
S1_a15_n500_s456,Fwd Packets/s,False,Wasserstein distance (normed),0.1,0.019292058879521116
S1_a15_n500_s456,Idle Max,False,Wasserstein distance (normed),0.1,0.042769474130038565
S1_a15_n500_s456,Idle Mean,False,Wasserstein distance (normed),0.1,0.038833937687935846
S1_a15_n500_s456,Idle Min,False,Wasserstein distance (normed),0.1,0.030603148304978994
S1_a15_n500_s456,Init_Win_bytes_backward,False,Wasserstein distance (normed),0.1,0.0718977410447983
S1_a15_n500_s456,Init_Win_bytes_forward,True,Wasserstein distance (normed),0.1,0.10781721077242094
S1_a15_n500_s456,Max Packet Length,True,Wasserstein distance (normed),0.1,0.1758958451715022
S1_a15_n500_s456,Min Packet Length,True,Wasserstein distance (normed),0.1,0.11215567897433897
S1_a15_n500_s456,PSH Flag Count,False,Jensen-Shannon distance,0.1,0.006678694058679978
S1_a15_n500_s456,Packet Length Mean,True,Wasserstein distance (normed),0.1,0.20779184241565973
S1_a15_n500_s456,Packet Length Std,True,Wasserstein distance (normed),0.1,0.19234561011747128
S1_a15_n500_s456,Packet Length Variance,True,Wasserstein distance (normed),0.1,0.19249011482303025
S1_a15_n500_s456,Subflow Fwd Bytes,False,Wasserstein distance (normed),0.1,0.049477777007737665
S1_a15_n500_s456,Total Fwd Packets,False,Wasserstein distance (normed),0.1,0.07889773367284766
S1_a15_n500_s456,Total Length of Fwd Packets,False,Wasserstein distance (normed),0.1,0.049477777007737665
S1_a15_n500_s456,act_data_pkt_fwd,False,Wasserstein distance (normed),0.1,0.05972139580860464
S1_a15_n500_s456,min_seg_size_forward,True,Wasserstein distance (normed),0.1,0.1160731107989391
S1_a15_n500_s789,ACK Flag Count,False,Jensen-Shannon distance,0.1,0.034904867512753734
S1_a15_n500_s789,Active Max,True,Wasserstein distance (normed),0.1,0.11280830080683737
S1_a15_n500_s789,Active Mean,False,Wasserstein distance (normed),0.1,0.09161256911941984
S1_a15_n500_s789,Active Min,False,Wasserstein distance (normed),0.1,0.08815775971912221
S1_a15_n500_s789,Average Packet Size,True,Wasserstein distance (normed),0.1,0.2449444016069891
S1_a15_n500_s789,Bwd Header Length,False,Wasserstein distance (normed),0.1,0.07040496983846811
S1_a15_n500_s789,Bwd IAT Max,True,Wasserstein distance (normed),0.1,0.10776172371457765
S1_a15_n500_s789,Bwd IAT Mean,False,Wasserstein distance (normed),0.1,0.08011428110718463
S1_a15_n500_s789,Bwd IAT Min,False,Wasserstein distance (normed),0.1,0.07686162310274411
S1_a15_n500_s789,Bwd IAT Std,False,Wasserstein distance (normed),0.1,0.0945811928393711
S1_a15_n500_s789,Bwd IAT Total,False,Wasserstein distance (normed),0.1,0.06154249835673092
S1_a15_n500_s789,Bwd Packet Length Max,True,Wasserstein distance (normed),0.1,0.2321840153410276
S1_a15_n500_s789,Bwd Packet Length Mean,True,Wasserstein distance (normed),0.1,0.24449288247099157
S1_a15_n500_s789,Bwd Packet Length Min,True,Wasserstein distance (normed),0.1,0.186197267983532
S1_a15_n500_s789,Bwd Packet Length Std,True,Wasserstein distance (normed),0.1,0.23402963989653258
S1_a15_n500_s789,Bwd Packets/s,False,Wasserstein distance (normed),0.1,0.02531524995669636
S1_a15_n500_s789,Destination Port,False,Wasserstein distance (normed),0.1,0.06174228750467004
S1_a15_n500_s789,FIN Flag Count,False,Jensen-Shannon distance,0.1,0.0015682575128543685
S1_a15_n500_s789,Flow Bytes/s,False,Wasserstein distance (normed),0.1,0.0634208899894629
S1_a15_n500_s789,Flow Duration,False,Wasserstein distance (normed),0.1,0.036470656268355724
S1_a15_n500_s789,Flow IAT Max,False,Wasserstein distance (normed),0.1,0.05112035202754013
S1_a15_n500_s789,Flow IAT Mean,False,Wasserstein distance (normed),0.1,0.07105221980648739
S1_a15_n500_s789,Flow IAT Min,False,Wasserstein distance (normed),0.1,0.02071356458900858
S1_a15_n500_s789,Flow IAT Std,False,Wasserstein distance (normed),0.1,0.0705979482316806
S1_a15_n500_s789,Flow Packets/s,False,Wasserstein distance (normed),0.1,0.02510452174544058
S1_a15_n500_s789,Fwd Header Length,False,Wasserstein distance (normed),0.1,0.06739659017237738
S1_a15_n500_s789,Fwd IAT Max,False,Wasserstein distance (normed),0.1,0.05478100410574362
S1_a15_n500_s789,Fwd IAT Mean,False,Wasserstein distance (normed),0.1,0.06490361405532971
S1_a15_n500_s789,Fwd IAT Min,False,Wasserstein distance (normed),0.1,0.06163283039725154
S1_a15_n500_s789,Fwd IAT Std,False,Wasserstein distance (normed),0.1,0.09482729300787124
S1_a15_n500_s789,Fwd IAT Total,False,Wasserstein distance (normed),0.1,0.03704240908192458
S1_a15_n500_s789,Fwd Packet Length Max,False,Wasserstein distance (normed),0.1,0.061594317321723734
S1_a15_n500_s789,Fwd Packet Length Mean,False,Wasserstein distance (normed),0.1,0.049829176968428035
S1_a15_n500_s789,Fwd Packet Length Min,False,Wasserstein distance (normed),0.1,0.09814127875545502
S1_a15_n500_s789,Fwd Packet Length Std,False,Wasserstein distance (normed),0.1,0.055713562486370986
S1_a15_n500_s789,Fwd Packets/s,False,Wasserstein distance (normed),0.1,0.024921520085140383
S1_a15_n500_s789,Idle Max,False,Wasserstein distance (normed),0.1,0.05213156103965668
S1_a15_n500_s789,Idle Mean,False,Wasserstein distance (normed),0.1,0.05277197475585289
S1_a15_n500_s789,Idle Min,False,Wasserstein distance (normed),0.1,0.04956764901386039
S1_a15_n500_s789,Init_Win_bytes_backward,False,Wasserstein distance (normed),0.1,0.020485367884910396
S1_a15_n500_s789,Init_Win_bytes_forward,True,Wasserstein distance (normed),0.1,0.10316668887489401
S1_a15_n500_s789,Max Packet Length,True,Wasserstein distance (normed),0.1,0.22821967048837705
S1_a15_n500_s789,Min Packet Length,True,Wasserstein distance (normed),0.1,0.1471807088632036
S1_a15_n500_s789,PSH Flag Count,False,Jensen-Shannon distance,0.1,0.04089823563175842
S1_a15_n500_s789,Packet Length Mean,True,Wasserstein distance (normed),0.1,0.24700385781079381
S1_a15_n500_s789,Packet Length Std,True,Wasserstein distance (normed),0.1,0.24377522851937927
S1_a15_n500_s789,Packet Length Variance,True,Wasserstein distance (normed),0.1,0.22110774981058448
S1_a15_n500_s789,Subflow Fwd Bytes,False,Wasserstein distance (normed),0.1,0.07659294681586533
S1_a15_n500_s789,Total Fwd Packets,False,Wasserstein distance (normed),0.1,0.06556252753939905
S1_a15_n500_s789,Total Length of Fwd Packets,False,Wasserstein distance (normed),0.1,0.07659294681586533
S1_a15_n500_s789,act_data_pkt_fwd,False,Wasserstein distance (normed),0.1,0.05550025003155658
S1_a15_n500_s789,min_seg_size_forward,True,Wasserstein distance (normed),0.1,0.1628767845081888
S1_a15_n500_s1024,ACK Flag Count,False,Jensen-Shannon distance,0.1,0.01537493113577974
S1_a15_n500_s1024,Active Max,False,Wasserstein distance (normed),0.1,0.07828624996489056
S1_a15_n500_s1024,Active Mean,True,Wasserstein distance (normed),0.1,0.10095755323439562
S1_a15_n500_s1024,Active Min,False,Wasserstein distance (normed),0.1,0.09973963866710042
S1_a15_n500_s1024,Average Packet Size,True,Wasserstein distance (normed),0.1,0.2417939227387966
S1_a15_n500_s1024,Bwd Header Length,False,Wasserstein distance (normed),0.1,0.053048199463304704
S1_a15_n500_s1024,Bwd IAT Max,False,Wasserstein distance (normed),0.1,0.07208647483536579
S1_a15_n500_s1024,Bwd IAT Mean,False,Wasserstein distance (normed),0.1,0.06701590755755234
S1_a15_n500_s1024,Bwd IAT Min,False,Wasserstein distance (normed),0.1,0.07089256889470123
S1_a15_n500_s1024,Bwd IAT Std,False,Wasserstein distance (normed),0.1,0.05748837034641754
S1_a15_n500_s1024,Bwd IAT Total,False,Wasserstein distance (normed),0.1,0.02548335766036148
S1_a15_n500_s1024,Bwd Packet Length Max,True,Wasserstein distance (normed),0.1,0.2317222371939073
S1_a15_n500_s1024,Bwd Packet Length Mean,True,Wasserstein distance (normed),0.1,0.2420022726077867
S1_a15_n500_s1024,Bwd Packet Length Min,True,Wasserstein distance (normed),0.1,0.12623448776463966
S1_a15_n500_s1024,Bwd Packet Length Std,True,Wasserstein distance (normed),0.1,0.23018387154880443
S1_a15_n500_s1024,Bwd Packets/s,True,Wasserstein distance (normed),0.1,0.17618758628375955
S1_a15_n500_s1024,Destination Port,True,Wasserstein distance (normed),0.1,0.1049788244772906
S1_a15_n500_s1024,FIN Flag Count,False,Jensen-Shannon distance,0.1,0.020034754195753835
S1_a15_n500_s1024,Flow Bytes/s,False,Wasserstein distance (normed),0.1,0.04375994809007695
S1_a15_n500_s1024,Flow Duration,False,Wasserstein distance (normed),0.1,0.0862876115761251
S1_a15_n500_s1024,Flow IAT Max,False,Wasserstein distance (normed),0.1,0.0974635832605928
S1_a15_n500_s1024,Flow IAT Mean,False,Wasserstein distance (normed),0.1,0.08722294831158799
S1_a15_n500_s1024,Flow IAT Min,False,Wasserstein distance (normed),0.1,0.04315148275035733
S1_a15_n500_s1024,Flow IAT Std,False,Wasserstein distance (normed),0.1,0.09510032437502304
S1_a15_n500_s1024,Flow Packets/s,True,Wasserstein distance (normed),0.1,0.12313864857282758
S1_a15_n500_s1024,Fwd Header Length,False,Wasserstein distance (normed),0.1,0.060999503684033625
S1_a15_n500_s1024,Fwd IAT Max,False,Wasserstein distance (normed),0.1,0.09483032167139731
S1_a15_n500_s1024,Fwd IAT Mean,False,Wasserstein distance (normed),0.1,0.0679468886396729
S1_a15_n500_s1024,Fwd IAT Min,False,Wasserstein distance (normed),0.1,0.05200240188161743
S1_a15_n500_s1024,Fwd IAT Std,True,Wasserstein distance (normed),0.1,0.12612828192787143
S1_a15_n500_s1024,Fwd IAT Total,False,Wasserstein distance (normed),0.1,0.08360645149024305
S1_a15_n500_s1024,Fwd Packet Length Max,False,Wasserstein distance (normed),0.1,0.03998674894227379
S1_a15_n500_s1024,Fwd Packet Length Mean,False,Wasserstein distance (normed),0.1,0.044267303920273136
S1_a15_n500_s1024,Fwd Packet Length Min,False,Wasserstein distance (normed),0.1,0.07589991864324708
S1_a15_n500_s1024,Fwd Packet Length Std,False,Wasserstein distance (normed),0.1,0.04113650084794607
S1_a15_n500_s1024,Fwd Packets/s,True,Wasserstein distance (normed),0.1,0.10245139195852916
S1_a15_n500_s1024,Idle Max,False,Wasserstein distance (normed),0.1,0.08860399441899737
S1_a15_n500_s1024,Idle Mean,False,Wasserstein distance (normed),0.1,0.07458682569827398
S1_a15_n500_s1024,Idle Min,False,Wasserstein distance (normed),0.1,0.050942220741845304
S1_a15_n500_s1024,Init_Win_bytes_backward,True,Wasserstein distance (normed),0.1,0.13107656922560038
S1_a15_n500_s1024,Init_Win_bytes_forward,False,Wasserstein distance (normed),0.1,0.09762809082987714
S1_a15_n500_s1024,Max Packet Length,True,Wasserstein distance (normed),0.1,0.2309410230461261
S1_a15_n500_s1024,Min Packet Length,True,Wasserstein distance (normed),0.1,0.12634537960113884
S1_a15_n500_s1024,PSH Flag Count,False,Jensen-Shannon distance,0.1,0.02828137497826021
S1_a15_n500_s1024,Packet Length Mean,True,Wasserstein distance (normed),0.1,0.24425408108927069
S1_a15_n500_s1024,Packet Length Std,True,Wasserstein distance (normed),0.1,0.2360290528115298
S1_a15_n500_s1024,Packet Length Variance,True,Wasserstein distance (normed),0.1,0.19907522182465387
S1_a15_n500_s1024,Subflow Fwd Bytes,False,Wasserstein distance (normed),0.1,0.04067943323886332
S1_a15_n500_s1024,Total Fwd Packets,False,Wasserstein distance (normed),0.1,0.07189473809773682
S1_a15_n500_s1024,Total Length of Fwd Packets,False,Wasserstein distance (normed),0.1,0.04067943323886332
S1_a15_n500_s1024,act_data_pkt_fwd,True,Wasserstein distance (normed),0.1,0.10047369207590723
S1_a15_n500_s1024,min_seg_size_forward,True,Wasserstein distance (normed),0.1,0.15298115063823306
S1_a15_n1000_s42,ACK Flag Count,False,Jensen-Shannon distance,0.1,0.020596575551942973
S1_a15_n1000_s42,Active Max,False,Wasserstein distance (normed),0.1,0.030156693003073307
S1_a15_n1000_s42,Active Mean,False,Wasserstein distance (normed),0.1,0.030931871194172265
S1_a15_n1000_s42,Active Min,False,Wasserstein distance (normed),0.1,0.029241906012830002
S1_a15_n1000_s42,Average Packet Size,True,Wasserstein distance (normed),0.1,0.18678833480962018
S1_a15_n1000_s42,Bwd Header Length,True,Wasserstein distance (normed),0.1,0.6062085311294477
S1_a15_n1000_s42,Bwd IAT Max,False,Wasserstein distance (normed),0.1,0.030368145510130926
S1_a15_n1000_s42,Bwd IAT Mean,False,Wasserstein distance (normed),0.1,0.033839516607009935
S1_a15_n1000_s42,Bwd IAT Min,False,Wasserstein distance (normed),0.1,0.02544048510836992
S1_a15_n1000_s42,Bwd IAT Std,False,Wasserstein distance (normed),0.1,0.04246057617406815
S1_a15_n1000_s42,Bwd IAT Total,False,Wasserstein distance (normed),0.1,0.02303052608203289
S1_a15_n1000_s42,Bwd Packet Length Max,True,Wasserstein distance (normed),0.1,0.17152731429611676
S1_a15_n1000_s42,Bwd Packet Length Mean,True,Wasserstein distance (normed),0.1,0.18100252646936152
S1_a15_n1000_s42,Bwd Packet Length Min,True,Wasserstein distance (normed),0.1,0.11189799428740589
S1_a15_n1000_s42,Bwd Packet Length Std,True,Wasserstein distance (normed),0.1,0.17616785921708059
S1_a15_n1000_s42,Bwd Packets/s,False,Wasserstein distance (normed),0.1,0.07589460236448312
S1_a15_n1000_s42,Destination Port,True,Wasserstein distance (normed),0.1,0.10536326439751517
S1_a15_n1000_s42,FIN Flag Count,False,Jensen-Shannon distance,0.1,0.010059493360239136
S1_a15_n1000_s42,Flow Bytes/s,False,Wasserstein distance (normed),0.1,0.02816083021217099
S1_a15_n1000_s42,Flow Duration,False,Wasserstein distance (normed),0.1,0.040200570968827135
S1_a15_n1000_s42,Flow IAT Max,False,Wasserstein distance (normed),0.1,0.07544851656433034
S1_a15_n1000_s42,Flow IAT Mean,False,Wasserstein distance (normed),0.1,0.09080286725109074
S1_a15_n1000_s42,Flow IAT Min,True,Wasserstein distance (normed),0.1,0.10607069378125304
S1_a15_n1000_s42,Flow IAT Std,True,Wasserstein distance (normed),0.1,0.10386215842987001
S1_a15_n1000_s42,Flow Packets/s,False,Wasserstein distance (normed),0.1,0.05224461838757205
S1_a15_n1000_s42,Fwd Header Length,True,Wasserstein distance (normed),0.1,0.6720809655503512
S1_a15_n1000_s42,Fwd IAT Max,False,Wasserstein distance (normed),0.1,0.0721063559720735
S1_a15_n1000_s42,Fwd IAT Mean,False,Wasserstein distance (normed),0.1,0.046232450180812845
S1_a15_n1000_s42,Fwd IAT Min,False,Wasserstein distance (normed),0.1,0.01730543114673006
S1_a15_n1000_s42,Fwd IAT Std,False,Wasserstein distance (normed),0.1,0.08261641627172242
S1_a15_n1000_s42,Fwd IAT Total,False,Wasserstein distance (normed),0.1,0.038335741831994556
S1_a15_n1000_s42,Fwd Packet Length Max,False,Wasserstein distance (normed),0.1,0.05028983470403548
S1_a15_n1000_s42,Fwd Packet Length Mean,False,Wasserstein distance (normed),0.1,0.04111592857352613
S1_a15_n1000_s42,Fwd Packet Length Min,False,Wasserstein distance (normed),0.1,0.04245953984054509
S1_a15_n1000_s42,Fwd Packet Length Std,False,Wasserstein distance (normed),0.1,0.03804560160300701
S1_a15_n1000_s42,Fwd Packets/s,False,Wasserstein distance (normed),0.1,0.050246578458772576
S1_a15_n1000_s42,Idle Max,False,Wasserstein distance (normed),0.1,0.08614459429386166
S1_a15_n1000_s42,Idle Mean,False,Wasserstein distance (normed),0.1,0.07387687421503054
S1_a15_n1000_s42,Idle Min,False,Wasserstein distance (normed),0.1,0.05192243682206132
S1_a15_n1000_s42,Init_Win_bytes_backward,False,Wasserstein distance (normed),0.1,0.0659603865969468
S1_a15_n1000_s42,Init_Win_bytes_forward,False,Wasserstein distance (normed),0.1,0.06350720109939896
S1_a15_n1000_s42,Max Packet Length,True,Wasserstein distance (normed),0.1,0.17259664618329693
S1_a15_n1000_s42,Min Packet Length,False,Wasserstein distance (normed),0.1,0.09894998773774037
S1_a15_n1000_s42,PSH Flag Count,False,Jensen-Shannon distance,0.1,0.012027237947879
S1_a15_n1000_s42,Packet Length Mean,True,Wasserstein distance (normed),0.1,0.18321160417340543
S1_a15_n1000_s42,Packet Length Std,True,Wasserstein distance (normed),0.1,0.18273661092594473
S1_a15_n1000_s42,Packet Length Variance,True,Wasserstein distance (normed),0.1,0.16251136858972623
S1_a15_n1000_s42,Subflow Fwd Bytes,False,Wasserstein distance (normed),0.1,0.03798284628018765
S1_a15_n1000_s42,Total Fwd Packets,True,Wasserstein distance (normed),0.1,0.77695686922791
S1_a15_n1000_s42,Total Length of Fwd Packets,False,Wasserstein distance (normed),0.1,0.03798284628018765
S1_a15_n1000_s42,act_data_pkt_fwd,True,Wasserstein distance (normed),0.1,1.4961616698647833
S1_a15_n1000_s42,min_seg_size_forward,True,Wasserstein distance (normed),0.1,0.11727663383717689
S1_a15_n1000_s123,ACK Flag Count,False,Jensen-Shannon distance,0.1,0.03718346413174937
S1_a15_n1000_s123,Active Max,False,Wasserstein distance (normed),0.1,0.021540647061125216
S1_a15_n1000_s123,Active Mean,False,Wasserstein distance (normed),0.1,0.023003197668620076
S1_a15_n1000_s123,Active Min,False,Wasserstein distance (normed),0.1,0.02363169091950871
S1_a15_n1000_s123,Average Packet Size,True,Wasserstein distance (normed),0.1,0.21716169939276436
S1_a15_n1000_s123,Bwd Header Length,False,Wasserstein distance (normed),0.1,0.04854303499566486
S1_a15_n1000_s123,Bwd IAT Max,False,Wasserstein distance (normed),0.1,0.05048316410731145
S1_a15_n1000_s123,Bwd IAT Mean,False,Wasserstein distance (normed),0.1,0.02393461461727265
S1_a15_n1000_s123,Bwd IAT Min,False,Wasserstein distance (normed),0.1,0.019650680542288287
S1_a15_n1000_s123,Bwd IAT Std,False,Wasserstein distance (normed),0.1,0.0499036375077846
S1_a15_n1000_s123,Bwd IAT Total,False,Wasserstein distance (normed),0.1,0.013574538774120818
S1_a15_n1000_s123,Bwd Packet Length Max,True,Wasserstein distance (normed),0.1,0.2154409884734857
S1_a15_n1000_s123,Bwd Packet Length Mean,True,Wasserstein distance (normed),0.1,0.22613489664989508
S1_a15_n1000_s123,Bwd Packet Length Min,True,Wasserstein distance (normed),0.1,0.1721218335680991
S1_a15_n1000_s123,Bwd Packet Length Std,True,Wasserstein distance (normed),0.1,0.21721183282676665
S1_a15_n1000_s123,Bwd Packets/s,False,Wasserstein distance (normed),0.1,0.03739858233466417
S1_a15_n1000_s123,Destination Port,False,Wasserstein distance (normed),0.1,0.016846904548540778
S1_a15_n1000_s123,FIN Flag Count,False,Jensen-Shannon distance,0.1,0.015868508574235555
S1_a15_n1000_s123,Flow Bytes/s,False,Wasserstein distance (normed),0.1,0.01822186504471587
S1_a15_n1000_s123,Flow Duration,False,Wasserstein distance (normed),0.1,0.06551949879501122
S1_a15_n1000_s123,Flow IAT Max,True,Wasserstein distance (normed),0.1,0.10912552608555758
S1_a15_n1000_s123,Flow IAT Mean,False,Wasserstein distance (normed),0.1,0.06390093332022395
S1_a15_n1000_s123,Flow IAT Min,False,Wasserstein distance (normed),0.1,0.024618960624204305
S1_a15_n1000_s123,Flow IAT Std,True,Wasserstein distance (normed),0.1,0.10621198492978579
S1_a15_n1000_s123,Flow Packets/s,False,Wasserstein distance (normed),0.1,0.020239525336301488
S1_a15_n1000_s123,Fwd Header Length,False,Wasserstein distance (normed),0.1,0.04374491491747788
S1_a15_n1000_s123,Fwd IAT Max,True,Wasserstein distance (normed),0.1,0.10765527911889994
S1_a15_n1000_s123,Fwd IAT Mean,False,Wasserstein distance (normed),0.1,0.05635891821684604
S1_a15_n1000_s123,Fwd IAT Min,False,Wasserstein distance (normed),0.1,0.029497913650266994
S1_a15_n1000_s123,Fwd IAT Std,True,Wasserstein distance (normed),0.1,0.10664238980435173
S1_a15_n1000_s123,Fwd IAT Total,False,Wasserstein distance (normed),0.1,0.06387302183554115
S1_a15_n1000_s123,Fwd Packet Length Max,False,Wasserstein distance (normed),0.1,0.04532227549747179
S1_a15_n1000_s123,Fwd Packet Length Mean,False,Wasserstein distance (normed),0.1,0.05569462376400322
S1_a15_n1000_s123,Fwd Packet Length Min,False,Wasserstein distance (normed),0.1,0.07830116808874708
S1_a15_n1000_s123,Fwd Packet Length Std,False,Wasserstein distance (normed),0.1,0.04945568099034288
S1_a15_n1000_s123,Fwd Packets/s,False,Wasserstein distance (normed),0.1,0.01920583449259118
S1_a15_n1000_s123,Idle Max,True,Wasserstein distance (normed),0.1,0.10956827402571838
S1_a15_n1000_s123,Idle Mean,False,Wasserstein distance (normed),0.1,0.09191287143895656
S1_a15_n1000_s123,Idle Min,False,Wasserstein distance (normed),0.1,0.06020389229077355
S1_a15_n1000_s123,Init_Win_bytes_backward,False,Wasserstein distance (normed),0.1,0.04119520841569844
S1_a15_n1000_s123,Init_Win_bytes_forward,False,Wasserstein distance (normed),0.1,0.072012725819145
S1_a15_n1000_s123,Max Packet Length,True,Wasserstein distance (normed),0.1,0.20376899427662432
S1_a15_n1000_s123,Min Packet Length,True,Wasserstein distance (normed),0.1,0.1474873204847878
S1_a15_n1000_s123,PSH Flag Count,False,Jensen-Shannon distance,0.1,0.036141584238550226
S1_a15_n1000_s123,Packet Length Mean,True,Wasserstein distance (normed),0.1,0.21711705311466636
S1_a15_n1000_s123,Packet Length Std,True,Wasserstein distance (normed),0.1,0.2127731196757813
S1_a15_n1000_s123,Packet Length Variance,True,Wasserstein distance (normed),0.1,0.19449993484254763
S1_a15_n1000_s123,Subflow Fwd Bytes,False,Wasserstein distance (normed),0.1,0.02829968560202294
S1_a15_n1000_s123,Total Fwd Packets,False,Wasserstein distance (normed),0.1,0.04437913670970561
S1_a15_n1000_s123,Total Length of Fwd Packets,False,Wasserstein distance (normed),0.1,0.02829968560202294
S1_a15_n1000_s123,act_data_pkt_fwd,False,Wasserstein distance (normed),0.1,0.08658560134031111
S1_a15_n1000_s123,min_seg_size_forward,True,Wasserstein distance (normed),0.1,0.13198635986008395
S1_a15_n1000_s456,ACK Flag Count,False,Jensen-Shannon distance,0.1,0.03642331412050424
S1_a15_n1000_s456,Active Max,False,Wasserstein distance (normed),0.1,0.0778905686089396
S1_a15_n1000_s456,Active Mean,False,Wasserstein distance (normed),0.1,0.07830617776727893
S1_a15_n1000_s456,Active Min,False,Wasserstein distance (normed),0.1,0.0676857924751228
S1_a15_n1000_s456,Average Packet Size,True,Wasserstein distance (normed),0.1,0.20339385462420123
S1_a15_n1000_s456,Bwd Header Length,False,Wasserstein distance (normed),0.1,0.05985603677534117
S1_a15_n1000_s456,Bwd IAT Max,False,Wasserstein distance (normed),0.1,0.03910638536251753
S1_a15_n1000_s456,Bwd IAT Mean,False,Wasserstein distance (normed),0.1,0.05255876303235662
S1_a15_n1000_s456,Bwd IAT Min,False,Wasserstein distance (normed),0.1,0.04004719544198116
S1_a15_n1000_s456,Bwd IAT Std,False,Wasserstein distance (normed),0.1,0.03923152050920771
S1_a15_n1000_s456,Bwd IAT Total,False,Wasserstein distance (normed),0.1,0.04348991210879297
S1_a15_n1000_s456,Bwd Packet Length Max,True,Wasserstein distance (normed),0.1,0.21456410416795516
S1_a15_n1000_s456,Bwd Packet Length Mean,True,Wasserstein distance (normed),0.1,0.21997582816719763
S1_a15_n1000_s456,Bwd Packet Length Min,True,Wasserstein distance (normed),0.1,0.11550620346301145
S1_a15_n1000_s456,Bwd Packet Length Std,True,Wasserstein distance (normed),0.1,0.2149386697111402
S1_a15_n1000_s456,Bwd Packets/s,False,Wasserstein distance (normed),0.1,0.03612979501929924
S1_a15_n1000_s456,Destination Port,False,Wasserstein distance (normed),0.1,0.0683947162448153
S1_a15_n1000_s456,FIN Flag Count,False,Jensen-Shannon distance,0.1,0.009393048096721937
S1_a15_n1000_s456,Flow Bytes/s,False,Wasserstein distance (normed),0.1,0.05405093692500927
S1_a15_n1000_s456,Flow Duration,False,Wasserstein distance (normed),0.1,0.06705467171984085
S1_a15_n1000_s456,Flow IAT Max,True,Wasserstein distance (normed),0.1,0.13520417584021943
S1_a15_n1000_s456,Flow IAT Mean,False,Wasserstein distance (normed),0.1,0.09454733853874689
S1_a15_n1000_s456,Flow IAT Min,False,Wasserstein distance (normed),0.1,0.014107511009828445
S1_a15_n1000_s456,Flow IAT Std,True,Wasserstein distance (normed),0.1,0.1337020116408374
S1_a15_n1000_s456,Flow Packets/s,False,Wasserstein distance (normed),0.1,0.03759195621501152
S1_a15_n1000_s456,Fwd Header Length,False,Wasserstein distance (normed),0.1,0.06778347444663727
S1_a15_n1000_s456,Fwd IAT Max,True,Wasserstein distance (normed),0.1,0.13341023729560508
S1_a15_n1000_s456,Fwd IAT Mean,False,Wasserstein distance (normed),0.1,0.08596282933977886
S1_a15_n1000_s456,Fwd IAT Min,False,Wasserstein distance (normed),0.1,0.05161057606587672
S1_a15_n1000_s456,Fwd IAT Std,True,Wasserstein distance (normed),0.1,0.12340199172450429
S1_a15_n1000_s456,Fwd IAT Total,False,Wasserstein distance (normed),0.1,0.06658657603059304
S1_a15_n1000_s456,Fwd Packet Length Max,False,Wasserstein distance (normed),0.1,0.06650852126273524
S1_a15_n1000_s456,Fwd Packet Length Mean,False,Wasserstein distance (normed),0.1,0.06755466194200664
S1_a15_n1000_s456,Fwd Packet Length Min,False,Wasserstein distance (normed),0.1,0.05890384100773265
S1_a15_n1000_s456,Fwd Packet Length Std,False,Wasserstein distance (normed),0.1,0.05654958972179497
S1_a15_n1000_s456,Fwd Packets/s,False,Wasserstein distance (normed),0.1,0.034712861612012424
S1_a15_n1000_s456,Idle Max,True,Wasserstein distance (normed),0.1,0.1323002223960056
S1_a15_n1000_s456,Idle Mean,True,Wasserstein distance (normed),0.1,0.11918148062850686
S1_a15_n1000_s456,Idle Min,False,Wasserstein distance (normed),0.1,0.09150024000300626
S1_a15_n1000_s456,Init_Win_bytes_backward,False,Wasserstein distance (normed),0.1,0.07339615132788034
S1_a15_n1000_s456,Init_Win_bytes_forward,False,Wasserstein distance (normed),0.1,0.0943939540473712
S1_a15_n1000_s456,Max Packet Length,True,Wasserstein distance (normed),0.1,0.20619311074067193
S1_a15_n1000_s456,Min Packet Length,False,Wasserstein distance (normed),0.1,0.06585732411513674
S1_a15_n1000_s456,PSH Flag Count,False,Jensen-Shannon distance,0.1,0.004676757044791602
S1_a15_n1000_s456,Packet Length Mean,True,Wasserstein distance (normed),0.1,0.20471481034284958
S1_a15_n1000_s456,Packet Length Std,True,Wasserstein distance (normed),0.1,0.21191052253463946
S1_a15_n1000_s456,Packet Length Variance,True,Wasserstein distance (normed),0.1,0.20901927023351893
S1_a15_n1000_s456,Subflow Fwd Bytes,False,Wasserstein distance (normed),0.1,0.0359310447095241
S1_a15_n1000_s456,Total Fwd Packets,False,Wasserstein distance (normed),0.1,0.05666791821698821
S1_a15_n1000_s456,Total Length of Fwd Packets,False,Wasserstein distance (normed),0.1,0.0359310447095241
S1_a15_n1000_s456,act_data_pkt_fwd,False,Wasserstein distance (normed),0.1,0.04492132913352282
S1_a15_n1000_s456,min_seg_size_forward,True,Wasserstein distance (normed),0.1,0.11085784429990833
S1_a15_n1000_s789,ACK Flag Count,False,Jensen-Shannon distance,0.1,0.027348568789548847
S1_a15_n1000_s789,Active Max,False,Wasserstein distance (normed),0.1,0.035231973681470005
S1_a15_n1000_s789,Active Mean,False,Wasserstein distance (normed),0.1,0.030988147552812064
S1_a15_n1000_s789,Active Min,False,Wasserstein distance (normed),0.1,0.04456643918194171
S1_a15_n1000_s789,Average Packet Size,True,Wasserstein distance (normed),0.1,0.20510234777064495
S1_a15_n1000_s789,Bwd Header Length,False,Wasserstein distance (normed),0.1,0.06027320932312528
S1_a15_n1000_s789,Bwd IAT Max,False,Wasserstein distance (normed),0.1,0.0848134566530258
S1_a15_n1000_s789,Bwd IAT Mean,False,Wasserstein distance (normed),0.1,0.05996322003368632
S1_a15_n1000_s789,Bwd IAT Min,False,Wasserstein distance (normed),0.1,0.049334161834719656
S1_a15_n1000_s789,Bwd IAT Std,False,Wasserstein distance (normed),0.1,0.08362260917069277
S1_a15_n1000_s789,Bwd IAT Total,False,Wasserstein distance (normed),0.1,0.09158123591234427
S1_a15_n1000_s789,Bwd Packet Length Max,True,Wasserstein distance (normed),0.1,0.19317783214125211
S1_a15_n1000_s789,Bwd Packet Length Mean,True,Wasserstein distance (normed),0.1,0.20511696310580407
S1_a15_n1000_s789,Bwd Packet Length Min,True,Wasserstein distance (normed),0.1,0.12400616220141045
S1_a15_n1000_s789,Bwd Packet Length Std,True,Wasserstein distance (normed),0.1,0.20395198584018084
S1_a15_n1000_s789,Bwd Packets/s,False,Wasserstein distance (normed),0.1,0.059424549940814336
S1_a15_n1000_s789,Destination Port,True,Wasserstein distance (normed),0.1,0.10146165146275787
S1_a15_n1000_s789,FIN Flag Count,False,Jensen-Shannon distance,0.1,0.002284476804393462
S1_a15_n1000_s789,Flow Bytes/s,False,Wasserstein distance (normed),0.1,0.043436094590760865
S1_a15_n1000_s789,Flow Duration,False,Wasserstein distance (normed),0.1,0.030478800530295693
S1_a15_n1000_s789,Flow IAT Max,False,Wasserstein distance (normed),0.1,0.03605114323508812
S1_a15_n1000_s789,Flow IAT Mean,False,Wasserstein distance (normed),0.1,0.04145874285115225
S1_a15_n1000_s789,Flow IAT Min,False,Wasserstein distance (normed),0.1,0.016865651606811208
S1_a15_n1000_s789,Flow IAT Std,False,Wasserstein distance (normed),0.1,0.04799430323404547
S1_a15_n1000_s789,Flow Packets/s,False,Wasserstein distance (normed),0.1,0.06959479098615477
S1_a15_n1000_s789,Fwd Header Length,False,Wasserstein distance (normed),0.1,0.06877542773122301
S1_a15_n1000_s789,Fwd IAT Max,False,Wasserstein distance (normed),0.1,0.036010841103361564
S1_a15_n1000_s789,Fwd IAT Mean,False,Wasserstein distance (normed),0.1,0.03469760924740541
S1_a15_n1000_s789,Fwd IAT Min,False,Wasserstein distance (normed),0.1,0.037189267828100225
S1_a15_n1000_s789,Fwd IAT Std,False,Wasserstein distance (normed),0.1,0.06283051063993839
S1_a15_n1000_s789,Fwd IAT Total,False,Wasserstein distance (normed),0.1,0.029412144788839956
S1_a15_n1000_s789,Fwd Packet Length Max,False,Wasserstein distance (normed),0.1,0.051453137193360976
S1_a15_n1000_s789,Fwd Packet Length Mean,False,Wasserstein distance (normed),0.1,0.03772453721647915
S1_a15_n1000_s789,Fwd Packet Length Min,False,Wasserstein distance (normed),0.1,0.05956801638627611
S1_a15_n1000_s789,Fwd Packet Length Std,False,Wasserstein distance (normed),0.1,0.04437261381976347
S1_a15_n1000_s789,Fwd Packets/s,False,Wasserstein distance (normed),0.1,0.0619247455660807
S1_a15_n1000_s789,Idle Max,False,Wasserstein distance (normed),0.1,0.032472520919260325
S1_a15_n1000_s789,Idle Mean,False,Wasserstein distance (normed),0.1,0.032544848569179316
S1_a15_n1000_s789,Idle Min,False,Wasserstein distance (normed),0.1,0.05544857653458116
S1_a15_n1000_s789,Init_Win_bytes_backward,False,Wasserstein distance (normed),0.1,0.056189759672979366
S1_a15_n1000_s789,Init_Win_bytes_forward,False,Wasserstein distance (normed),0.1,0.09794685597736369
S1_a15_n1000_s789,Max Packet Length,True,Wasserstein distance (normed),0.1,0.19346088980106194
S1_a15_n1000_s789,Min Packet Length,True,Wasserstein distance (normed),0.1,0.10727128453747549
S1_a15_n1000_s789,PSH Flag Count,False,Jensen-Shannon distance,0.1,0.025939061632020366
S1_a15_n1000_s789,Packet Length Mean,True,Wasserstein distance (normed),0.1,0.20379336557922356
S1_a15_n1000_s789,Packet Length Std,True,Wasserstein distance (normed),0.1,0.2075955245987662
S1_a15_n1000_s789,Packet Length Variance,True,Wasserstein distance (normed),0.1,0.19522769266663428
S1_a15_n1000_s789,Subflow Fwd Bytes,False,Wasserstein distance (normed),0.1,0.04324605255340257
S1_a15_n1000_s789,Total Fwd Packets,False,Wasserstein distance (normed),0.1,0.05339448733513587
S1_a15_n1000_s789,Total Length of Fwd Packets,False,Wasserstein distance (normed),0.1,0.04324605255340257
S1_a15_n1000_s789,act_data_pkt_fwd,False,Wasserstein distance (normed),0.1,0.06097210566847064
S1_a15_n1000_s789,min_seg_size_forward,True,Wasserstein distance (normed),0.1,0.12877696509144973
S1_a15_n1000_s1024,ACK Flag Count,False,Jensen-Shannon distance,0.1,0.028855151782567475
S1_a15_n1000_s1024,Active Max,False,Wasserstein distance (normed),0.1,0.04974588883407332
S1_a15_n1000_s1024,Active Mean,False,Wasserstein distance (normed),0.1,0.07619628123246185
S1_a15_n1000_s1024,Active Min,False,Wasserstein distance (normed),0.1,0.07939456004078549
S1_a15_n1000_s1024,Average Packet Size,True,Wasserstein distance (normed),0.1,0.1960319943435389
S1_a15_n1000_s1024,Bwd Header Length,False,Wasserstein distance (normed),0.1,0.05651566590885985
S1_a15_n1000_s1024,Bwd IAT Max,False,Wasserstein distance (normed),0.1,0.050191307867932605
S1_a15_n1000_s1024,Bwd IAT Mean,False,Wasserstein distance (normed),0.1,0.06709575922093819
S1_a15_n1000_s1024,Bwd IAT Min,False,Wasserstein distance (normed),0.1,0.06662200973329323
S1_a15_n1000_s1024,Bwd IAT Std,False,Wasserstein distance (normed),0.1,0.03755829535743582
S1_a15_n1000_s1024,Bwd IAT Total,False,Wasserstein distance (normed),0.1,0.050622855567359085
S1_a15_n1000_s1024,Bwd Packet Length Max,True,Wasserstein distance (normed),0.1,0.19122200127318725
S1_a15_n1000_s1024,Bwd Packet Length Mean,True,Wasserstein distance (normed),0.1,0.2021884182315782
S1_a15_n1000_s1024,Bwd Packet Length Min,True,Wasserstein distance (normed),0.1,0.12381969144298116
S1_a15_n1000_s1024,Bwd Packet Length Std,True,Wasserstein distance (normed),0.1,0.18740465603818962
S1_a15_n1000_s1024,Bwd Packets/s,False,Wasserstein distance (normed),0.1,0.0906303356909163
S1_a15_n1000_s1024,Destination Port,False,Wasserstein distance (normed),0.1,0.07774486053771165
S1_a15_n1000_s1024,FIN Flag Count,False,Jensen-Shannon distance,0.1,0.020034754195753835
S1_a15_n1000_s1024,Flow Bytes/s,False,Wasserstein distance (normed),0.1,0.07007503669963706
S1_a15_n1000_s1024,Flow Duration,False,Wasserstein distance (normed),0.1,0.050051527347234503
S1_a15_n1000_s1024,Flow IAT Max,False,Wasserstein distance (normed),0.1,0.079337577491682
S1_a15_n1000_s1024,Flow IAT Mean,False,Wasserstein distance (normed),0.1,0.07694904708725857
S1_a15_n1000_s1024,Flow IAT Min,False,Wasserstein distance (normed),0.1,0.04221761797696859
S1_a15_n1000_s1024,Flow IAT Std,False,Wasserstein distance (normed),0.1,0.08626241510602202
S1_a15_n1000_s1024,Flow Packets/s,False,Wasserstein distance (normed),0.1,0.09112038901475039
S1_a15_n1000_s1024,Fwd Header Length,False,Wasserstein distance (normed),0.1,0.06457368456658576
S1_a15_n1000_s1024,Fwd IAT Max,False,Wasserstein distance (normed),0.1,0.07886073056894066
S1_a15_n1000_s1024,Fwd IAT Mean,False,Wasserstein distance (normed),0.1,0.06353292290253006
S1_a15_n1000_s1024,Fwd IAT Min,False,Wasserstein distance (normed),0.1,0.04916664307687432
S1_a15_n1000_s1024,Fwd IAT Std,True,Wasserstein distance (normed),0.1,0.1097788424318105
S1_a15_n1000_s1024,Fwd IAT Total,False,Wasserstein distance (normed),0.1,0.05025825957295671
S1_a15_n1000_s1024,Fwd Packet Length Max,False,Wasserstein distance (normed),0.1,0.033752067887305656
S1_a15_n1000_s1024,Fwd Packet Length Mean,False,Wasserstein distance (normed),0.1,0.04665220613783939
S1_a15_n1000_s1024,Fwd Packet Length Min,False,Wasserstein distance (normed),0.1,0.06837259768643601
S1_a15_n1000_s1024,Fwd Packet Length Std,False,Wasserstein distance (normed),0.1,0.026504289718335804
S1_a15_n1000_s1024,Fwd Packets/s,False,Wasserstein distance (normed),0.1,0.08141245249904082
S1_a15_n1000_s1024,Idle Max,False,Wasserstein distance (normed),0.1,0.07838558340524628
S1_a15_n1000_s1024,Idle Mean,False,Wasserstein distance (normed),0.1,0.06097549029655951
S1_a15_n1000_s1024,Idle Min,False,Wasserstein distance (normed),0.1,0.033575879368360415
S1_a15_n1000_s1024,Init_Win_bytes_backward,False,Wasserstein distance (normed),0.1,0.07983353761345044
S1_a15_n1000_s1024,Init_Win_bytes_forward,False,Wasserstein distance (normed),0.1,0.06046502489701256
S1_a15_n1000_s1024,Max Packet Length,True,Wasserstein distance (normed),0.1,0.19150290279091572
S1_a15_n1000_s1024,Min Packet Length,True,Wasserstein distance (normed),0.1,0.12094045845786514
S1_a15_n1000_s1024,PSH Flag Count,False,Jensen-Shannon distance,0.1,0.018181109757943015
S1_a15_n1000_s1024,Packet Length Mean,True,Wasserstein distance (normed),0.1,0.19880835704164726
S1_a15_n1000_s1024,Packet Length Std,True,Wasserstein distance (normed),0.1,0.19331207757412752
S1_a15_n1000_s1024,Packet Length Variance,True,Wasserstein distance (normed),0.1,0.17042316580420572
S1_a15_n1000_s1024,Subflow Fwd Bytes,False,Wasserstein distance (normed),0.1,0.03764118691547162
S1_a15_n1000_s1024,Total Fwd Packets,False,Wasserstein distance (normed),0.1,0.07125078448163466
S1_a15_n1000_s1024,Total Length of Fwd Packets,False,Wasserstein distance (normed),0.1,0.03764118691547162
S1_a15_n1000_s1024,act_data_pkt_fwd,False,Wasserstein distance (normed),0.1,0.07605879335310506
S1_a15_n1000_s1024,min_seg_size_forward,True,Wasserstein distance (normed),0.1,0.12543384554078904
S1_a50_n500_s42,ACK Flag Count,False,Jensen-Shannon distance,0.1,0.05140203144793775
S1_a50_n500_s42,Active Max,False,Wasserstein distance (normed),0.1,0.05374426394643416
S1_a50_n500_s42,Active Mean,False,Wasserstein distance (normed),0.1,0.05853026782473345
S1_a50_n500_s42,Active Min,False,Wasserstein distance (normed),0.1,0.06447658508564703
S1_a50_n500_s42,Average Packet Size,True,Wasserstein distance (normed),0.1,0.25337915365834524
S1_a50_n500_s42,Bwd Header Length,False,Wasserstein distance (normed),0.1,0.08399373010461948
S1_a50_n500_s42,Bwd IAT Max,True,Wasserstein distance (normed),0.1,0.11515601785162805
S1_a50_n500_s42,Bwd IAT Mean,False,Wasserstein distance (normed),0.1,0.08831106888120871
S1_a50_n500_s42,Bwd IAT Min,False,Wasserstein distance (normed),0.1,0.06210815736643809
S1_a50_n500_s42,Bwd IAT Std,False,Wasserstein distance (normed),0.1,0.09755209033176057
S1_a50_n500_s42,Bwd IAT Total,True,Wasserstein distance (normed),0.1,0.13968028768598978
S1_a50_n500_s42,Bwd Packet Length Max,True,Wasserstein distance (normed),0.1,0.26436503790944293
S1_a50_n500_s42,Bwd Packet Length Mean,True,Wasserstein distance (normed),0.1,0.257081907058866
S1_a50_n500_s42,Bwd Packet Length Min,True,Wasserstein distance (normed),0.1,0.17446825727833343
S1_a50_n500_s42,Bwd Packet Length Std,True,Wasserstein distance (normed),0.1,0.267381763158907
S1_a50_n500_s42,Bwd Packets/s,True,Wasserstein distance (normed),0.1,0.15592347566142684
S1_a50_n500_s42,Destination Port,False,Wasserstein distance (normed),0.1,0.056865973014074964
S1_a50_n500_s42,FIN Flag Count,False,Jensen-Shannon distance,0.1,0.020034754195753835
S1_a50_n500_s42,Flow Bytes/s,False,Wasserstein distance (normed),0.1,0.035352229857962714
S1_a50_n500_s42,Flow Duration,False,Wasserstein distance (normed),0.1,0.07562366949931214
S1_a50_n500_s42,Flow IAT Max,False,Wasserstein distance (normed),0.1,0.035134549779624415
S1_a50_n500_s42,Flow IAT Mean,False,Wasserstein distance (normed),0.1,0.06778953972944195
S1_a50_n500_s42,Flow IAT Min,False,Wasserstein distance (normed),0.1,0.033997968343863504
S1_a50_n500_s42,Flow IAT Std,False,Wasserstein distance (normed),0.1,0.05166061089236242
S1_a50_n500_s42,Flow Packets/s,False,Wasserstein distance (normed),0.1,0.027560632253303442
S1_a50_n500_s42,Fwd Header Length,False,Wasserstein distance (normed),0.1,0.09681778963353622
S1_a50_n500_s42,Fwd IAT Max,False,Wasserstein distance (normed),0.1,0.03439142749926291
S1_a50_n500_s42,Fwd IAT Mean,False,Wasserstein distance (normed),0.1,0.06809897662037638
S1_a50_n500_s42,Fwd IAT Min,False,Wasserstein distance (normed),0.1,0.06626790916450305
S1_a50_n500_s42,Fwd IAT Std,False,Wasserstein distance (normed),0.1,0.05069896865313003
S1_a50_n500_s42,Fwd IAT Total,False,Wasserstein distance (normed),0.1,0.07423886916147723
S1_a50_n500_s42,Fwd Packet Length Max,True,Wasserstein distance (normed),0.1,0.10168646262599905
S1_a50_n500_s42,Fwd Packet Length Mean,False,Wasserstein distance (normed),0.1,0.093738732696998
S1_a50_n500_s42,Fwd Packet Length Min,False,Wasserstein distance (normed),0.1,0.061635475128710995
S1_a50_n500_s42,Fwd Packet Length Std,False,Wasserstein distance (normed),0.1,0.09567660444685924
S1_a50_n500_s42,Fwd Packets/s,False,Wasserstein distance (normed),0.1,0.04247562607631872
S1_a50_n500_s42,Idle Max,False,Wasserstein distance (normed),0.1,0.026401414467174346
S1_a50_n500_s42,Idle Mean,False,Wasserstein distance (normed),0.1,0.05526678002746887
S1_a50_n500_s42,Idle Min,False,Wasserstein distance (normed),0.1,0.0944663060083737
S1_a50_n500_s42,Init_Win_bytes_backward,False,Wasserstein distance (normed),0.1,0.04667629885832858
S1_a50_n500_s42,Init_Win_bytes_forward,True,Wasserstein distance (normed),0.1,0.10129575862812429
S1_a50_n500_s42,Max Packet Length,True,Wasserstein distance (normed),0.1,0.24768870221019598
S1_a50_n500_s42,Min Packet Length,True,Wasserstein distance (normed),0.1,0.12369283254929472
S1_a50_n500_s42,PSH Flag Count,False,Jensen-Shannon distance,0.1,0.0144108703161773
S1_a50_n500_s42,Packet Length Mean,True,Wasserstein distance (normed),0.1,0.2506226555916456
S1_a50_n500_s42,Packet Length Std,True,Wasserstein distance (normed),0.1,0.2564814556738984
S1_a50_n500_s42,Packet Length Variance,True,Wasserstein distance (normed),0.1,0.24849334765569747
S1_a50_n500_s42,Subflow Fwd Bytes,False,Wasserstein distance (normed),0.1,0.05417954766336749
S1_a50_n500_s42,Total Fwd Packets,False,Wasserstein distance (normed),0.1,0.07879040807016394
S1_a50_n500_s42,Total Length of Fwd Packets,False,Wasserstein distance (normed),0.1,0.05417954766336749
S1_a50_n500_s42,act_data_pkt_fwd,False,Wasserstein distance (normed),0.1,0.08911307751545718
S1_a50_n500_s42,min_seg_size_forward,True,Wasserstein distance (normed),0.1,0.23187877203382545
S1_a50_n500_s123,ACK Flag Count,False,Jensen-Shannon distance,0.1,0.05424824131706605
S1_a50_n500_s123,Active Max,False,Wasserstein distance (normed),0.1,0.037337817447478085
S1_a50_n500_s123,Active Mean,False,Wasserstein distance (normed),0.1,0.06833630996064723
S1_a50_n500_s123,Active Min,False,Wasserstein distance (normed),0.1,0.08295367016895289
S1_a50_n500_s123,Average Packet Size,True,Wasserstein distance (normed),0.1,0.31136021846777556
S1_a50_n500_s123,Bwd Header Length,False,Wasserstein distance (normed),0.1,0.05364031533757779
S1_a50_n500_s123,Bwd IAT Max,False,Wasserstein distance (normed),0.1,0.09748917977145377
S1_a50_n500_s123,Bwd IAT Mean,False,Wasserstein distance (normed),0.1,0.05441847667504572
S1_a50_n500_s123,Bwd IAT Min,False,Wasserstein distance (normed),0.1,0.026807219054127265
S1_a50_n500_s123,Bwd IAT Std,True,Wasserstein distance (normed),0.1,0.1124236997816432
S1_a50_n500_s123,Bwd IAT Total,False,Wasserstein distance (normed),0.1,0.0984376838999209
S1_a50_n500_s123,Bwd Packet Length Max,True,Wasserstein distance (normed),0.1,0.3535622091328233
S1_a50_n500_s123,Bwd Packet Length Mean,True,Wasserstein distance (normed),0.1,0.36160713490659735
S1_a50_n500_s123,Bwd Packet Length Min,True,Wasserstein distance (normed),0.1,0.1603399894813456
S1_a50_n500_s123,Bwd Packet Length Std,True,Wasserstein distance (normed),0.1,0.34931903689877924
S1_a50_n500_s123,Bwd Packets/s,False,Wasserstein distance (normed),0.1,0.06896418470104301
S1_a50_n500_s123,Destination Port,True,Wasserstein distance (normed),0.1,0.10005030742718056
S1_a50_n500_s123,FIN Flag Count,False,Jensen-Shannon distance,0.1,0.010059493360239136
S1_a50_n500_s123,Flow Bytes/s,False,Wasserstein distance (normed),0.1,0.030225063565165553
S1_a50_n500_s123,Flow Duration,True,Wasserstein distance (normed),0.1,0.10448741908517917
S1_a50_n500_s123,Flow IAT Max,True,Wasserstein distance (normed),0.1,0.1905469635615358
S1_a50_n500_s123,Flow IAT Mean,False,Wasserstein distance (normed),0.1,0.09717045199297404
S1_a50_n500_s123,Flow IAT Min,False,Wasserstein distance (normed),0.1,0.01633453216524255
S1_a50_n500_s123,Flow IAT Std,True,Wasserstein distance (normed),0.1,0.16393699705246664
S1_a50_n500_s123,Flow Packets/s,False,Wasserstein distance (normed),0.1,0.04407581545580484
S1_a50_n500_s123,Fwd Header Length,False,Wasserstein distance (normed),0.1,0.0691870546044173
S1_a50_n500_s123,Fwd IAT Max,True,Wasserstein distance (normed),0.1,0.18926571028617808
S1_a50_n500_s123,Fwd IAT Mean,False,Wasserstein distance (normed),0.1,0.07142272954050462
S1_a50_n500_s123,Fwd IAT Min,False,Wasserstein distance (normed),0.1,0.02234341056333679
S1_a50_n500_s123,Fwd IAT Std,True,Wasserstein distance (normed),0.1,0.21398205166295076
S1_a50_n500_s123,Fwd IAT Total,True,Wasserstein distance (normed),0.1,0.10571043516085644
S1_a50_n500_s123,Fwd Packet Length Max,False,Wasserstein distance (normed),0.1,0.08557527509986469
S1_a50_n500_s123,Fwd Packet Length Mean,False,Wasserstein distance (normed),0.1,0.07460593822649673
S1_a50_n500_s123,Fwd Packet Length Min,True,Wasserstein distance (normed),0.1,0.11959244046857412
S1_a50_n500_s123,Fwd Packet Length Std,False,Wasserstein distance (normed),0.1,0.08891043133617962
S1_a50_n500_s123,Fwd Packets/s,False,Wasserstein distance (normed),0.1,0.04431264241498692
S1_a50_n500_s123,Idle Max,True,Wasserstein distance (normed),0.1,0.19886576166943082
S1_a50_n500_s123,Idle Mean,True,Wasserstein distance (normed),0.1,0.17908434799447961
S1_a50_n500_s123,Idle Min,True,Wasserstein distance (normed),0.1,0.13552757139942323
S1_a50_n500_s123,Init_Win_bytes_backward,False,Wasserstein distance (normed),0.1,0.019859040090490655
S1_a50_n500_s123,Init_Win_bytes_forward,False,Wasserstein distance (normed),0.1,0.053650079683518495
S1_a50_n500_s123,Max Packet Length,True,Wasserstein distance (normed),0.1,0.33215363009223003
S1_a50_n500_s123,Min Packet Length,True,Wasserstein distance (normed),0.1,0.15210075581420457
S1_a50_n500_s123,PSH Flag Count,False,Jensen-Shannon distance,0.1,0.0144108703161773
S1_a50_n500_s123,Packet Length Mean,True,Wasserstein distance (normed),0.1,0.31473744143206855
S1_a50_n500_s123,Packet Length Std,True,Wasserstein distance (normed),0.1,0.32570486358202555
S1_a50_n500_s123,Packet Length Variance,True,Wasserstein distance (normed),0.1,0.29065678428053593
S1_a50_n500_s123,Subflow Fwd Bytes,False,Wasserstein distance (normed),0.1,0.049386474518041394
S1_a50_n500_s123,Total Fwd Packets,False,Wasserstein distance (normed),0.1,0.06760171399038915
S1_a50_n500_s123,Total Length of Fwd Packets,False,Wasserstein distance (normed),0.1,0.049386474518041394
S1_a50_n500_s123,act_data_pkt_fwd,False,Wasserstein distance (normed),0.1,0.08306797985943766
S1_a50_n500_s123,min_seg_size_forward,True,Wasserstein distance (normed),0.1,0.1473647097931232
S1_a50_n500_s456,ACK Flag Count,False,Jensen-Shannon distance,0.1,0.04284233502104022
S1_a50_n500_s456,Active Max,False,Wasserstein distance (normed),0.1,0.03787581130565285
S1_a50_n500_s456,Active Mean,False,Wasserstein distance (normed),0.1,0.07927214045887729
S1_a50_n500_s456,Active Min,True,Wasserstein distance (normed),0.1,0.1089605802974125
S1_a50_n500_s456,Average Packet Size,True,Wasserstein distance (normed),0.1,0.29120098099408404
S1_a50_n500_s456,Bwd Header Length,False,Wasserstein distance (normed),0.1,0.0868077757495245
S1_a50_n500_s456,Bwd IAT Max,False,Wasserstein distance (normed),0.1,0.07188894447930395
S1_a50_n500_s456,Bwd IAT Mean,False,Wasserstein distance (normed),0.1,0.03242577131225948
S1_a50_n500_s456,Bwd IAT Min,False,Wasserstein distance (normed),0.1,0.014738732067676083
S1_a50_n500_s456,Bwd IAT Std,False,Wasserstein distance (normed),0.1,0.07265105356347512
S1_a50_n500_s456,Bwd IAT Total,False,Wasserstein distance (normed),0.1,0.0961739227241441
S1_a50_n500_s456,Bwd Packet Length Max,True,Wasserstein distance (normed),0.1,0.3489146399511788
S1_a50_n500_s456,Bwd Packet Length Mean,True,Wasserstein distance (normed),0.1,0.3265144364623503
S1_a50_n500_s456,Bwd Packet Length Min,True,Wasserstein distance (normed),0.1,0.22498940142875903
S1_a50_n500_s456,Bwd Packet Length Std,True,Wasserstein distance (normed),0.1,0.3520512265914385
S1_a50_n500_s456,Bwd Packets/s,False,Wasserstein distance (normed),0.1,0.09606353236046712
S1_a50_n500_s456,Destination Port,True,Wasserstein distance (normed),0.1,0.11657670144161593
S1_a50_n500_s456,FIN Flag Count,False,Jensen-Shannon distance,0.1,0.03261659491910333
S1_a50_n500_s456,Flow Bytes/s,True,Wasserstein distance (normed),0.1,0.14258119996317903
S1_a50_n500_s456,Flow Duration,False,Wasserstein distance (normed),0.1,0.060421282161781935
S1_a50_n500_s456,Flow IAT Max,True,Wasserstein distance (normed),0.1,0.13209841792248386
S1_a50_n500_s456,Flow IAT Mean,False,Wasserstein distance (normed),0.1,0.08113891317065458
S1_a50_n500_s456,Flow IAT Min,False,Wasserstein distance (normed),0.1,0.017890330663439865
S1_a50_n500_s456,Flow IAT Std,True,Wasserstein distance (normed),0.1,0.1347995776130757
S1_a50_n500_s456,Flow Packets/s,False,Wasserstein distance (normed),0.1,0.05197366270658221
S1_a50_n500_s456,Fwd Header Length,False,Wasserstein distance (normed),0.1,0.09255756396232563
S1_a50_n500_s456,Fwd IAT Max,True,Wasserstein distance (normed),0.1,0.12244222476866412
S1_a50_n500_s456,Fwd IAT Mean,False,Wasserstein distance (normed),0.1,0.052848627196699714
S1_a50_n500_s456,Fwd IAT Min,False,Wasserstein distance (normed),0.1,0.01772464012444749
S1_a50_n500_s456,Fwd IAT Std,True,Wasserstein distance (normed),0.1,0.14725996804461727
S1_a50_n500_s456,Fwd IAT Total,False,Wasserstein distance (normed),0.1,0.05680798004552878
S1_a50_n500_s456,Fwd Packet Length Max,True,Wasserstein distance (normed),0.1,0.11093190509425747
S1_a50_n500_s456,Fwd Packet Length Mean,True,Wasserstein distance (normed),0.1,0.11331159039738795
S1_a50_n500_s456,Fwd Packet Length Min,True,Wasserstein distance (normed),0.1,0.11384987796487248
S1_a50_n500_s456,Fwd Packet Length Std,False,Wasserstein distance (normed),0.1,0.09797925347799372
S1_a50_n500_s456,Fwd Packets/s,False,Wasserstein distance (normed),0.1,0.05493025546803162
S1_a50_n500_s456,Idle Max,True,Wasserstein distance (normed),0.1,0.12538836381706014
S1_a50_n500_s456,Idle Mean,True,Wasserstein distance (normed),0.1,0.10460697819984607
S1_a50_n500_s456,Idle Min,False,Wasserstein distance (normed),0.1,0.06808052991953455
S1_a50_n500_s456,Init_Win_bytes_backward,False,Wasserstein distance (normed),0.1,0.08733801158197872
S1_a50_n500_s456,Init_Win_bytes_forward,False,Wasserstein distance (normed),0.1,0.06783806949759645
S1_a50_n500_s456,Max Packet Length,True,Wasserstein distance (normed),0.1,0.3284717683567447
S1_a50_n500_s456,Min Packet Length,True,Wasserstein distance (normed),0.1,0.1787830973948506
S1_a50_n500_s456,PSH Flag Count,False,Jensen-Shannon distance,0.1,0.04237817616668134
S1_a50_n500_s456,Packet Length Mean,True,Wasserstein distance (normed),0.1,0.2893064401610668
S1_a50_n500_s456,Packet Length Std,True,Wasserstein distance (normed),0.1,0.3290611993391876
S1_a50_n500_s456,Packet Length Variance,True,Wasserstein distance (normed),0.1,0.3160636301314435
S1_a50_n500_s456,Subflow Fwd Bytes,False,Wasserstein distance (normed),0.1,0.06239800199094659
S1_a50_n500_s456,Total Fwd Packets,False,Wasserstein distance (normed),0.1,0.09827000495725385
S1_a50_n500_s456,Total Length of Fwd Packets,False,Wasserstein distance (normed),0.1,0.06239800199094659
S1_a50_n500_s456,act_data_pkt_fwd,True,Wasserstein distance (normed),0.1,0.10057791789756278
S1_a50_n500_s456,min_seg_size_forward,True,Wasserstein distance (normed),0.1,0.16367913320034735
S1_a50_n500_s789,ACK Flag Count,False,Jensen-Shannon distance,0.1,0.052825549780414316
S1_a50_n500_s789,Active Max,True,Wasserstein distance (normed),0.1,0.11621321373175743
S1_a50_n500_s789,Active Mean,True,Wasserstein distance (normed),0.1,0.1518226721641315
S1_a50_n500_s789,Active Min,True,Wasserstein distance (normed),0.1,0.17101513044044608
S1_a50_n500_s789,Average Packet Size,True,Wasserstein distance (normed),0.1,0.29682729231312066
S1_a50_n500_s789,Bwd Header Length,True,Wasserstein distance (normed),0.1,0.11671261788454117
S1_a50_n500_s789,Bwd IAT Max,False,Wasserstein distance (normed),0.1,0.050899327841276674
S1_a50_n500_s789,Bwd IAT Mean,False,Wasserstein distance (normed),0.1,0.07489526325339962
S1_a50_n500_s789,Bwd IAT Min,False,Wasserstein distance (normed),0.1,0.05885857742586771
S1_a50_n500_s789,Bwd IAT Std,False,Wasserstein distance (normed),0.1,0.05192019471800728
S1_a50_n500_s789,Bwd IAT Total,False,Wasserstein distance (normed),0.1,0.07429036740716663
S1_a50_n500_s789,Bwd Packet Length Max,True,Wasserstein distance (normed),0.1,0.3336202292508665
S1_a50_n500_s789,Bwd Packet Length Mean,True,Wasserstein distance (normed),0.1,0.32783740337485257
S1_a50_n500_s789,Bwd Packet Length Min,True,Wasserstein distance (normed),0.1,0.2063858354294705
S1_a50_n500_s789,Bwd Packet Length Std,True,Wasserstein distance (normed),0.1,0.3375210403683271
S1_a50_n500_s789,Bwd Packets/s,False,Wasserstein distance (normed),0.1,0.0633917295900815
S1_a50_n500_s789,Destination Port,False,Wasserstein distance (normed),0.1,0.08414548067558168
S1_a50_n500_s789,FIN Flag Count,False,Jensen-Shannon distance,0.1,0.03261659491910333
S1_a50_n500_s789,Flow Bytes/s,False,Wasserstein distance (normed),0.1,0.03421122344412815
S1_a50_n500_s789,Flow Duration,False,Wasserstein distance (normed),0.1,0.09174289935935842
S1_a50_n500_s789,Flow IAT Max,True,Wasserstein distance (normed),0.1,0.1751687565474472
S1_a50_n500_s789,Flow IAT Mean,True,Wasserstein distance (normed),0.1,0.11113061279201017
S1_a50_n500_s789,Flow IAT Min,False,Wasserstein distance (normed),0.1,0.041310790856595524
S1_a50_n500_s789,Flow IAT Std,True,Wasserstein distance (normed),0.1,0.1592311584474141
S1_a50_n500_s789,Flow Packets/s,False,Wasserstein distance (normed),0.1,0.06367142745320657
S1_a50_n500_s789,Fwd Header Length,True,Wasserstein distance (normed),0.1,0.12998636816979459
S1_a50_n500_s789,Fwd IAT Max,True,Wasserstein distance (normed),0.1,0.1740449798451793
S1_a50_n500_s789,Fwd IAT Mean,False,Wasserstein distance (normed),0.1,0.09209638339304109
S1_a50_n500_s789,Fwd IAT Min,False,Wasserstein distance (normed),0.1,0.06690761021047253
S1_a50_n500_s789,Fwd IAT Std,True,Wasserstein distance (normed),0.1,0.2123647200925637
S1_a50_n500_s789,Fwd IAT Total,False,Wasserstein distance (normed),0.1,0.09280195614107914
S1_a50_n500_s789,Fwd Packet Length Max,False,Wasserstein distance (normed),0.1,0.058615358800708006
S1_a50_n500_s789,Fwd Packet Length Mean,False,Wasserstein distance (normed),0.1,0.06180438234416227
S1_a50_n500_s789,Fwd Packet Length Min,True,Wasserstein distance (normed),0.1,0.11739214665043064
S1_a50_n500_s789,Fwd Packet Length Std,False,Wasserstein distance (normed),0.1,0.05060612802314873
S1_a50_n500_s789,Fwd Packets/s,False,Wasserstein distance (normed),0.1,0.056635685872310895
S1_a50_n500_s789,Idle Max,True,Wasserstein distance (normed),0.1,0.17727584014428935
S1_a50_n500_s789,Idle Mean,True,Wasserstein distance (normed),0.1,0.17745606814733195
S1_a50_n500_s789,Idle Min,True,Wasserstein distance (normed),0.1,0.1607558479963817
S1_a50_n500_s789,Init_Win_bytes_backward,False,Wasserstein distance (normed),0.1,0.08122009676903871
S1_a50_n500_s789,Init_Win_bytes_forward,False,Wasserstein distance (normed),0.1,0.08720655966554017
S1_a50_n500_s789,Max Packet Length,True,Wasserstein distance (normed),0.1,0.334154127676032
S1_a50_n500_s789,Min Packet Length,True,Wasserstein distance (normed),0.1,0.1781413521403721
S1_a50_n500_s789,PSH Flag Count,False,Jensen-Shannon distance,0.1,0.027741887195975642
S1_a50_n500_s789,Packet Length Mean,True,Wasserstein distance (normed),0.1,0.2978810299518869
S1_a50_n500_s789,Packet Length Std,True,Wasserstein distance (normed),0.1,0.33585773361037785
S1_a50_n500_s789,Packet Length Variance,True,Wasserstein distance (normed),0.1,0.33304635811345235
S1_a50_n500_s789,Subflow Fwd Bytes,False,Wasserstein distance (normed),0.1,0.044117644222363424
S1_a50_n500_s789,Total Fwd Packets,True,Wasserstein distance (normed),0.1,0.122203614355718
S1_a50_n500_s789,Total Length of Fwd Packets,False,Wasserstein distance (normed),0.1,0.044117644222363424
S1_a50_n500_s789,act_data_pkt_fwd,True,Wasserstein distance (normed),0.1,0.19479806067413996
S1_a50_n500_s789,min_seg_size_forward,True,Wasserstein distance (normed),0.1,0.20245931998801137
S1_a50_n500_s1024,ACK Flag Count,False,Jensen-Shannon distance,0.1,0.04569925418440085
S1_a50_n500_s1024,Active Max,False,Wasserstein distance (normed),0.1,0.055774014126193
S1_a50_n500_s1024,Active Mean,False,Wasserstein distance (normed),0.1,0.055334413719945366
S1_a50_n500_s1024,Active Min,False,Wasserstein distance (normed),0.1,0.0651485031610211
S1_a50_n500_s1024,Average Packet Size,True,Wasserstein distance (normed),0.1,0.30730716548113507
S1_a50_n500_s1024,Bwd Header Length,False,Wasserstein distance (normed),0.1,0.09955620995168188
S1_a50_n500_s1024,Bwd IAT Max,True,Wasserstein distance (normed),0.1,0.10315384483685765
S1_a50_n500_s1024,Bwd IAT Mean,False,Wasserstein distance (normed),0.1,0.07210868148661963
S1_a50_n500_s1024,Bwd IAT Min,False,Wasserstein distance (normed),0.1,0.04027675848988386
S1_a50_n500_s1024,Bwd IAT Std,True,Wasserstein distance (normed),0.1,0.10832914323247723
S1_a50_n500_s1024,Bwd IAT Total,True,Wasserstein distance (normed),0.1,0.17594943347195482
S1_a50_n500_s1024,Bwd Packet Length Max,True,Wasserstein distance (normed),0.1,0.35408658265303733
S1_a50_n500_s1024,Bwd Packet Length Mean,True,Wasserstein distance (normed),0.1,0.33943098479211586
S1_a50_n500_s1024,Bwd Packet Length Min,True,Wasserstein distance (normed),0.1,0.19059797788246172
S1_a50_n500_s1024,Bwd Packet Length Std,True,Wasserstein distance (normed),0.1,0.36139872958215985
S1_a50_n500_s1024,Bwd Packets/s,False,Wasserstein distance (normed),0.1,0.045612450107689786
S1_a50_n500_s1024,Destination Port,False,Wasserstein distance (normed),0.1,0.031835334344404505
S1_a50_n500_s1024,FIN Flag Count,False,Jensen-Shannon distance,0.1,0.005928705390099095
S1_a50_n500_s1024,Flow Bytes/s,False,Wasserstein distance (normed),0.1,0.03293396509766427
S1_a50_n500_s1024,Flow Duration,False,Wasserstein distance (normed),0.1,0.04250449432399796
S1_a50_n500_s1024,Flow IAT Max,True,Wasserstein distance (normed),0.1,0.15232187076099926
S1_a50_n500_s1024,Flow IAT Mean,True,Wasserstein distance (normed),0.1,0.1187794247514085
S1_a50_n500_s1024,Flow IAT Min,False,Wasserstein distance (normed),0.1,0.037025672441996116
S1_a50_n500_s1024,Flow IAT Std,True,Wasserstein distance (normed),0.1,0.1528856708859962
S1_a50_n500_s1024,Flow Packets/s,False,Wasserstein distance (normed),0.1,0.024461234615893602
S1_a50_n500_s1024,Fwd Header Length,True,Wasserstein distance (normed),0.1,0.10731764889077555
S1_a50_n500_s1024,Fwd IAT Max,True,Wasserstein distance (normed),0.1,0.14785401302881587
S1_a50_n500_s1024,Fwd IAT Mean,False,Wasserstein distance (normed),0.1,0.08543070389478623
S1_a50_n500_s1024,Fwd IAT Min,False,Wasserstein distance (normed),0.1,0.04692020654092684
S1_a50_n500_s1024,Fwd IAT Std,True,Wasserstein distance (normed),0.1,0.1798336907286215
S1_a50_n500_s1024,Fwd IAT Total,False,Wasserstein distance (normed),0.1,0.04149577669052117
S1_a50_n500_s1024,Fwd Packet Length Max,True,Wasserstein distance (normed),0.1,0.11080837319864449
S1_a50_n500_s1024,Fwd Packet Length Mean,True,Wasserstein distance (normed),0.1,0.1062027198449622
S1_a50_n500_s1024,Fwd Packet Length Min,True,Wasserstein distance (normed),0.1,0.10240562528845387
S1_a50_n500_s1024,Fwd Packet Length Std,True,Wasserstein distance (normed),0.1,0.10491710923727868
S1_a50_n500_s1024,Fwd Packets/s,False,Wasserstein distance (normed),0.1,0.020606131540169603
S1_a50_n500_s1024,Idle Max,True,Wasserstein distance (normed),0.1,0.1483649659645676
S1_a50_n500_s1024,Idle Mean,True,Wasserstein distance (normed),0.1,0.11222037509591166
S1_a50_n500_s1024,Idle Min,False,Wasserstein distance (normed),0.1,0.055937659520407745
S1_a50_n500_s1024,Init_Win_bytes_backward,False,Wasserstein distance (normed),0.1,0.03385742777621971
S1_a50_n500_s1024,Init_Win_bytes_forward,True,Wasserstein distance (normed),0.1,0.10372056093252462
S1_a50_n500_s1024,Max Packet Length,True,Wasserstein distance (normed),0.1,0.3381356585428206
S1_a50_n500_s1024,Min Packet Length,True,Wasserstein distance (normed),0.1,0.14997586597159857
S1_a50_n500_s1024,PSH Flag Count,False,Jensen-Shannon distance,0.1,0.01887261908034844
S1_a50_n500_s1024,Packet Length Mean,True,Wasserstein distance (normed),0.1,0.30484647925075387
S1_a50_n500_s1024,Packet Length Std,True,Wasserstein distance (normed),0.1,0.3380796544300597
S1_a50_n500_s1024,Packet Length Variance,True,Wasserstein distance (normed),0.1,0.32819411172358737
S1_a50_n500_s1024,Subflow Fwd Bytes,True,Wasserstein distance (normed),0.1,0.14315536169103515
S1_a50_n500_s1024,Total Fwd Packets,True,Wasserstein distance (normed),0.1,0.11015631545447288
S1_a50_n500_s1024,Total Length of Fwd Packets,True,Wasserstein distance (normed),0.1,0.14315536169103515
S1_a50_n500_s1024,act_data_pkt_fwd,True,Wasserstein distance (normed),0.1,0.11657658152168303
S1_a50_n500_s1024,min_seg_size_forward,True,Wasserstein distance (normed),0.1,0.22251803729197553
S1_a50_n1000_s42,ACK Flag Count,False,Jensen-Shannon distance,0.1,0.02416852612560615
S1_a50_n1000_s42,Active Max,False,Wasserstein distance (normed),0.1,0.03814832737099482
S1_a50_n1000_s42,Active Mean,False,Wasserstein distance (normed),0.1,0.04605936848269135
S1_a50_n1000_s42,Active Min,False,Wasserstein distance (normed),0.1,0.05859212739584211
S1_a50_n1000_s42,Average Packet Size,True,Wasserstein distance (normed),0.1,0.3238328077583702
S1_a50_n1000_s42,Bwd Header Length,False,Wasserstein distance (normed),0.1,0.07371693110492099
S1_a50_n1000_s42,Bwd IAT Max,True,Wasserstein distance (normed),0.1,0.11808916363894977
S1_a50_n1000_s42,Bwd IAT Mean,True,Wasserstein distance (normed),0.1,0.10787416065687407
S1_a50_n1000_s42,Bwd IAT Min,False,Wasserstein distance (normed),0.1,0.08659238531463537
S1_a50_n1000_s42,Bwd IAT Std,False,Wasserstein distance (normed),0.1,0.09089972183313244
S1_a50_n1000_s42,Bwd IAT Total,True,Wasserstein distance (normed),0.1,0.11129535083919381
S1_a50_n1000_s42,Bwd Packet Length Max,True,Wasserstein distance (normed),0.1,0.35780764422350797
S1_a50_n1000_s42,Bwd Packet Length Mean,True,Wasserstein distance (normed),0.1,0.3472359899673245
S1_a50_n1000_s42,Bwd Packet Length Min,True,Wasserstein distance (normed),0.1,0.1775543483303372
S1_a50_n1000_s42,Bwd Packet Length Std,True,Wasserstein distance (normed),0.1,0.357975379398644
S1_a50_n1000_s42,Bwd Packets/s,False,Wasserstein distance (normed),0.1,0.058129599528848885
S1_a50_n1000_s42,Destination Port,True,Wasserstein distance (normed),0.1,0.13276699460595662
S1_a50_n1000_s42,FIN Flag Count,False,Jensen-Shannon distance,0.1,0.020034754195753835
S1_a50_n1000_s42,Flow Bytes/s,False,Wasserstein distance (normed),0.1,0.03759536975478388
S1_a50_n1000_s42,Flow Duration,False,Wasserstein distance (normed),0.1,0.03461618174709729
S1_a50_n1000_s42,Flow IAT Max,False,Wasserstein distance (normed),0.1,0.088981313835647
S1_a50_n1000_s42,Flow IAT Mean,False,Wasserstein distance (normed),0.1,0.0920412994193644
S1_a50_n1000_s42,Flow IAT Min,False,Wasserstein distance (normed),0.1,0.08399734761944211
S1_a50_n1000_s42,Flow IAT Std,False,Wasserstein distance (normed),0.1,0.09262387534600769
S1_a50_n1000_s42,Flow Packets/s,False,Wasserstein distance (normed),0.1,0.06125545534501203
S1_a50_n1000_s42,Fwd Header Length,False,Wasserstein distance (normed),0.1,0.07396012687173999
S1_a50_n1000_s42,Fwd IAT Max,False,Wasserstein distance (normed),0.1,0.08774397645111927
S1_a50_n1000_s42,Fwd IAT Mean,False,Wasserstein distance (normed),0.1,0.0797144260166983
S1_a50_n1000_s42,Fwd IAT Min,False,Wasserstein distance (normed),0.1,0.06946369751533725
S1_a50_n1000_s42,Fwd IAT Std,True,Wasserstein distance (normed),0.1,0.13411659619673003
S1_a50_n1000_s42,Fwd IAT Total,False,Wasserstein distance (normed),0.1,0.034790965928243836
S1_a50_n1000_s42,Fwd Packet Length Max,False,Wasserstein distance (normed),0.1,0.0924257757961544
S1_a50_n1000_s42,Fwd Packet Length Mean,True,Wasserstein distance (normed),0.1,0.10533010742007119
S1_a50_n1000_s42,Fwd Packet Length Min,False,Wasserstein distance (normed),0.1,0.09271547681690294
S1_a50_n1000_s42,Fwd Packet Length Std,False,Wasserstein distance (normed),0.1,0.0817842179804485
S1_a50_n1000_s42,Fwd Packets/s,False,Wasserstein distance (normed),0.1,0.060813406579920286
S1_a50_n1000_s42,Idle Max,False,Wasserstein distance (normed),0.1,0.0770128924983245
S1_a50_n1000_s42,Idle Mean,False,Wasserstein distance (normed),0.1,0.06323128936482061
S1_a50_n1000_s42,Idle Min,False,Wasserstein distance (normed),0.1,0.041934801683464716
S1_a50_n1000_s42,Init_Win_bytes_backward,False,Wasserstein distance (normed),0.1,0.06672579402191489
S1_a50_n1000_s42,Init_Win_bytes_forward,True,Wasserstein distance (normed),0.1,0.11975088525387775
S1_a50_n1000_s42,Max Packet Length,True,Wasserstein distance (normed),0.1,0.33825318777586894
S1_a50_n1000_s42,Min Packet Length,True,Wasserstein distance (normed),0.1,0.18294018054330605
S1_a50_n1000_s42,PSH Flag Count,False,Jensen-Shannon distance,0.1,0.05397185563917163
S1_a50_n1000_s42,Packet Length Mean,True,Wasserstein distance (normed),0.1,0.3238190845570353
S1_a50_n1000_s42,Packet Length Std,True,Wasserstein distance (normed),0.1,0.3451448081877651
S1_a50_n1000_s42,Packet Length Variance,True,Wasserstein distance (normed),0.1,0.33206257078626084
S1_a50_n1000_s42,Subflow Fwd Bytes,False,Wasserstein distance (normed),0.1,0.05774214620621794
S1_a50_n1000_s42,Total Fwd Packets,False,Wasserstein distance (normed),0.1,0.0786830824674803
S1_a50_n1000_s42,Total Length of Fwd Packets,False,Wasserstein distance (normed),0.1,0.05774214620621794
S1_a50_n1000_s42,act_data_pkt_fwd,True,Wasserstein distance (normed),0.1,0.11602939595799161
S1_a50_n1000_s42,min_seg_size_forward,True,Wasserstein distance (normed),0.1,0.23388464376422188
S1_a50_n1000_s123,ACK Flag Count,False,Jensen-Shannon distance,0.1,0.03926564608724616
S1_a50_n1000_s123,Active Max,False,Wasserstein distance (normed),0.1,0.046931906630925065
S1_a50_n1000_s123,Active Mean,False,Wasserstein distance (normed),0.1,0.09080680229400945
S1_a50_n1000_s123,Active Min,True,Wasserstein distance (normed),0.1,0.11647752282697366
S1_a50_n1000_s123,Average Packet Size,True,Wasserstein distance (normed),0.1,0.2703641021283472
S1_a50_n1000_s123,Bwd Header Length,False,Wasserstein distance (normed),0.1,0.07633659527594858
S1_a50_n1000_s123,Bwd IAT Max,True,Wasserstein distance (normed),0.1,0.11956466382707712
S1_a50_n1000_s123,Bwd IAT Mean,False,Wasserstein distance (normed),0.1,0.08708759955720272
S1_a50_n1000_s123,Bwd IAT Min,False,Wasserstein distance (normed),0.1,0.06216166465379995
S1_a50_n1000_s123,Bwd IAT Std,False,Wasserstein distance (normed),0.1,0.09777416465924003
S1_a50_n1000_s123,Bwd IAT Total,True,Wasserstein distance (normed),0.1,0.13633768554216322
S1_a50_n1000_s123,Bwd Packet Length Max,True,Wasserstein distance (normed),0.1,0.2899442390395317
S1_a50_n1000_s123,Bwd Packet Length Mean,True,Wasserstein distance (normed),0.1,0.2838121723604187
S1_a50_n1000_s123,Bwd Packet Length Min,True,Wasserstein distance (normed),0.1,0.13905435240664912
S1_a50_n1000_s123,Bwd Packet Length Std,True,Wasserstein distance (normed),0.1,0.28876570953250125
S1_a50_n1000_s123,Bwd Packets/s,False,Wasserstein distance (normed),0.1,0.07147055552637184
S1_a50_n1000_s123,Destination Port,True,Wasserstein distance (normed),0.1,0.13234673786649143
S1_a50_n1000_s123,FIN Flag Count,False,Jensen-Shannon distance,0.1,0.002284476804393462
S1_a50_n1000_s123,Flow Bytes/s,False,Wasserstein distance (normed),0.1,0.0382867905601318
S1_a50_n1000_s123,Flow Duration,False,Wasserstein distance (normed),0.1,0.04269196315512392
S1_a50_n1000_s123,Flow IAT Max,True,Wasserstein distance (normed),0.1,0.11207783283724897
S1_a50_n1000_s123,Flow IAT Mean,False,Wasserstein distance (normed),0.1,0.09887785031930083
S1_a50_n1000_s123,Flow IAT Min,False,Wasserstein distance (normed),0.1,0.02247227448448531
S1_a50_n1000_s123,Flow IAT Std,True,Wasserstein distance (normed),0.1,0.12760335005200582
S1_a50_n1000_s123,Flow Packets/s,False,Wasserstein distance (normed),0.1,0.08150051880927597
S1_a50_n1000_s123,Fwd Header Length,False,Wasserstein distance (normed),0.1,0.08682402899088112
S1_a50_n1000_s123,Fwd IAT Max,True,Wasserstein distance (normed),0.1,0.10913402309946055
S1_a50_n1000_s123,Fwd IAT Mean,False,Wasserstein distance (normed),0.1,0.09461754609065878
S1_a50_n1000_s123,Fwd IAT Min,False,Wasserstein distance (normed),0.1,0.06478816935431286
S1_a50_n1000_s123,Fwd IAT Std,True,Wasserstein distance (normed),0.1,0.15867176191314938
S1_a50_n1000_s123,Fwd IAT Total,False,Wasserstein distance (normed),0.1,0.04325789603359316
S1_a50_n1000_s123,Fwd Packet Length Max,False,Wasserstein distance (normed),0.1,0.07010277375743132
S1_a50_n1000_s123,Fwd Packet Length Mean,False,Wasserstein distance (normed),0.1,0.06484038188771035
S1_a50_n1000_s123,Fwd Packet Length Min,False,Wasserstein distance (normed),0.1,0.0643092067807924
S1_a50_n1000_s123,Fwd Packet Length Std,False,Wasserstein distance (normed),0.1,0.06705428031996362
S1_a50_n1000_s123,Fwd Packets/s,False,Wasserstein distance (normed),0.1,0.07819094370575701
S1_a50_n1000_s123,Idle Max,True,Wasserstein distance (normed),0.1,0.10938562337613512
S1_a50_n1000_s123,Idle Mean,True,Wasserstein distance (normed),0.1,0.10691435255987053
S1_a50_n1000_s123,Idle Min,False,Wasserstein distance (normed),0.1,0.09355146057095133
S1_a50_n1000_s123,Init_Win_bytes_backward,True,Wasserstein distance (normed),0.1,0.11015477490091323
S1_a50_n1000_s123,Init_Win_bytes_forward,False,Wasserstein distance (normed),0.1,0.07738423713564327
S1_a50_n1000_s123,Max Packet Length,True,Wasserstein distance (normed),0.1,0.29062559812134703
S1_a50_n1000_s123,Min Packet Length,True,Wasserstein distance (normed),0.1,0.11830217241167626
S1_a50_n1000_s123,PSH Flag Count,False,Jensen-Shannon distance,0.1,0.015155804694150834
S1_a50_n1000_s123,Packet Length Mean,True,Wasserstein distance (normed),0.1,0.270433670479251
S1_a50_n1000_s123,Packet Length Std,True,Wasserstein distance (normed),0.1,0.29017348511001023
S1_a50_n1000_s123,Packet Length Variance,True,Wasserstein distance (normed),0.1,0.2620370017415296
S1_a50_n1000_s123,Subflow Fwd Bytes,False,Wasserstein distance (normed),0.1,0.0384135673131476
S1_a50_n1000_s123,Total Fwd Packets,False,Wasserstein distance (normed),0.1,0.08337857758489173
S1_a50_n1000_s123,Total Length of Fwd Packets,False,Wasserstein distance (normed),0.1,0.0384135673131476
S1_a50_n1000_s123,act_data_pkt_fwd,False,Wasserstein distance (normed),0.1,0.09719057869375866
S1_a50_n1000_s123,min_seg_size_forward,True,Wasserstein distance (normed),0.1,0.20219187042395853
S1_a50_n1000_s456,ACK Flag Count,False,Jensen-Shannon distance,0.1,0.03209245412519338
S1_a50_n1000_s456,Active Max,False,Wasserstein distance (normed),0.1,0.054443334215950184
S1_a50_n1000_s456,Active Mean,False,Wasserstein distance (normed),0.1,0.02586004366588358
S1_a50_n1000_s456,Active Min,False,Wasserstein distance (normed),0.1,0.035026535938651404
S1_a50_n1000_s456,Average Packet Size,True,Wasserstein distance (normed),0.1,0.2515031530746821
S1_a50_n1000_s456,Bwd Header Length,False,Wasserstein distance (normed),0.1,0.08309508959846224
S1_a50_n1000_s456,Bwd IAT Max,False,Wasserstein distance (normed),0.1,0.08835783711606493
S1_a50_n1000_s456,Bwd IAT Mean,False,Wasserstein distance (normed),0.1,0.07641189246043262
S1_a50_n1000_s456,Bwd IAT Min,False,Wasserstein distance (normed),0.1,0.05945815309608947
S1_a50_n1000_s456,Bwd IAT Std,False,Wasserstein distance (normed),0.1,0.05995268113623087
S1_a50_n1000_s456,Bwd IAT Total,False,Wasserstein distance (normed),0.1,0.09825639766317523
S1_a50_n1000_s456,Bwd Packet Length Max,True,Wasserstein distance (normed),0.1,0.26194578164759735
S1_a50_n1000_s456,Bwd Packet Length Mean,True,Wasserstein distance (normed),0.1,0.2690834753636934
S1_a50_n1000_s456,Bwd Packet Length Min,True,Wasserstein distance (normed),0.1,0.1450711422119664
S1_a50_n1000_s456,Bwd Packet Length Std,True,Wasserstein distance (normed),0.1,0.2600720883957725
S1_a50_n1000_s456,Bwd Packets/s,False,Wasserstein distance (normed),0.1,0.055613751866433164
S1_a50_n1000_s456,Destination Port,True,Wasserstein distance (normed),0.1,0.16100893156290136
S1_a50_n1000_s456,FIN Flag Count,False,Jensen-Shannon distance,0.1,0.014815608873972317
S1_a50_n1000_s456,Flow Bytes/s,False,Wasserstein distance (normed),0.1,0.052649455583985164
S1_a50_n1000_s456,Flow Duration,False,Wasserstein distance (normed),0.1,0.03688947482742777
S1_a50_n1000_s456,Flow IAT Max,False,Wasserstein distance (normed),0.1,0.08524705426794746
S1_a50_n1000_s456,Flow IAT Mean,False,Wasserstein distance (normed),0.1,0.08791054236212005
S1_a50_n1000_s456,Flow IAT Min,False,Wasserstein distance (normed),0.1,0.014548037179596544
S1_a50_n1000_s456,Flow IAT Std,True,Wasserstein distance (normed),0.1,0.10803264726956939
S1_a50_n1000_s456,Flow Packets/s,False,Wasserstein distance (normed),0.1,0.09156123546530491
S1_a50_n1000_s456,Fwd Header Length,False,Wasserstein distance (normed),0.1,0.09741611066233351
S1_a50_n1000_s456,Fwd IAT Max,False,Wasserstein distance (normed),0.1,0.08459056649652574
S1_a50_n1000_s456,Fwd IAT Mean,False,Wasserstein distance (normed),0.1,0.08664953376128164
S1_a50_n1000_s456,Fwd IAT Min,False,Wasserstein distance (normed),0.1,0.07003709676336299
S1_a50_n1000_s456,Fwd IAT Std,True,Wasserstein distance (normed),0.1,0.13499774638480777
S1_a50_n1000_s456,Fwd IAT Total,False,Wasserstein distance (normed),0.1,0.03780822117161661
S1_a50_n1000_s456,Fwd Packet Length Max,False,Wasserstein distance (normed),0.1,0.05538854798700523
S1_a50_n1000_s456,Fwd Packet Length Mean,False,Wasserstein distance (normed),0.1,0.04732139969971081
S1_a50_n1000_s456,Fwd Packet Length Min,False,Wasserstein distance (normed),0.1,0.06938078185078718
S1_a50_n1000_s456,Fwd Packet Length Std,False,Wasserstein distance (normed),0.1,0.04892704518843977
S1_a50_n1000_s456,Fwd Packets/s,False,Wasserstein distance (normed),0.1,0.08673928081137906
S1_a50_n1000_s456,Idle Max,False,Wasserstein distance (normed),0.1,0.08338668692385744
S1_a50_n1000_s456,Idle Mean,False,Wasserstein distance (normed),0.1,0.06914948581956216
S1_a50_n1000_s456,Idle Min,False,Wasserstein distance (normed),0.1,0.04049240342603125
S1_a50_n1000_s456,Init_Win_bytes_backward,False,Wasserstein distance (normed),0.1,0.06018363457516273
S1_a50_n1000_s456,Init_Win_bytes_forward,False,Wasserstein distance (normed),0.1,0.06745231036802712
S1_a50_n1000_s456,Max Packet Length,True,Wasserstein distance (normed),0.1,0.2515428365247729
S1_a50_n1000_s456,Min Packet Length,True,Wasserstein distance (normed),0.1,0.1360999074692102
S1_a50_n1000_s456,PSH Flag Count,False,Jensen-Shannon distance,0.1,0.03508151643185383
S1_a50_n1000_s456,Packet Length Mean,True,Wasserstein distance (normed),0.1,0.25079739835482545
S1_a50_n1000_s456,Packet Length Std,True,Wasserstein distance (normed),0.1,0.25510828538719227
S1_a50_n1000_s456,Packet Length Variance,True,Wasserstein distance (normed),0.1,0.21754738147877753
S1_a50_n1000_s456,Subflow Fwd Bytes,False,Wasserstein distance (normed),0.1,0.04592260393204707
S1_a50_n1000_s456,Total Fwd Packets,True,Wasserstein distance (normed),0.1,0.1030325785763426
S1_a50_n1000_s456,Total Length of Fwd Packets,False,Wasserstein distance (normed),0.1,0.04592260393204707
S1_a50_n1000_s456,act_data_pkt_fwd,True,Wasserstein distance (normed),0.1,0.1129026213083263
S1_a50_n1000_s456,min_seg_size_forward,True,Wasserstein distance (normed),0.1,0.22452390902237193
S1_a50_n1000_s789,ACK Flag Count,False,Jensen-Shannon distance,0.1,0.035682471839316256
S1_a50_n1000_s789,Active Max,False,Wasserstein distance (normed),0.1,0.05030692216464153
S1_a50_n1000_s789,Active Mean,False,Wasserstein distance (normed),0.1,0.07347491833192896
S1_a50_n1000_s789,Active Min,False,Wasserstein distance (normed),0.1,0.09690101211507163
S1_a50_n1000_s789,Average Packet Size,True,Wasserstein distance (normed),0.1,0.264606295881012
S1_a50_n1000_s789,Bwd Header Length,False,Wasserstein distance (normed),0.1,0.0851630094320986
S1_a50_n1000_s789,Bwd IAT Max,False,Wasserstein distance (normed),0.1,0.0356470327001031
S1_a50_n1000_s789,Bwd IAT Mean,False,Wasserstein distance (normed),0.1,0.03139695445527294
S1_a50_n1000_s789,Bwd IAT Min,False,Wasserstein distance (normed),0.1,0.01778365114173684
S1_a50_n1000_s789,Bwd IAT Std,False,Wasserstein distance (normed),0.1,0.05472318333395175
S1_a50_n1000_s789,Bwd IAT Total,False,Wasserstein distance (normed),0.1,0.0802407309382457
S1_a50_n1000_s789,Bwd Packet Length Max,True,Wasserstein distance (normed),0.1,0.26180137302370604
S1_a50_n1000_s789,Bwd Packet Length Mean,True,Wasserstein distance (normed),0.1,0.2818392176431574
S1_a50_n1000_s789,Bwd Packet Length Min,True,Wasserstein distance (normed),0.1,0.14833127263850326
S1_a50_n1000_s789,Bwd Packet Length Std,True,Wasserstein distance (normed),0.1,0.26009841619391627
S1_a50_n1000_s789,Bwd Packets/s,False,Wasserstein distance (normed),0.1,0.0693804026504095
S1_a50_n1000_s789,Destination Port,True,Wasserstein distance (normed),0.1,0.11496683086766532
S1_a50_n1000_s789,FIN Flag Count,False,Jensen-Shannon distance,0.1,0.020034754195753835
S1_a50_n1000_s789,Flow Bytes/s,False,Wasserstein distance (normed),0.1,0.03850538766810709
S1_a50_n1000_s789,Flow Duration,False,Wasserstein distance (normed),0.1,0.05682213394948617
S1_a50_n1000_s789,Flow IAT Max,True,Wasserstein distance (normed),0.1,0.12915623599982695
S1_a50_n1000_s789,Flow IAT Mean,False,Wasserstein distance (normed),0.1,0.08118244159294455
S1_a50_n1000_s789,Flow IAT Min,False,Wasserstein distance (normed),0.1,0.017458417739875852
S1_a50_n1000_s789,Flow IAT Std,True,Wasserstein distance (normed),0.1,0.12658032423737692
S1_a50_n1000_s789,Flow Packets/s,False,Wasserstein distance (normed),0.1,0.061681354557002896
S1_a50_n1000_s789,Fwd Header Length,False,Wasserstein distance (normed),0.1,0.09061414528232248
S1_a50_n1000_s789,Fwd IAT Max,True,Wasserstein distance (normed),0.1,0.12697374772109138
S1_a50_n1000_s789,Fwd IAT Mean,False,Wasserstein distance (normed),0.1,0.0578251016215981
S1_a50_n1000_s789,Fwd IAT Min,False,Wasserstein distance (normed),0.1,0.019058746488769856
S1_a50_n1000_s789,Fwd IAT Std,True,Wasserstein distance (normed),0.1,0.1522506285520385
S1_a50_n1000_s789,Fwd IAT Total,False,Wasserstein distance (normed),0.1,0.05668393431096145
S1_a50_n1000_s789,Fwd Packet Length Max,False,Wasserstein distance (normed),0.1,0.07214946071729968
S1_a50_n1000_s789,Fwd Packet Length Mean,False,Wasserstein distance (normed),0.1,0.08040939980427637
S1_a50_n1000_s789,Fwd Packet Length Min,False,Wasserstein distance (normed),0.1,0.09675161950188989
S1_a50_n1000_s789,Fwd Packet Length Std,False,Wasserstein distance (normed),0.1,0.06954892307915234
S1_a50_n1000_s789,Fwd Packets/s,False,Wasserstein distance (normed),0.1,0.053773681078726966
S1_a50_n1000_s789,Idle Max,True,Wasserstein distance (normed),0.1,0.13130733536704112
S1_a50_n1000_s789,Idle Mean,True,Wasserstein distance (normed),0.1,0.14487244338768202
S1_a50_n1000_s789,Idle Min,True,Wasserstein distance (normed),0.1,0.14677864829529685
S1_a50_n1000_s789,Init_Win_bytes_backward,False,Wasserstein distance (normed),0.1,0.0534589406366635
S1_a50_n1000_s789,Init_Win_bytes_forward,False,Wasserstein distance (normed),0.1,0.0759043195474447
S1_a50_n1000_s789,Max Packet Length,True,Wasserstein distance (normed),0.1,0.24882648521098336
S1_a50_n1000_s789,Min Packet Length,True,Wasserstein distance (normed),0.1,0.1342317157283953
S1_a50_n1000_s789,PSH Flag Count,False,Jensen-Shannon distance,0.1,0.024054859772658088
S1_a50_n1000_s789,Packet Length Mean,True,Wasserstein distance (normed),0.1,0.26325299897071336
S1_a50_n1000_s789,Packet Length Std,True,Wasserstein distance (normed),0.1,0.2576113699785021
S1_a50_n1000_s789,Packet Length Variance,True,Wasserstein distance (normed),0.1,0.22782866969297233
S1_a50_n1000_s789,Subflow Fwd Bytes,False,Wasserstein distance (normed),0.1,0.05753994502355296
S1_a50_n1000_s789,Total Fwd Packets,False,Wasserstein distance (normed),0.1,0.09212561420361257
S1_a50_n1000_s789,Total Length of Fwd Packets,False,Wasserstein distance (normed),0.1,0.05753994502355296
S1_a50_n1000_s789,act_data_pkt_fwd,False,Wasserstein distance (normed),0.1,0.09067646484028974
S1_a50_n1000_s789,min_seg_size_forward,True,Wasserstein distance (normed),0.1,0.1908252639517122
S1_a50_n1000_s1024,ACK Flag Count,False,Jensen-Shannon distance,0.1,0.02849522940417618
S1_a50_n1000_s1024,Active Max,False,Wasserstein distance (normed),0.1,0.0382150747273736
S1_a50_n1000_s1024,Active Mean,False,Wasserstein distance (normed),0.1,0.03614627968209244
S1_a50_n1000_s1024,Active Min,False,Wasserstein distance (normed),0.1,0.04411662389706007
S1_a50_n1000_s1024,Average Packet Size,True,Wasserstein distance (normed),0.1,0.2839894425761982
S1_a50_n1000_s1024,Bwd Header Length,False,Wasserstein distance (normed),0.1,0.09062064312173906
S1_a50_n1000_s1024,Bwd IAT Max,False,Wasserstein distance (normed),0.1,0.05446107074563608
S1_a50_n1000_s1024,Bwd IAT Mean,False,Wasserstein distance (normed),0.1,0.025122059308197945
S1_a50_n1000_s1024,Bwd IAT Min,False,Wasserstein distance (normed),0.1,0.011769145795730851
S1_a50_n1000_s1024,Bwd IAT Std,False,Wasserstein distance (normed),0.1,0.07018509305442376
S1_a50_n1000_s1024,Bwd IAT Total,False,Wasserstein distance (normed),0.1,0.09472282474799706
S1_a50_n1000_s1024,Bwd Packet Length Max,True,Wasserstein distance (normed),0.1,0.2992194731723415
S1_a50_n1000_s1024,Bwd Packet Length Mean,True,Wasserstein distance (normed),0.1,0.2996384181172307
S1_a50_n1000_s1024,Bwd Packet Length Min,True,Wasserstein distance (normed),0.1,0.15813652668590683
S1_a50_n1000_s1024,Bwd Packet Length Std,True,Wasserstein distance (normed),0.1,0.30776283257296616
S1_a50_n1000_s1024,Bwd Packets/s,False,Wasserstein distance (normed),0.1,0.08470019166620303
S1_a50_n1000_s1024,Destination Port,True,Wasserstein distance (normed),0.1,0.12479392292515101
S1_a50_n1000_s1024,FIN Flag Count,False,Jensen-Shannon distance,0.1,0.03261659491910333
S1_a50_n1000_s1024,Flow Bytes/s,False,Wasserstein distance (normed),0.1,0.025912903664889894
S1_a50_n1000_s1024,Flow Duration,False,Wasserstein distance (normed),0.1,0.03259407310671026
S1_a50_n1000_s1024,Flow IAT Max,False,Wasserstein distance (normed),0.1,0.07528040960207179
S1_a50_n1000_s1024,Flow IAT Mean,False,Wasserstein distance (normed),0.1,0.06381399711537708
S1_a50_n1000_s1024,Flow IAT Min,False,Wasserstein distance (normed),0.1,0.04322354797880775
S1_a50_n1000_s1024,Flow IAT Std,False,Wasserstein distance (normed),0.1,0.0853475320589717
S1_a50_n1000_s1024,Flow Packets/s,False,Wasserstein distance (normed),0.1,0.0534728269491542
S1_a50_n1000_s1024,Fwd Header Length,True,Wasserstein distance (normed),0.1,0.10246360084511948
S1_a50_n1000_s1024,Fwd IAT Max,False,Wasserstein distance (normed),0.1,0.0736173518015558
S1_a50_n1000_s1024,Fwd IAT Mean,False,Wasserstein distance (normed),0.1,0.03591391241134859
S1_a50_n1000_s1024,Fwd IAT Min,False,Wasserstein distance (normed),0.1,0.01520146512482399
S1_a50_n1000_s1024,Fwd IAT Std,False,Wasserstein distance (normed),0.1,0.09557722811242222
S1_a50_n1000_s1024,Fwd IAT Total,False,Wasserstein distance (normed),0.1,0.028709226799147617
S1_a50_n1000_s1024,Fwd Packet Length Max,True,Wasserstein distance (normed),0.1,0.10312652912826151
S1_a50_n1000_s1024,Fwd Packet Length Mean,True,Wasserstein distance (normed),0.1,0.10960131393383177
S1_a50_n1000_s1024,Fwd Packet Length Min,False,Wasserstein distance (normed),0.1,0.06114160112928367
S1_a50_n1000_s1024,Fwd Packet Length Std,False,Wasserstein distance (normed),0.1,0.0940991559684742
S1_a50_n1000_s1024,Fwd Packets/s,False,Wasserstein distance (normed),0.1,0.044070954485157576
S1_a50_n1000_s1024,Idle Max,False,Wasserstein distance (normed),0.1,0.07691906445615469
S1_a50_n1000_s1024,Idle Mean,False,Wasserstein distance (normed),0.1,0.07903206581611331
S1_a50_n1000_s1024,Idle Min,False,Wasserstein distance (normed),0.1,0.07349386411515271
S1_a50_n1000_s1024,Init_Win_bytes_backward,False,Wasserstein distance (normed),0.1,0.03373175776211805
S1_a50_n1000_s1024,Init_Win_bytes_forward,False,Wasserstein distance (normed),0.1,0.086282306155069
S1_a50_n1000_s1024,Max Packet Length,True,Wasserstein distance (normed),0.1,0.281240763831336
S1_a50_n1000_s1024,Min Packet Length,True,Wasserstein distance (normed),0.1,0.11480109552335528
S1_a50_n1000_s1024,PSH Flag Count,False,Jensen-Shannon distance,0.1,0.035813059025357266
S1_a50_n1000_s1024,Packet Length Mean,True,Wasserstein distance (normed),0.1,0.2806242850959571
S1_a50_n1000_s1024,Packet Length Std,True,Wasserstein distance (normed),0.1,0.2972626050385404
S1_a50_n1000_s1024,Packet Length Variance,True,Wasserstein distance (normed),0.1,0.2890884539633353
S1_a50_n1000_s1024,Subflow Fwd Bytes,False,Wasserstein distance (normed),0.1,0.06834979951465102
S1_a50_n1000_s1024,Total Fwd Packets,True,Wasserstein distance (normed),0.1,0.10065799961696596
S1_a50_n1000_s1024,Total Length of Fwd Packets,False,Wasserstein distance (normed),0.1,0.06834979951465102
S1_a50_n1000_s1024,act_data_pkt_fwd,False,Wasserstein distance (normed),0.1,0.09990045005680198
S1_a50_n1000_s1024,min_seg_size_forward,True,Wasserstein distance (normed),0.1,0.19711032870695427
S1_a85_n500_s42,ACK Flag Count,True,Jensen-Shannon distance,0.1,0.1121242739916437
S1_a85_n500_s42,Active Max,False,Wasserstein distance (normed),0.1,0.05372027201924405
S1_a85_n500_s42,Active Mean,False,Wasserstein distance (normed),0.1,0.08064551387987393
S1_a85_n500_s42,Active Min,True,Wasserstein distance (normed),0.1,0.1018666865903861
S1_a85_n500_s42,Average Packet Size,True,Wasserstein distance (normed),0.1,0.7291734395558799
S1_a85_n500_s42,Bwd Header Length,True,Wasserstein distance (normed),0.1,0.14485606481780444
S1_a85_n500_s42,Bwd IAT Max,True,Wasserstein distance (normed),0.1,0.18112866008375772
S1_a85_n500_s42,Bwd IAT Mean,True,Wasserstein distance (normed),0.1,0.14358406068510834
S1_a85_n500_s42,Bwd IAT Min,True,Wasserstein distance (normed),0.1,0.1048645410078052
S1_a85_n500_s42,Bwd IAT Std,True,Wasserstein distance (normed),0.1,0.1414592063889078
S1_a85_n500_s42,Bwd IAT Total,True,Wasserstein distance (normed),0.1,0.24124109631213847
S1_a85_n500_s42,Bwd Packet Length Max,True,Wasserstein distance (normed),0.1,0.7655865063120184
S1_a85_n500_s42,Bwd Packet Length Mean,True,Wasserstein distance (normed),0.1,0.7827230848337877
S1_a85_n500_s42,Bwd Packet Length Min,True,Wasserstein distance (normed),0.1,0.4751212767857262
S1_a85_n500_s42,Bwd Packet Length Std,True,Wasserstein distance (normed),0.1,0.767238036838599
S1_a85_n500_s42,Bwd Packets/s,True,Wasserstein distance (normed),0.1,0.14196102300576874
S1_a85_n500_s42,Destination Port,True,Wasserstein distance (normed),0.1,0.31328321814476723
S1_a85_n500_s42,FIN Flag Count,False,Jensen-Shannon distance,0.1,0.0015682575128543685
S1_a85_n500_s42,Flow Bytes/s,False,Wasserstein distance (normed),0.1,0.06093760131746265
S1_a85_n500_s42,Flow Duration,True,Wasserstein distance (normed),0.1,0.167084110179979
S1_a85_n500_s42,Flow IAT Max,True,Wasserstein distance (normed),0.1,0.3549068705265008
S1_a85_n500_s42,Flow IAT Mean,True,Wasserstein distance (normed),0.1,0.2439702861175606
S1_a85_n500_s42,Flow IAT Min,False,Wasserstein distance (normed),0.1,0.030966714253912248
S1_a85_n500_s42,Flow IAT Std,True,Wasserstein distance (normed),0.1,0.3529855793256142
S1_a85_n500_s42,Flow Packets/s,True,Wasserstein distance (normed),0.1,0.13958291967199532
S1_a85_n500_s42,Fwd Header Length,True,Wasserstein distance (normed),0.1,0.16974997398587685
S1_a85_n500_s42,Fwd IAT Max,True,Wasserstein distance (normed),0.1,0.3488961749985536
S1_a85_n500_s42,Fwd IAT Mean,True,Wasserstein distance (normed),0.1,0.18855406022681426
S1_a85_n500_s42,Fwd IAT Min,True,Wasserstein distance (normed),0.1,0.10562979412844567
S1_a85_n500_s42,Fwd IAT Std,True,Wasserstein distance (normed),0.1,0.4471573273013989
S1_a85_n500_s42,Fwd IAT Total,True,Wasserstein distance (normed),0.1,0.16610501313184128
S1_a85_n500_s42,Fwd Packet Length Max,True,Wasserstein distance (normed),0.1,0.1558817450681473
S1_a85_n500_s42,Fwd Packet Length Mean,True,Wasserstein distance (normed),0.1,0.16321436446144
S1_a85_n500_s42,Fwd Packet Length Min,True,Wasserstein distance (normed),0.1,0.19145281039925255
S1_a85_n500_s42,Fwd Packet Length Std,True,Wasserstein distance (normed),0.1,0.13508715953492853
S1_a85_n500_s42,Fwd Packets/s,True,Wasserstein distance (normed),0.1,0.12355388678993394
S1_a85_n500_s42,Idle Max,True,Wasserstein distance (normed),0.1,0.34401960605067844
S1_a85_n500_s42,Idle Mean,True,Wasserstein distance (normed),0.1,0.3024861365516958
S1_a85_n500_s42,Idle Min,True,Wasserstein distance (normed),0.1,0.2192584131103912
S1_a85_n500_s42,Init_Win_bytes_backward,True,Wasserstein distance (normed),0.1,0.17101830351213845
S1_a85_n500_s42,Init_Win_bytes_forward,True,Wasserstein distance (normed),0.1,0.20893321600005965
S1_a85_n500_s42,Max Packet Length,True,Wasserstein distance (normed),0.1,0.7378929280138807
S1_a85_n500_s42,Min Packet Length,True,Wasserstein distance (normed),0.1,0.395265163238893
S1_a85_n500_s42,PSH Flag Count,False,Jensen-Shannon distance,0.1,0.07975397660663
S1_a85_n500_s42,Packet Length Mean,True,Wasserstein distance (normed),0.1,0.7290569659708063
S1_a85_n500_s42,Packet Length Std,True,Wasserstein distance (normed),0.1,0.7509398115575167
S1_a85_n500_s42,Packet Length Variance,True,Wasserstein distance (normed),0.1,0.6638996991581518
S1_a85_n500_s42,Subflow Fwd Bytes,False,Wasserstein distance (normed),0.1,0.08487783490880352
S1_a85_n500_s42,Total Fwd Packets,True,Wasserstein distance (normed),0.1,0.17439068866066154
S1_a85_n500_s42,Total Length of Fwd Packets,False,Wasserstein distance (normed),0.1,0.08487783490880352
S1_a85_n500_s42,act_data_pkt_fwd,True,Wasserstein distance (normed),0.1,0.23080808205611697
S1_a85_n500_s42,min_seg_size_forward,True,Wasserstein distance (normed),0.1,0.5354340272338161
S1_a85_n500_s123,ACK Flag Count,False,Jensen-Shannon distance,0.1,0.07691623367667383
S1_a85_n500_s123,Active Max,False,Wasserstein distance (normed),0.1,0.05111936854947148
S1_a85_n500_s123,Active Mean,False,Wasserstein distance (normed),0.1,0.09344533929210769
S1_a85_n500_s123,Active Min,True,Wasserstein distance (normed),0.1,0.12038735410805279
S1_a85_n500_s123,Average Packet Size,True,Wasserstein distance (normed),0.1,0.8290770629759818
S1_a85_n500_s123,Bwd Header Length,True,Wasserstein distance (normed),0.1,0.1562109333764701
S1_a85_n500_s123,Bwd IAT Max,True,Wasserstein distance (normed),0.1,0.22074585942907998
S1_a85_n500_s123,Bwd IAT Mean,True,Wasserstein distance (normed),0.1,0.15503618825569893
S1_a85_n500_s123,Bwd IAT Min,True,Wasserstein distance (normed),0.1,0.1049165898645048
S1_a85_n500_s123,Bwd IAT Std,True,Wasserstein distance (normed),0.1,0.19031218622313947
S1_a85_n500_s123,Bwd IAT Total,True,Wasserstein distance (normed),0.1,0.2898158644695224
S1_a85_n500_s123,Bwd Packet Length Max,True,Wasserstein distance (normed),0.1,0.867754372280166
S1_a85_n500_s123,Bwd Packet Length Mean,True,Wasserstein distance (normed),0.1,0.8731843506122015
S1_a85_n500_s123,Bwd Packet Length Min,True,Wasserstein distance (normed),0.1,0.4523718442573603
S1_a85_n500_s123,Bwd Packet Length Std,True,Wasserstein distance (normed),0.1,0.8898789509492147
S1_a85_n500_s123,Bwd Packets/s,True,Wasserstein distance (normed),0.1,0.10690991535422308
S1_a85_n500_s123,Destination Port,True,Wasserstein distance (normed),0.1,0.30671483166195174
S1_a85_n500_s123,FIN Flag Count,False,Jensen-Shannon distance,0.1,0.03261659491910333
S1_a85_n500_s123,Flow Bytes/s,False,Wasserstein distance (normed),0.1,0.04707063528699086
S1_a85_n500_s123,Flow Duration,False,Wasserstein distance (normed),0.1,0.08087372488507993
S1_a85_n500_s123,Flow IAT Max,True,Wasserstein distance (normed),0.1,0.22776328168147106
S1_a85_n500_s123,Flow IAT Mean,True,Wasserstein distance (normed),0.1,0.18714258876144022
S1_a85_n500_s123,Flow IAT Min,False,Wasserstein distance (normed),0.1,0.03294978218097694
S1_a85_n500_s123,Flow IAT Std,True,Wasserstein distance (normed),0.1,0.2482303749663495
S1_a85_n500_s123,Flow Packets/s,True,Wasserstein distance (normed),0.1,0.13811723764840964
S1_a85_n500_s123,Fwd Header Length,True,Wasserstein distance (normed),0.1,0.19223874709082073
S1_a85_n500_s123,Fwd IAT Max,True,Wasserstein distance (normed),0.1,0.22411131611877425
S1_a85_n500_s123,Fwd IAT Mean,True,Wasserstein distance (normed),0.1,0.15193541796399254
S1_a85_n500_s123,Fwd IAT Min,True,Wasserstein distance (normed),0.1,0.10596085062069648
S1_a85_n500_s123,Fwd IAT Std,True,Wasserstein distance (normed),0.1,0.30752178447250234
S1_a85_n500_s123,Fwd IAT Total,False,Wasserstein distance (normed),0.1,0.07994129559842456
S1_a85_n500_s123,Fwd Packet Length Max,True,Wasserstein distance (normed),0.1,0.1742953568614508
S1_a85_n500_s123,Fwd Packet Length Mean,True,Wasserstein distance (normed),0.1,0.19351339527309103
S1_a85_n500_s123,Fwd Packet Length Min,True,Wasserstein distance (normed),0.1,0.20540389937622158
S1_a85_n500_s123,Fwd Packet Length Std,True,Wasserstein distance (normed),0.1,0.14943829809293085
S1_a85_n500_s123,Fwd Packets/s,True,Wasserstein distance (normed),0.1,0.12993913871247817
S1_a85_n500_s123,Idle Max,True,Wasserstein distance (normed),0.1,0.21811565753809267
S1_a85_n500_s123,Idle Mean,True,Wasserstein distance (normed),0.1,0.18652989532221975
S1_a85_n500_s123,Idle Min,True,Wasserstein distance (normed),0.1,0.12844090006381792
S1_a85_n500_s123,Init_Win_bytes_backward,True,Wasserstein distance (normed),0.1,0.1590522069969855
S1_a85_n500_s123,Init_Win_bytes_forward,True,Wasserstein distance (normed),0.1,0.2637537145529962
S1_a85_n500_s123,Max Packet Length,True,Wasserstein distance (normed),0.1,0.8367510305051027
S1_a85_n500_s123,Min Packet Length,True,Wasserstein distance (normed),0.1,0.36153788486464
S1_a85_n500_s123,PSH Flag Count,False,Jensen-Shannon distance,0.1,0.09534879804856942
S1_a85_n500_s123,Packet Length Mean,True,Wasserstein distance (normed),0.1,0.8244960066104081
S1_a85_n500_s123,Packet Length Std,True,Wasserstein distance (normed),0.1,0.8712209472123292
S1_a85_n500_s123,Packet Length Variance,True,Wasserstein distance (normed),0.1,0.8450876304858213
S1_a85_n500_s123,Subflow Fwd Bytes,False,Wasserstein distance (normed),0.1,0.09742335939531858
S1_a85_n500_s123,Total Fwd Packets,True,Wasserstein distance (normed),0.1,0.18214496345455825
S1_a85_n500_s123,Total Length of Fwd Packets,False,Wasserstein distance (normed),0.1,0.09742335939531858
S1_a85_n500_s123,act_data_pkt_fwd,True,Wasserstein distance (normed),0.1,0.20970235317087713
S1_a85_n500_s123,min_seg_size_forward,True,Wasserstein distance (normed),0.1,0.5300850359527589
S1_a85_n500_s456,ACK Flag Count,True,Jensen-Shannon distance,0.1,0.1121242739916437
S1_a85_n500_s456,Active Max,False,Wasserstein distance (normed),0.1,0.0798923175540311
S1_a85_n500_s456,Active Mean,True,Wasserstein distance (normed),0.1,0.13258421799312442
S1_a85_n500_s456,Active Min,True,Wasserstein distance (normed),0.1,0.16246391068220936
S1_a85_n500_s456,Average Packet Size,True,Wasserstein distance (normed),0.1,0.7366420054020582
S1_a85_n500_s456,Bwd Header Length,True,Wasserstein distance (normed),0.1,0.1321524878788494
S1_a85_n500_s456,Bwd IAT Max,True,Wasserstein distance (normed),0.1,0.1896029559600781
S1_a85_n500_s456,Bwd IAT Mean,True,Wasserstein distance (normed),0.1,0.12450064809012644
S1_a85_n500_s456,Bwd IAT Min,False,Wasserstein distance (normed),0.1,0.08104254029117328
S1_a85_n500_s456,Bwd IAT Std,True,Wasserstein distance (normed),0.1,0.17465121176891518
S1_a85_n500_s456,Bwd IAT Total,True,Wasserstein distance (normed),0.1,0.23459350939662818
S1_a85_n500_s456,Bwd Packet Length Max,True,Wasserstein distance (normed),0.1,0.7931803587430023
S1_a85_n500_s456,Bwd Packet Length Mean,True,Wasserstein distance (normed),0.1,0.8055339707596102
S1_a85_n500_s456,Bwd Packet Length Min,True,Wasserstein distance (normed),0.1,0.43851085121412103
S1_a85_n500_s456,Bwd Packet Length Std,True,Wasserstein distance (normed),0.1,0.796928318702717
S1_a85_n500_s456,Bwd Packets/s,True,Wasserstein distance (normed),0.1,0.1339787820022591
S1_a85_n500_s456,Destination Port,True,Wasserstein distance (normed),0.1,0.30185706192040507
S1_a85_n500_s456,FIN Flag Count,False,Jensen-Shannon distance,0.1,0.03261659491910333
S1_a85_n500_s456,Flow Bytes/s,False,Wasserstein distance (normed),0.1,0.041984225255992
S1_a85_n500_s456,Flow Duration,True,Wasserstein distance (normed),0.1,0.15997718793941781
S1_a85_n500_s456,Flow IAT Max,True,Wasserstein distance (normed),0.1,0.32925483362290436
S1_a85_n500_s456,Flow IAT Mean,True,Wasserstein distance (normed),0.1,0.22503822688940003
S1_a85_n500_s456,Flow IAT Min,False,Wasserstein distance (normed),0.1,0.04570547232741036
S1_a85_n500_s456,Flow IAT Std,True,Wasserstein distance (normed),0.1,0.3236546905264315
S1_a85_n500_s456,Flow Packets/s,True,Wasserstein distance (normed),0.1,0.12340688823365199
S1_a85_n500_s456,Fwd Header Length,True,Wasserstein distance (normed),0.1,0.15218272874186684
S1_a85_n500_s456,Fwd IAT Max,True,Wasserstein distance (normed),0.1,0.3250545788153654
S1_a85_n500_s456,Fwd IAT Mean,True,Wasserstein distance (normed),0.1,0.16981973369924588
S1_a85_n500_s456,Fwd IAT Min,False,Wasserstein distance (normed),0.1,0.08843007236022679
S1_a85_n500_s456,Fwd IAT Std,True,Wasserstein distance (normed),0.1,0.40191311297867366
S1_a85_n500_s456,Fwd IAT Total,True,Wasserstein distance (normed),0.1,0.16153642335002757
S1_a85_n500_s456,Fwd Packet Length Max,True,Wasserstein distance (normed),0.1,0.1933487061737373
S1_a85_n500_s456,Fwd Packet Length Mean,True,Wasserstein distance (normed),0.1,0.2127809727390581
S1_a85_n500_s456,Fwd Packet Length Min,True,Wasserstein distance (normed),0.1,0.20104418407091917
S1_a85_n500_s456,Fwd Packet Length Std,True,Wasserstein distance (normed),0.1,0.16859075570972756
S1_a85_n500_s456,Fwd Packets/s,True,Wasserstein distance (normed),0.1,0.11669910157683129
S1_a85_n500_s456,Idle Max,True,Wasserstein distance (normed),0.1,0.32898834024197726
S1_a85_n500_s456,Idle Mean,True,Wasserstein distance (normed),0.1,0.28127605772693126
S1_a85_n500_s456,Idle Min,True,Wasserstein distance (normed),0.1,0.19267596425134753
S1_a85_n500_s456,Init_Win_bytes_backward,True,Wasserstein distance (normed),0.1,0.18911526703708714
S1_a85_n500_s456,Init_Win_bytes_forward,True,Wasserstein distance (normed),0.1,0.23503259491746678
S1_a85_n500_s456,Max Packet Length,True,Wasserstein distance (normed),0.1,0.7573895341618545
S1_a85_n500_s456,Min Packet Length,True,Wasserstein distance (normed),0.1,0.35198301107573954
S1_a85_n500_s456,PSH Flag Count,False,Jensen-Shannon distance,0.1,0.0640435339180877
S1_a85_n500_s456,Packet Length Mean,True,Wasserstein distance (normed),0.1,0.7369922885777069
S1_a85_n500_s456,Packet Length Std,True,Wasserstein distance (normed),0.1,0.7697377261240941
S1_a85_n500_s456,Packet Length Variance,True,Wasserstein distance (normed),0.1,0.6960887844474835
S1_a85_n500_s456,Subflow Fwd Bytes,False,Wasserstein distance (normed),0.1,0.09489254928631687
S1_a85_n500_s456,Total Fwd Packets,True,Wasserstein distance (normed),0.1,0.15944559848695758
S1_a85_n500_s456,Total Length of Fwd Packets,False,Wasserstein distance (normed),0.1,0.09489254928631687
S1_a85_n500_s456,act_data_pkt_fwd,True,Wasserstein distance (normed),0.1,0.217727741438351
S1_a85_n500_s456,min_seg_size_forward,True,Wasserstein distance (normed),0.1,0.5434575141554017
S1_a85_n500_s789,ACK Flag Count,False,Jensen-Shannon distance,0.1,0.08115052551314424
S1_a85_n500_s789,Active Max,True,Wasserstein distance (normed),0.1,0.14061608272467596
S1_a85_n500_s789,Active Mean,True,Wasserstein distance (normed),0.1,0.1069205921480182
S1_a85_n500_s789,Active Min,False,Wasserstein distance (normed),0.1,0.09063380874891827
S1_a85_n500_s789,Average Packet Size,True,Wasserstein distance (normed),0.1,0.8200354796959884
S1_a85_n500_s789,Bwd Header Length,True,Wasserstein distance (normed),0.1,0.15706621186153233
S1_a85_n500_s789,Bwd IAT Max,True,Wasserstein distance (normed),0.1,0.1995916386850975
S1_a85_n500_s789,Bwd IAT Mean,True,Wasserstein distance (normed),0.1,0.15947355901173543
S1_a85_n500_s789,Bwd IAT Min,True,Wasserstein distance (normed),0.1,0.1205310211173073
S1_a85_n500_s789,Bwd IAT Std,True,Wasserstein distance (normed),0.1,0.15764914930295926
S1_a85_n500_s789,Bwd IAT Total,True,Wasserstein distance (normed),0.1,0.21971248593709458
S1_a85_n500_s789,Bwd Packet Length Max,True,Wasserstein distance (normed),0.1,0.8714483229160185
S1_a85_n500_s789,Bwd Packet Length Mean,True,Wasserstein distance (normed),0.1,0.867131020121361
S1_a85_n500_s789,Bwd Packet Length Min,True,Wasserstein distance (normed),0.1,0.46110489144379585
S1_a85_n500_s789,Bwd Packet Length Std,True,Wasserstein distance (normed),0.1,0.871998072657058
S1_a85_n500_s789,Bwd Packets/s,True,Wasserstein distance (normed),0.1,0.13963782877525382
S1_a85_n500_s789,Destination Port,True,Wasserstein distance (normed),0.1,0.3346874038663272
S1_a85_n500_s789,FIN Flag Count,False,Jensen-Shannon distance,0.1,0.03261659491910333
S1_a85_n500_s789,Flow Bytes/s,False,Wasserstein distance (normed),0.1,0.04794706327926292
S1_a85_n500_s789,Flow Duration,True,Wasserstein distance (normed),0.1,0.12795944558978178
S1_a85_n500_s789,Flow IAT Max,True,Wasserstein distance (normed),0.1,0.2639103135173341
S1_a85_n500_s789,Flow IAT Mean,True,Wasserstein distance (normed),0.1,0.2052234025011261
S1_a85_n500_s789,Flow IAT Min,False,Wasserstein distance (normed),0.1,0.04578773282687841
S1_a85_n500_s789,Flow IAT Std,True,Wasserstein distance (normed),0.1,0.27416429359395694
S1_a85_n500_s789,Flow Packets/s,True,Wasserstein distance (normed),0.1,0.16199411807966588
S1_a85_n500_s789,Fwd Header Length,True,Wasserstein distance (normed),0.1,0.1983074318114798
S1_a85_n500_s789,Fwd IAT Max,True,Wasserstein distance (normed),0.1,0.2610843021593759
S1_a85_n500_s789,Fwd IAT Mean,True,Wasserstein distance (normed),0.1,0.17199600564028558
S1_a85_n500_s789,Fwd IAT Min,True,Wasserstein distance (normed),0.1,0.12639400102628046
S1_a85_n500_s789,Fwd IAT Std,True,Wasserstein distance (normed),0.1,0.3525594536114179
S1_a85_n500_s789,Fwd IAT Total,True,Wasserstein distance (normed),0.1,0.12924629728939654
S1_a85_n500_s789,Fwd Packet Length Max,True,Wasserstein distance (normed),0.1,0.15982162403673933
S1_a85_n500_s789,Fwd Packet Length Mean,True,Wasserstein distance (normed),0.1,0.17041968819152534
S1_a85_n500_s789,Fwd Packet Length Min,True,Wasserstein distance (normed),0.1,0.20659600903001515
S1_a85_n500_s789,Fwd Packet Length Std,True,Wasserstein distance (normed),0.1,0.13688069723697935
S1_a85_n500_s789,Fwd Packets/s,True,Wasserstein distance (normed),0.1,0.14667528679461772
S1_a85_n500_s789,Idle Max,True,Wasserstein distance (normed),0.1,0.2614189153825754
S1_a85_n500_s789,Idle Mean,True,Wasserstein distance (normed),0.1,0.18894352888364252
S1_a85_n500_s789,Idle Min,False,Wasserstein distance (normed),0.1,0.08982674556389436
S1_a85_n500_s789,Init_Win_bytes_backward,True,Wasserstein distance (normed),0.1,0.178420315492158
S1_a85_n500_s789,Init_Win_bytes_forward,True,Wasserstein distance (normed),0.1,0.2886843900390267
S1_a85_n500_s789,Max Packet Length,True,Wasserstein distance (normed),0.1,0.8407078254896052
S1_a85_n500_s789,Min Packet Length,True,Wasserstein distance (normed),0.1,0.36360573068462587
S1_a85_n500_s789,PSH Flag Count,False,Jensen-Shannon distance,0.1,0.09817407899657557
S1_a85_n500_s789,Packet Length Mean,True,Wasserstein distance (normed),0.1,0.8184093743965708
S1_a85_n500_s789,Packet Length Std,True,Wasserstein distance (normed),0.1,0.8596682519755166
S1_a85_n500_s789,Packet Length Variance,True,Wasserstein distance (normed),0.1,0.7931547356980264
S1_a85_n500_s789,Subflow Fwd Bytes,False,Wasserstein distance (normed),0.1,0.0685420707826545
S1_a85_n500_s789,Total Fwd Packets,True,Wasserstein distance (normed),0.1,0.1686219375164143
S1_a85_n500_s789,Total Length of Fwd Packets,False,Wasserstein distance (normed),0.1,0.0685420707826545
S1_a85_n500_s789,act_data_pkt_fwd,True,Wasserstein distance (normed),0.1,0.24920393957831388
S1_a85_n500_s789,min_seg_size_forward,True,Wasserstein distance (normed),0.1,0.5461320097959302
S1_a85_n500_s1024,ACK Flag Count,True,Jensen-Shannon distance,0.1,0.100870585138649
S1_a85_n500_s1024,Active Max,True,Wasserstein distance (normed),0.1,0.10770312802978238
S1_a85_n500_s1024,Active Mean,True,Wasserstein distance (normed),0.1,0.16300203886233677
S1_a85_n500_s1024,Active Min,True,Wasserstein distance (normed),0.1,0.19096638288778375
S1_a85_n500_s1024,Average Packet Size,True,Wasserstein distance (normed),0.1,0.7065606051245195
S1_a85_n500_s1024,Bwd Header Length,True,Wasserstein distance (normed),0.1,0.14336680367948063
S1_a85_n500_s1024,Bwd IAT Max,True,Wasserstein distance (normed),0.1,0.17289892023028489
S1_a85_n500_s1024,Bwd IAT Mean,True,Wasserstein distance (normed),0.1,0.12584445363836658
S1_a85_n500_s1024,Bwd IAT Min,False,Wasserstein distance (normed),0.1,0.08792658075058181
S1_a85_n500_s1024,Bwd IAT Std,True,Wasserstein distance (normed),0.1,0.1559940938787513
S1_a85_n500_s1024,Bwd IAT Total,True,Wasserstein distance (normed),0.1,0.21226654547714968
S1_a85_n500_s1024,Bwd Packet Length Max,True,Wasserstein distance (normed),0.1,0.7222902750911736
S1_a85_n500_s1024,Bwd Packet Length Mean,True,Wasserstein distance (normed),0.1,0.728386005257092
S1_a85_n500_s1024,Bwd Packet Length Min,True,Wasserstein distance (normed),0.1,0.47458672727822976
S1_a85_n500_s1024,Bwd Packet Length Std,True,Wasserstein distance (normed),0.1,0.7265744087609579
S1_a85_n500_s1024,Bwd Packets/s,True,Wasserstein distance (normed),0.1,0.1280304789311542
S1_a85_n500_s1024,Destination Port,True,Wasserstein distance (normed),0.1,0.33757513491760033
S1_a85_n500_s1024,FIN Flag Count,False,Jensen-Shannon distance,0.1,0.05403772186957238
S1_a85_n500_s1024,Flow Bytes/s,False,Wasserstein distance (normed),0.1,0.057005049441581704
S1_a85_n500_s1024,Flow Duration,False,Wasserstein distance (normed),0.1,0.09109381701416301
S1_a85_n500_s1024,Flow IAT Max,True,Wasserstein distance (normed),0.1,0.20648107766537677
S1_a85_n500_s1024,Flow IAT Mean,True,Wasserstein distance (normed),0.1,0.2023240069124695
S1_a85_n500_s1024,Flow IAT Min,False,Wasserstein distance (normed),0.1,0.04581935895070352
S1_a85_n500_s1024,Flow IAT Std,True,Wasserstein distance (normed),0.1,0.24441855117550418
S1_a85_n500_s1024,Flow Packets/s,True,Wasserstein distance (normed),0.1,0.1610893965428268
S1_a85_n500_s1024,Fwd Header Length,True,Wasserstein distance (normed),0.1,0.16873327810235667
S1_a85_n500_s1024,Fwd IAT Max,True,Wasserstein distance (normed),0.1,0.2027782010038838
S1_a85_n500_s1024,Fwd IAT Mean,True,Wasserstein distance (normed),0.1,0.1630333870806839
S1_a85_n500_s1024,Fwd IAT Min,True,Wasserstein distance (normed),0.1,0.12074231231175242
S1_a85_n500_s1024,Fwd IAT Std,True,Wasserstein distance (normed),0.1,0.3049251884734754
S1_a85_n500_s1024,Fwd IAT Total,False,Wasserstein distance (normed),0.1,0.0926388976553382
S1_a85_n500_s1024,Fwd Packet Length Max,True,Wasserstein distance (normed),0.1,0.17899272290058876
S1_a85_n500_s1024,Fwd Packet Length Mean,True,Wasserstein distance (normed),0.1,0.19355848335270892
S1_a85_n500_s1024,Fwd Packet Length Min,True,Wasserstein distance (normed),0.1,0.21136444764518955
S1_a85_n500_s1024,Fwd Packet Length Std,True,Wasserstein distance (normed),0.1,0.15887548131712895
S1_a85_n500_s1024,Fwd Packets/s,True,Wasserstein distance (normed),0.1,0.1505665402808048
S1_a85_n500_s1024,Idle Max,True,Wasserstein distance (normed),0.1,0.2046271424184243
S1_a85_n500_s1024,Idle Mean,True,Wasserstein distance (normed),0.1,0.22021436035200412
S1_a85_n500_s1024,Idle Min,True,Wasserstein distance (normed),0.1,0.21829076032203307
S1_a85_n500_s1024,Init_Win_bytes_backward,True,Wasserstein distance (normed),0.1,0.16693234282375974
S1_a85_n500_s1024,Init_Win_bytes_forward,True,Wasserstein distance (normed),0.1,0.268195473767444
S1_a85_n500_s1024,Max Packet Length,True,Wasserstein distance (normed),0.1,0.6891316104212413
S1_a85_n500_s1024,Min Packet Length,True,Wasserstein distance (normed),0.1,0.3735884346431785
S1_a85_n500_s1024,PSH Flag Count,False,Jensen-Shannon distance,0.1,0.08827269617150939
S1_a85_n500_s1024,Packet Length Mean,True,Wasserstein distance (normed),0.1,0.7039223268501414
S1_a85_n500_s1024,Packet Length Std,True,Wasserstein distance (normed),0.1,0.7153704299819134
S1_a85_n500_s1024,Packet Length Variance,True,Wasserstein distance (normed),0.1,0.6625450559970343
S1_a85_n500_s1024,Subflow Fwd Bytes,False,Wasserstein distance (normed),0.1,0.08621916426657443
S1_a85_n500_s1024,Total Fwd Packets,True,Wasserstein distance (normed),0.1,0.1671193790788415
S1_a85_n500_s1024,Total Length of Fwd Packets,False,Wasserstein distance (normed),0.1,0.08621916426657443
S1_a85_n500_s1024,act_data_pkt_fwd,True,Wasserstein distance (normed),0.1,0.2039699329798243
S1_a85_n500_s1024,min_seg_size_forward,True,Wasserstein distance (normed),0.1,0.5501437532567229
S1_a85_n1000_s42,ACK Flag Count,False,Jensen-Shannon distance,0.1,0.09594508526645341
S1_a85_n1000_s42,Active Max,False,Wasserstein distance (normed),0.1,0.06266018170128758
S1_a85_n1000_s42,Active Mean,True,Wasserstein distance (normed),0.1,0.1071997443979338
S1_a85_n1000_s42,Active Min,True,Wasserstein distance (normed),0.1,0.13335664069140865
S1_a85_n1000_s42,Average Packet Size,True,Wasserstein distance (normed),0.1,0.7473239201763774
S1_a85_n1000_s42,Bwd Header Length,True,Wasserstein distance (normed),0.1,0.15204070314074208
S1_a85_n1000_s42,Bwd IAT Max,True,Wasserstein distance (normed),0.1,0.19811346611032707
S1_a85_n1000_s42,Bwd IAT Mean,True,Wasserstein distance (normed),0.1,0.14094810592905138
S1_a85_n1000_s42,Bwd IAT Min,False,Wasserstein distance (normed),0.1,0.09939809210995582
S1_a85_n1000_s42,Bwd IAT Std,True,Wasserstein distance (normed),0.1,0.1664369986706635
S1_a85_n1000_s42,Bwd IAT Total,True,Wasserstein distance (normed),0.1,0.2503162607164193
S1_a85_n1000_s42,Bwd Packet Length Max,True,Wasserstein distance (normed),0.1,0.7820329601454185
S1_a85_n1000_s42,Bwd Packet Length Mean,True,Wasserstein distance (normed),0.1,0.7863006713603609
S1_a85_n1000_s42,Bwd Packet Length Min,True,Wasserstein distance (normed),0.1,0.44335909093328096
S1_a85_n1000_s42,Bwd Packet Length Std,True,Wasserstein distance (normed),0.1,0.7841245077754836
S1_a85_n1000_s42,Bwd Packets/s,True,Wasserstein distance (normed),0.1,0.12626588995809152
S1_a85_n1000_s42,Destination Port,True,Wasserstein distance (normed),0.1,0.30490643454962785
S1_a85_n1000_s42,FIN Flag Count,False,Jensen-Shannon distance,0.1,0.014815608873972317
S1_a85_n1000_s42,Flow Bytes/s,False,Wasserstein distance (normed),0.1,0.05470602085911071
S1_a85_n1000_s42,Flow Duration,True,Wasserstein distance (normed),0.1,0.11111312436320872
S1_a85_n1000_s42,Flow IAT Max,True,Wasserstein distance (normed),0.1,0.2606325509253269
S1_a85_n1000_s42,Flow IAT Mean,True,Wasserstein distance (normed),0.1,0.21329812220242078
S1_a85_n1000_s42,Flow IAT Min,False,Wasserstein distance (normed),0.1,0.038091809918991804
S1_a85_n1000_s42,Flow IAT Std,True,Wasserstein distance (normed),0.1,0.2769046248490128
S1_a85_n1000_s42,Flow Packets/s,True,Wasserstein distance (normed),0.1,0.1697068963226596
S1_a85_n1000_s42,Fwd Header Length,True,Wasserstein distance (normed),0.1,0.17854034458940962
S1_a85_n1000_s42,Fwd IAT Max,True,Wasserstein distance (normed),0.1,0.25530436820620867
S1_a85_n1000_s42,Fwd IAT Mean,True,Wasserstein distance (normed),0.1,0.1688478567022542
S1_a85_n1000_s42,Fwd IAT Min,True,Wasserstein distance (normed),0.1,0.11010350841879493
S1_a85_n1000_s42,Fwd IAT Std,True,Wasserstein distance (normed),0.1,0.3519300818277553
S1_a85_n1000_s42,Fwd IAT Total,True,Wasserstein distance (normed),0.1,0.11189013774432507
S1_a85_n1000_s42,Fwd Packet Length Max,True,Wasserstein distance (normed),0.1,0.1765943642889542
S1_a85_n1000_s42,Fwd Packet Length Mean,True,Wasserstein distance (normed),0.1,0.19548165019776031
S1_a85_n1000_s42,Fwd Packet Length Min,True,Wasserstein distance (normed),0.1,0.20691958165033056
S1_a85_n1000_s42,Fwd Packet Length Std,True,Wasserstein distance (normed),0.1,0.15134508713407369
S1_a85_n1000_s42,Fwd Packets/s,True,Wasserstein distance (normed),0.1,0.15627625024831052
S1_a85_n1000_s42,Idle Max,True,Wasserstein distance (normed),0.1,0.26202562982818056
S1_a85_n1000_s42,Idle Mean,True,Wasserstein distance (normed),0.1,0.24215571838784555
S1_a85_n1000_s42,Idle Min,True,Wasserstein distance (normed),0.1,0.1937272448208378
S1_a85_n1000_s42,Init_Win_bytes_backward,True,Wasserstein distance (normed),0.1,0.18506770551968393
S1_a85_n1000_s42,Init_Win_bytes_forward,True,Wasserstein distance (normed),0.1,0.24742649691918486
S1_a85_n1000_s42,Max Packet Length,True,Wasserstein distance (normed),0.1,0.7497315483098073
S1_a85_n1000_s42,Min Packet Length,True,Wasserstein distance (normed),0.1,0.36542400890564797
S1_a85_n1000_s42,PSH Flag Count,False,Jensen-Shannon distance,0.1,0.08188669112343544
S1_a85_n1000_s42,Packet Length Mean,True,Wasserstein distance (normed),0.1,0.7456540626866179
S1_a85_n1000_s42,Packet Length Std,True,Wasserstein distance (normed),0.1,0.7739843762012771
S1_a85_n1000_s42,Packet Length Variance,True,Wasserstein distance (normed),0.1,0.71659954985123
S1_a85_n1000_s42,Subflow Fwd Bytes,False,Wasserstein distance (normed),0.1,0.0921761024983128
S1_a85_n1000_s42,Total Fwd Packets,True,Wasserstein distance (normed),0.1,0.17798609635056523
S1_a85_n1000_s42,Total Length of Fwd Packets,False,Wasserstein distance (normed),0.1,0.0921761024983128
S1_a85_n1000_s42,act_data_pkt_fwd,True,Wasserstein distance (normed),0.1,0.22611792008161924
S1_a85_n1000_s42,min_seg_size_forward,True,Wasserstein distance (normed),0.1,0.5414516424250053
S1_a85_n1000_s123,ACK Flag Count,True,Jensen-Shannon distance,0.1,0.10509114588772725
S1_a85_n1000_s123,Active Max,False,Wasserstein distance (normed),0.1,0.054734089821195195
S1_a85_n1000_s123,Active Mean,True,Wasserstein distance (normed),0.1,0.10340579468776386
S1_a85_n1000_s123,Active Min,True,Wasserstein distance (normed),0.1,0.12021931890200317
S1_a85_n1000_s123,Average Packet Size,True,Wasserstein distance (normed),0.1,0.7288645871540023
S1_a85_n1000_s123,Bwd Header Length,True,Wasserstein distance (normed),0.1,0.1493851531591526
S1_a85_n1000_s123,Bwd IAT Max,True,Wasserstein distance (normed),0.1,0.2005669892704397
S1_a85_n1000_s123,Bwd IAT Mean,True,Wasserstein distance (normed),0.1,0.1400855709483015
S1_a85_n1000_s123,Bwd IAT Min,False,Wasserstein distance (normed),0.1,0.09404633300521889
S1_a85_n1000_s123,Bwd IAT Std,True,Wasserstein distance (normed),0.1,0.1753378298338255
S1_a85_n1000_s123,Bwd IAT Total,True,Wasserstein distance (normed),0.1,0.26109191268464077
S1_a85_n1000_s123,Bwd Packet Length Max,True,Wasserstein distance (normed),0.1,0.7681060387143132
S1_a85_n1000_s123,Bwd Packet Length Mean,True,Wasserstein distance (normed),0.1,0.7685623296414799
S1_a85_n1000_s123,Bwd Packet Length Min,True,Wasserstein distance (normed),0.1,0.449568567188975
S1_a85_n1000_s123,Bwd Packet Length Std,True,Wasserstein distance (normed),0.1,0.7678897592345891
S1_a85_n1000_s123,Bwd Packets/s,True,Wasserstein distance (normed),0.1,0.13595775297710144
S1_a85_n1000_s123,Destination Port,True,Wasserstein distance (normed),0.1,0.30233215748273035
S1_a85_n1000_s123,FIN Flag Count,False,Jensen-Shannon distance,0.1,0.020034754195753835
S1_a85_n1000_s123,Flow Bytes/s,False,Wasserstein distance (normed),0.1,0.07328334134616099
S1_a85_n1000_s123,Flow Duration,True,Wasserstein distance (normed),0.1,0.12592046990853845
S1_a85_n1000_s123,Flow IAT Max,True,Wasserstein distance (normed),0.1,0.2881798419993117
S1_a85_n1000_s123,Flow IAT Mean,True,Wasserstein distance (normed),0.1,0.21798510395547882
S1_a85_n1000_s123,Flow IAT Min,False,Wasserstein distance (normed),0.1,0.044320568158304624
S1_a85_n1000_s123,Flow IAT Std,True,Wasserstein distance (normed),0.1,0.29394048013497015
S1_a85_n1000_s123,Flow Packets/s,True,Wasserstein distance (normed),0.1,0.1484742556613775
S1_a85_n1000_s123,Fwd Header Length,True,Wasserstein distance (normed),0.1,0.1809808645752932
S1_a85_n1000_s123,Fwd IAT Max,True,Wasserstein distance (normed),0.1,0.28426567844795664
S1_a85_n1000_s123,Fwd IAT Mean,True,Wasserstein distance (normed),0.1,0.16846601746013645
S1_a85_n1000_s123,Fwd IAT Min,True,Wasserstein distance (normed),0.1,0.10724713806372718
S1_a85_n1000_s123,Fwd IAT Std,True,Wasserstein distance (normed),0.1,0.37648332944313445
S1_a85_n1000_s123,Fwd IAT Total,True,Wasserstein distance (normed),0.1,0.1270240588646554
S1_a85_n1000_s123,Fwd Packet Length Max,True,Wasserstein distance (normed),0.1,0.17071082921811143
S1_a85_n1000_s123,Fwd Packet Length Mean,True,Wasserstein distance (normed),0.1,0.16842040034100345
S1_a85_n1000_s123,Fwd Packet Length Min,True,Wasserstein distance (normed),0.1,0.18268910143007858
S1_a85_n1000_s123,Fwd Packet Length Std,True,Wasserstein distance (normed),0.1,0.1460056077865426
S1_a85_n1000_s123,Fwd Packets/s,True,Wasserstein distance (normed),0.1,0.13339137147124688
S1_a85_n1000_s123,Idle Max,True,Wasserstein distance (normed),0.1,0.2859454992292434
S1_a85_n1000_s123,Idle Mean,True,Wasserstein distance (normed),0.1,0.23168742697191214
S1_a85_n1000_s123,Idle Min,True,Wasserstein distance (normed),0.1,0.14056494795158098
S1_a85_n1000_s123,Init_Win_bytes_backward,True,Wasserstein distance (normed),0.1,0.19163841757883557
S1_a85_n1000_s123,Init_Win_bytes_forward,True,Wasserstein distance (normed),0.1,0.2609596948429977
S1_a85_n1000_s123,Max Packet Length,True,Wasserstein distance (normed),0.1,0.7382092229021304
S1_a85_n1000_s123,Min Packet Length,True,Wasserstein distance (normed),0.1,0.35529869489054455
S1_a85_n1000_s123,PSH Flag Count,False,Jensen-Shannon distance,0.1,0.06762579880473275
S1_a85_n1000_s123,Packet Length Mean,True,Wasserstein distance (normed),0.1,0.7269325290081758
S1_a85_n1000_s123,Packet Length Std,True,Wasserstein distance (normed),0.1,0.7554676679899942
S1_a85_n1000_s123,Packet Length Variance,True,Wasserstein distance (normed),0.1,0.6971609931243772
S1_a85_n1000_s123,Subflow Fwd Bytes,False,Wasserstein distance (normed),0.1,0.09003260299887443
S1_a85_n1000_s123,Total Fwd Packets,True,Wasserstein distance (normed),0.1,0.17376015074489484
S1_a85_n1000_s123,Total Length of Fwd Packets,False,Wasserstein distance (normed),0.1,0.09003260299887443
S1_a85_n1000_s123,act_data_pkt_fwd,True,Wasserstein distance (normed),0.1,0.214783361976583
S1_a85_n1000_s123,min_seg_size_forward,True,Wasserstein distance (normed),0.1,0.5367712750540803
S1_a85_n1000_s456,ACK Flag Count,False,Jensen-Shannon distance,0.1,0.09805626281091762
S1_a85_n1000_s456,Active Max,False,Wasserstein distance (normed),0.1,0.08044707087114428
S1_a85_n1000_s456,Active Mean,True,Wasserstein distance (normed),0.1,0.13462186726176306
S1_a85_n1000_s456,Active Min,True,Wasserstein distance (normed),0.1,0.16612790516038953
S1_a85_n1000_s456,Average Packet Size,True,Wasserstein distance (normed),0.1,0.7938992014287742
S1_a85_n1000_s456,Bwd Header Length,True,Wasserstein distance (normed),0.1,0.14598048688208107
S1_a85_n1000_s456,Bwd IAT Max,True,Wasserstein distance (normed),0.1,0.19461834432070083
S1_a85_n1000_s456,Bwd IAT Mean,True,Wasserstein distance (normed),0.1,0.16002589044575471
S1_a85_n1000_s456,Bwd IAT Min,True,Wasserstein distance (normed),0.1,0.12011422025035814
S1_a85_n1000_s456,Bwd IAT Std,True,Wasserstein distance (normed),0.1,0.14934663842400156
S1_a85_n1000_s456,Bwd IAT Total,True,Wasserstein distance (normed),0.1,0.24440079880542268
S1_a85_n1000_s456,Bwd Packet Length Max,True,Wasserstein distance (normed),0.1,0.8472469063467641
S1_a85_n1000_s456,Bwd Packet Length Mean,True,Wasserstein distance (normed),0.1,0.852088901312279
S1_a85_n1000_s456,Bwd Packet Length Min,True,Wasserstein distance (normed),0.1,0.4466161135138455
S1_a85_n1000_s456,Bwd Packet Length Std,True,Wasserstein distance (normed),0.1,0.8459013117165728
S1_a85_n1000_s456,Bwd Packets/s,True,Wasserstein distance (normed),0.1,0.12420312029182556
S1_a85_n1000_s456,Destination Port,True,Wasserstein distance (normed),0.1,0.29038565741742106
S1_a85_n1000_s456,FIN Flag Count,False,Jensen-Shannon distance,0.1,0.05403772186957238
S1_a85_n1000_s456,Flow Bytes/s,False,Wasserstein distance (normed),0.1,0.056159253273986395
S1_a85_n1000_s456,Flow Duration,True,Wasserstein distance (normed),0.1,0.13998083903862965
S1_a85_n1000_s456,Flow IAT Max,True,Wasserstein distance (normed),0.1,0.3079055791801601
S1_a85_n1000_s456,Flow IAT Mean,True,Wasserstein distance (normed),0.1,0.22846029673713905
S1_a85_n1000_s456,Flow IAT Min,False,Wasserstein distance (normed),0.1,0.04454910610305712
S1_a85_n1000_s456,Flow IAT Std,True,Wasserstein distance (normed),0.1,0.3106305018263463
S1_a85_n1000_s456,Flow Packets/s,True,Wasserstein distance (normed),0.1,0.1516050711840734
S1_a85_n1000_s456,Fwd Header Length,True,Wasserstein distance (normed),0.1,0.1745612848151902
S1_a85_n1000_s456,Fwd IAT Max,True,Wasserstein distance (normed),0.1,0.30205090094663173
S1_a85_n1000_s456,Fwd IAT Mean,True,Wasserstein distance (normed),0.1,0.18605170996283177
S1_a85_n1000_s456,Fwd IAT Min,True,Wasserstein distance (normed),0.1,0.12451334737092327
S1_a85_n1000_s456,Fwd IAT Std,True,Wasserstein distance (normed),0.1,0.40050548598886543
S1_a85_n1000_s456,Fwd IAT Total,True,Wasserstein distance (normed),0.1,0.14066908096369765
S1_a85_n1000_s456,Fwd Packet Length Max,True,Wasserstein distance (normed),0.1,0.17314204205730266
S1_a85_n1000_s456,Fwd Packet Length Mean,True,Wasserstein distance (normed),0.1,0.18587590040098984
S1_a85_n1000_s456,Fwd Packet Length Min,True,Wasserstein distance (normed),0.1,0.18566596953698164
S1_a85_n1000_s456,Fwd Packet Length Std,True,Wasserstein distance (normed),0.1,0.1511150657882187
S1_a85_n1000_s456,Fwd Packets/s,True,Wasserstein distance (normed),0.1,0.1410229837200229
S1_a85_n1000_s456,Idle Max,True,Wasserstein distance (normed),0.1,0.30714356336643833
S1_a85_n1000_s456,Idle Mean,True,Wasserstein distance (normed),0.1,0.27489419977292595
S1_a85_n1000_s456,Idle Min,True,Wasserstein distance (normed),0.1,0.20725700271541334
S1_a85_n1000_s456,Init_Win_bytes_backward,True,Wasserstein distance (normed),0.1,0.18436255710722452
S1_a85_n1000_s456,Init_Win_bytes_forward,True,Wasserstein distance (normed),0.1,0.26191176295599794
S1_a85_n1000_s456,Max Packet Length,True,Wasserstein distance (normed),0.1,0.8146874345183465
S1_a85_n1000_s456,Min Packet Length,True,Wasserstein distance (normed),0.1,0.36884665026286595
S1_a85_n1000_s456,PSH Flag Count,False,Jensen-Shannon distance,0.1,0.08543664642277583
S1_a85_n1000_s456,Packet Length Mean,True,Wasserstein distance (normed),0.1,0.7932230131771539
S1_a85_n1000_s456,Packet Length Std,True,Wasserstein distance (normed),0.1,0.8291111085747538
S1_a85_n1000_s456,Packet Length Variance,True,Wasserstein distance (normed),0.1,0.7639993378460879
S1_a85_n1000_s456,Subflow Fwd Bytes,False,Wasserstein distance (normed),0.1,0.09345534792059729
S1_a85_n1000_s456,Total Fwd Packets,True,Wasserstein distance (normed),0.1,0.17096968507511895
S1_a85_n1000_s456,Total Length of Fwd Packets,False,Wasserstein distance (normed),0.1,0.09345534792059729
S1_a85_n1000_s456,act_data_pkt_fwd,True,Wasserstein distance (normed),0.1,0.22142775810712148
S1_a85_n1000_s456,min_seg_size_forward,True,Wasserstein distance (normed),0.1,0.5354340272338161
S1_a85_n1000_s789,ACK Flag Count,True,Jensen-Shannon distance,0.1,0.10720115594375794
S1_a85_n1000_s789,Active Max,False,Wasserstein distance (normed),0.1,0.08461188883336354
S1_a85_n1000_s789,Active Mean,True,Wasserstein distance (normed),0.1,0.14354199954146904
S1_a85_n1000_s789,Active Min,True,Wasserstein distance (normed),0.1,0.16897364090383912
S1_a85_n1000_s789,Average Packet Size,True,Wasserstein distance (normed),0.1,0.7848013978043621
S1_a85_n1000_s789,Bwd Header Length,True,Wasserstein distance (normed),0.1,0.1263060912414539
S1_a85_n1000_s789,Bwd IAT Max,True,Wasserstein distance (normed),0.1,0.19202059341128128
S1_a85_n1000_s789,Bwd IAT Mean,True,Wasserstein distance (normed),0.1,0.14153925700811462
S1_a85_n1000_s789,Bwd IAT Min,False,Wasserstein distance (normed),0.1,0.0982337587356156
S1_a85_n1000_s789,Bwd IAT Std,True,Wasserstein distance (normed),0.1,0.16639846014024753
S1_a85_n1000_s789,Bwd IAT Total,True,Wasserstein distance (normed),0.1,0.24543344570612066
S1_a85_n1000_s789,Bwd Packet Length Max,True,Wasserstein distance (normed),0.1,0.8333893065459489
S1_a85_n1000_s789,Bwd Packet Length Mean,True,Wasserstein distance (normed),0.1,0.8452372343185826
S1_a85_n1000_s789,Bwd Packet Length Min,True,Wasserstein distance (normed),0.1,0.4668233280356262
S1_a85_n1000_s789,Bwd Packet Length Std,True,Wasserstein distance (normed),0.1,0.8349699860853282
S1_a85_n1000_s789,Bwd Packets/s,True,Wasserstein distance (normed),0.1,0.11627866641638435
S1_a85_n1000_s789,Destination Port,True,Wasserstein distance (normed),0.1,0.3047020673243607
S1_a85_n1000_s789,FIN Flag Count,False,Jensen-Shannon distance,0.1,0.05403772186957238
S1_a85_n1000_s789,Flow Bytes/s,False,Wasserstein distance (normed),0.1,0.05436954796110291
S1_a85_n1000_s789,Flow Duration,True,Wasserstein distance (normed),0.1,0.16656023930467137
S1_a85_n1000_s789,Flow IAT Max,True,Wasserstein distance (normed),0.1,0.3387127623594616
S1_a85_n1000_s789,Flow IAT Mean,True,Wasserstein distance (normed),0.1,0.23655308291585017
S1_a85_n1000_s789,Flow IAT Min,False,Wasserstein distance (normed),0.1,0.04532646680850531
S1_a85_n1000_s789,Flow IAT Std,True,Wasserstein distance (normed),0.1,0.3327205847080462
S1_a85_n1000_s789,Flow Packets/s,True,Wasserstein distance (normed),0.1,0.15479428603500656
S1_a85_n1000_s789,Fwd Header Length,True,Wasserstein distance (normed),0.1,0.15012234504871536
S1_a85_n1000_s789,Fwd IAT Max,True,Wasserstein distance (normed),0.1,0.33355144888003063
S1_a85_n1000_s789,Fwd IAT Mean,True,Wasserstein distance (normed),0.1,0.18413256278252868
S1_a85_n1000_s789,Fwd IAT Min,True,Wasserstein distance (normed),0.1,0.10345480163672337
S1_a85_n1000_s789,Fwd IAT Std,True,Wasserstein distance (normed),0.1,0.4209336645804988
S1_a85_n1000_s789,Fwd IAT Total,True,Wasserstein distance (normed),0.1,0.1672877402587401
S1_a85_n1000_s789,Fwd Packet Length Max,True,Wasserstein distance (normed),0.1,0.18194697504248167
S1_a85_n1000_s789,Fwd Packet Length Mean,True,Wasserstein distance (normed),0.1,0.17567572145543814
S1_a85_n1000_s789,Fwd Packet Length Min,True,Wasserstein distance (normed),0.1,0.20038682074754013
S1_a85_n1000_s789,Fwd Packet Length Std,True,Wasserstein distance (normed),0.1,0.16265453114838568
S1_a85_n1000_s789,Fwd Packets/s,True,Wasserstein distance (normed),0.1,0.14275888412919685
S1_a85_n1000_s789,Idle Max,True,Wasserstein distance (normed),0.1,0.334863588369244
S1_a85_n1000_s789,Idle Mean,True,Wasserstein distance (normed),0.1,0.30064447854630905
S1_a85_n1000_s789,Idle Min,True,Wasserstein distance (normed),0.1,0.22734754536289975
S1_a85_n1000_s789,Init_Win_bytes_backward,True,Wasserstein distance (normed),0.1,0.1748047747416235
S1_a85_n1000_s789,Init_Win_bytes_forward,True,Wasserstein distance (normed),0.1,0.25478235650653214
S1_a85_n1000_s789,Max Packet Length,True,Wasserstein distance (normed),0.1,0.8002798644366801
S1_a85_n1000_s789,Min Packet Length,True,Wasserstein distance (normed),0.1,0.3865873412977809
S1_a85_n1000_s789,PSH Flag Count,False,Jensen-Shannon distance,0.1,0.07476916130071695
S1_a85_n1000_s789,Packet Length Mean,True,Wasserstein distance (normed),0.1,0.783973272486043
S1_a85_n1000_s789,Packet Length Std,True,Wasserstein distance (normed),0.1,0.8159754387281726
S1_a85_n1000_s789,Packet Length Variance,True,Wasserstein distance (normed),0.1,0.753010056605491
S1_a85_n1000_s789,Subflow Fwd Bytes,False,Wasserstein distance (normed),0.1,0.08420910348764023
S1_a85_n1000_s789,Total Fwd Packets,True,Wasserstein distance (normed),0.1,0.14924966623200694
S1_a85_n1000_s789,Total Length of Fwd Packets,False,Wasserstein distance (normed),0.1,0.08420910348764023
S1_a85_n1000_s789,act_data_pkt_fwd,True,Wasserstein distance (normed),0.1,0.19690863356266355
S1_a85_n1000_s789,min_seg_size_forward,True,Wasserstein distance (normed),0.1,0.5340967794135518
S1_a85_n1000_s1024,ACK Flag Count,True,Jensen-Shannon distance,0.1,0.10227754192860931
S1_a85_n1000_s1024,Active Max,False,Wasserstein distance (normed),0.1,0.0709415526557071
S1_a85_n1000_s1024,Active Mean,True,Wasserstein distance (normed),0.1,0.1146235145240428
S1_a85_n1000_s1024,Active Min,True,Wasserstein distance (normed),0.1,0.14123757888986355
S1_a85_n1000_s1024,Average Packet Size,True,Wasserstein distance (normed),0.1,0.7699006047014855
S1_a85_n1000_s1024,Bwd Header Length,True,Wasserstein distance (normed),0.1,0.1325307841318577
S1_a85_n1000_s1024,Bwd IAT Max,True,Wasserstein distance (normed),0.1,0.20180915143425474
S1_a85_n1000_s1024,Bwd IAT Mean,True,Wasserstein distance (normed),0.1,0.15118633511999577
S1_a85_n1000_s1024,Bwd IAT Min,True,Wasserstein distance (normed),0.1,0.11412038277841605
S1_a85_n1000_s1024,Bwd IAT Std,True,Wasserstein distance (normed),0.1,0.1563317147833214
S1_a85_n1000_s1024,Bwd IAT Total,True,Wasserstein distance (normed),0.1,0.2410175078805608
S1_a85_n1000_s1024,Bwd Packet Length Max,True,Wasserstein distance (normed),0.1,0.8197010986100406
S1_a85_n1000_s1024,Bwd Packet Length Mean,True,Wasserstein distance (normed),0.1,0.8201129923844069
S1_a85_n1000_s1024,Bwd Packet Length Min,True,Wasserstein distance (normed),0.1,0.44795248728258835
S1_a85_n1000_s1024,Bwd Packet Length Std,True,Wasserstein distance (normed),0.1,0.8242870348635055
S1_a85_n1000_s1024,Bwd Packets/s,True,Wasserstein distance (normed),0.1,0.10170741388777498
S1_a85_n1000_s1024,Destination Port,True,Wasserstein distance (normed),0.1,0.282543080772199
S1_a85_n1000_s1024,FIN Flag Count,False,Jensen-Shannon distance,0.1,0.02587470388407388
S1_a85_n1000_s1024,Flow Bytes/s,False,Wasserstein distance (normed),0.1,0.05703937757845572
S1_a85_n1000_s1024,Flow Duration,True,Wasserstein distance (normed),0.1,0.10624755961456211
S1_a85_n1000_s1024,Flow IAT Max,True,Wasserstein distance (normed),0.1,0.2466902797582625
S1_a85_n1000_s1024,Flow IAT Mean,True,Wasserstein distance (normed),0.1,0.2052637725616861
S1_a85_n1000_s1024,Flow IAT Min,False,Wasserstein distance (normed),0.1,0.04236108363822765
S1_a85_n1000_s1024,Flow IAT Std,True,Wasserstein distance (normed),0.1,0.2675387577963658
S1_a85_n1000_s1024,Flow Packets/s,True,Wasserstein distance (normed),0.1,0.1563276120269301
S1_a85_n1000_s1024,Fwd Header Length,True,Wasserstein distance (normed),0.1,0.16582264873670433
S1_a85_n1000_s1024,Fwd IAT Max,True,Wasserstein distance (normed),0.1,0.24162944809212505
S1_a85_n1000_s1024,Fwd IAT Mean,True,Wasserstein distance (normed),0.1,0.16553127157838382
S1_a85_n1000_s1024,Fwd IAT Min,True,Wasserstein distance (normed),0.1,0.11911625794717848
S1_a85_n1000_s1024,Fwd IAT Std,True,Wasserstein distance (normed),0.1,0.33757003727476387
S1_a85_n1000_s1024,Fwd IAT Total,True,Wasserstein distance (normed),0.1,0.10649765662316826
S1_a85_n1000_s1024,Fwd Packet Length Max,True,Wasserstein distance (normed),0.1,0.19219092319464137
S1_a85_n1000_s1024,Fwd Packet Length Mean,True,Wasserstein distance (normed),0.1,0.21597319990203828
S1_a85_n1000_s1024,Fwd Packet Length Min,True,Wasserstein distance (normed),0.1,0.20680037068495116
S1_a85_n1000_s1024,Fwd Packet Length Std,True,Wasserstein distance (normed),0.1,0.1700185658627153
S1_a85_n1000_s1024,Fwd Packets/s,True,Wasserstein distance (normed),0.1,0.1460589995937664
S1_a85_n1000_s1024,Idle Max,True,Wasserstein distance (normed),0.1,0.2457895584150051
S1_a85_n1000_s1024,Idle Mean,True,Wasserstein distance (normed),0.1,0.215561943813168
S1_a85_n1000_s1024,Idle Min,True,Wasserstein distance (normed),0.1,0.1554100028584611
S1_a85_n1000_s1024,Init_Win_bytes_backward,True,Wasserstein distance (normed),0.1,0.15895422290553074
S1_a85_n1000_s1024,Init_Win_bytes_forward,True,Wasserstein distance (normed),0.1,0.2730789582775632
S1_a85_n1000_s1024,Max Packet Length,True,Wasserstein distance (normed),0.1,0.7824863170256731
S1_a85_n1000_s1024,Min Packet Length,True,Wasserstein distance (normed),0.1,0.3644613910239303
S1_a85_n1000_s1024,PSH Flag Count,False,Jensen-Shannon distance,0.1,0.07833097858284546
S1_a85_n1000_s1024,Packet Length Mean,True,Wasserstein distance (normed),0.1,0.7671199567124608
S1_a85_n1000_s1024,Packet Length Std,True,Wasserstein distance (normed),0.1,0.8017049109243375
S1_a85_n1000_s1024,Packet Length Variance,True,Wasserstein distance (normed),0.1,0.7561950668786912
S1_a85_n1000_s1024,Subflow Fwd Bytes,False,Wasserstein distance (normed),0.1,0.09763931307041832
S1_a85_n1000_s1024,Total Fwd Packets,True,Wasserstein distance (normed),0.1,0.14798859040047352
S1_a85_n1000_s1024,Total Length of Fwd Packets,False,Wasserstein distance (normed),0.1,0.09763931307041832
S1_a85_n1000_s1024,act_data_pkt_fwd,True,Wasserstein distance (normed),0.1,0.21361082148295854
S1_a85_n1000_s1024,min_seg_size_forward,True,Wasserstein distance (normed),0.1,0.5300850359527589
S2_r25_n500_s42,ACK Flag Count,False,Jensen-Shannon distance,0.1,0.021344618518044825
S2_r25_n500_s42,Active Max,False,Wasserstein distance (normed),0.1,0.06702730521507153
S2_r25_n500_s42,Active Mean,False,Wasserstein distance (normed),0.1,0.049884218046450234
S2_r25_n500_s42,Active Min,False,Wasserstein distance (normed),0.1,0.06374818704354476
S2_r25_n500_s42,Average Packet Size,False,Wasserstein distance (normed),0.1,0.08434115023705778
S2_r25_n500_s42,Bwd Header Length,False,Wasserstein distance (normed),0.1,0.09556690401087073
S2_r25_n500_s42,Bwd IAT Max,False,Wasserstein distance (normed),0.1,0.06095952806668205
S2_r25_n500_s42,Bwd IAT Mean,False,Wasserstein distance (normed),0.1,0.07785928694856802
S2_r25_n500_s42,Bwd IAT Min,False,Wasserstein distance (normed),0.1,0.07858231551400506
S2_r25_n500_s42,Bwd IAT Std,False,Wasserstein distance (normed),0.1,0.02241978191084108
S2_r25_n500_s42,Bwd IAT Total,False,Wasserstein distance (normed),0.1,0.03391255879254893
S2_r25_n500_s42,Bwd Packet Length Max,True,Wasserstein distance (normed),0.1,0.1000145714066727
S2_r25_n500_s42,Bwd Packet Length Mean,False,Wasserstein distance (normed),0.1,0.09992458002480464
S2_r25_n500_s42,Bwd Packet Length Min,False,Wasserstein distance (normed),0.1,0.08987268987094088
S2_r25_n500_s42,Bwd Packet Length Std,True,Wasserstein distance (normed),0.1,0.11377606769016768
S2_r25_n500_s42,Bwd Packets/s,False,Wasserstein distance (normed),0.1,0.037807652042511075
S2_r25_n500_s42,Destination Port,False,Wasserstein distance (normed),0.1,0.062081979127252
S2_r25_n500_s42,FIN Flag Count,False,Jensen-Shannon distance,0.1,0.010059493360239136
S2_r25_n500_s42,Flow Bytes/s,True,Wasserstein distance (normed),0.1,0.13892453378663125
S2_r25_n500_s42,Flow Duration,False,Wasserstein distance (normed),0.1,0.06316597305914537
S2_r25_n500_s42,Flow IAT Max,False,Wasserstein distance (normed),0.1,0.09581825702926569
S2_r25_n500_s42,Flow IAT Mean,False,Wasserstein distance (normed),0.1,0.08625565224760574
S2_r25_n500_s42,Flow IAT Min,False,Wasserstein distance (normed),0.1,0.017554537565781892
S2_r25_n500_s42,Flow IAT Std,True,Wasserstein distance (normed),0.1,0.11026774943996659
S2_r25_n500_s42,Flow Packets/s,False,Wasserstein distance (normed),0.1,0.04684160153743821
S2_r25_n500_s42,Fwd Header Length,False,Wasserstein distance (normed),0.1,0.07081556747979038
S2_r25_n500_s42,Fwd IAT Max,False,Wasserstein distance (normed),0.1,0.09466063658413831
S2_r25_n500_s42,Fwd IAT Mean,False,Wasserstein distance (normed),0.1,0.08956175650560354
S2_r25_n500_s42,Fwd IAT Min,False,Wasserstein distance (normed),0.1,0.06862480050000822
S2_r25_n500_s42,Fwd IAT Std,False,Wasserstein distance (normed),0.1,0.0788959056377619
S2_r25_n500_s42,Fwd IAT Total,False,Wasserstein distance (normed),0.1,0.061144418387506096
S2_r25_n500_s42,Fwd Packet Length Max,False,Wasserstein distance (normed),0.1,0.052640620394168
S2_r25_n500_s42,Fwd Packet Length Mean,False,Wasserstein distance (normed),0.1,0.043791699013186275
S2_r25_n500_s42,Fwd Packet Length Min,False,Wasserstein distance (normed),0.1,0.09537558435865241
S2_r25_n500_s42,Fwd Packet Length Std,False,Wasserstein distance (normed),0.1,0.04560607627139796
S2_r25_n500_s42,Fwd Packets/s,False,Wasserstein distance (normed),0.1,0.04140013579104374
S2_r25_n500_s42,Idle Max,True,Wasserstein distance (normed),0.1,0.10836988240775049
S2_r25_n500_s42,Idle Mean,True,Wasserstein distance (normed),0.1,0.10451788251686053
S2_r25_n500_s42,Idle Min,False,Wasserstein distance (normed),0.1,0.08778976288669949
S2_r25_n500_s42,Init_Win_bytes_backward,False,Wasserstein distance (normed),0.1,0.08586921319877129
S2_r25_n500_s42,Init_Win_bytes_forward,True,Wasserstein distance (normed),0.1,0.15786511563148875
S2_r25_n500_s42,Max Packet Length,False,Wasserstein distance (normed),0.1,0.09289587626333619
S2_r25_n500_s42,Min Packet Length,False,Wasserstein distance (normed),0.1,0.08709909203837166
S2_r25_n500_s42,PSH Flag Count,False,Jensen-Shannon distance,0.1,0.04237817616668134
S2_r25_n500_s42,Packet Length Mean,False,Wasserstein distance (normed),0.1,0.08281983976712703
S2_r25_n500_s42,Packet Length Std,False,Wasserstein distance (normed),0.1,0.09940952856403372
S2_r25_n500_s42,Packet Length Variance,True,Wasserstein distance (normed),0.1,0.10815172926244303
S2_r25_n500_s42,Subflow Fwd Bytes,False,Wasserstein distance (normed),0.1,0.03549127251540974
S2_r25_n500_s42,Total Fwd Packets,False,Wasserstein distance (normed),0.1,0.06185979424681177
S2_r25_n500_s42,Total Length of Fwd Packets,False,Wasserstein distance (normed),0.1,0.03549127251540974
S2_r25_n500_s42,act_data_pkt_fwd,False,Wasserstein distance (normed),0.1,0.0630566221015808
S2_r25_n500_s42,min_seg_size_forward,True,Wasserstein distance (normed),0.1,0.15752779322713167
S2_r25_n500_s123,ACK Flag Count,False,Jensen-Shannon distance,0.1,0.018355618581488296
S2_r25_n500_s123,Active Max,False,Wasserstein distance (normed),0.1,0.051843043256646626
S2_r25_n500_s123,Active Mean,False,Wasserstein distance (normed),0.1,0.05665067913493447
S2_r25_n500_s123,Active Min,False,Wasserstein distance (normed),0.1,0.054736320838827464
S2_r25_n500_s123,Average Packet Size,True,Wasserstein distance (normed),0.1,0.163582072208782
S2_r25_n500_s123,Bwd Header Length,False,Wasserstein distance (normed),0.1,0.057590744983613704
S2_r25_n500_s123,Bwd IAT Max,False,Wasserstein distance (normed),0.1,0.06517962919530693
S2_r25_n500_s123,Bwd IAT Mean,False,Wasserstein distance (normed),0.1,0.07705853719111125
S2_r25_n500_s123,Bwd IAT Min,False,Wasserstein distance (normed),0.1,0.07522326768404361
S2_r25_n500_s123,Bwd IAT Std,False,Wasserstein distance (normed),0.1,0.04276283673907802
S2_r25_n500_s123,Bwd IAT Total,False,Wasserstein distance (normed),0.1,0.029618820560631694
S2_r25_n500_s123,Bwd Packet Length Max,True,Wasserstein distance (normed),0.1,0.153399776610544
S2_r25_n500_s123,Bwd Packet Length Mean,True,Wasserstein distance (normed),0.1,0.17228376530960401
S2_r25_n500_s123,Bwd Packet Length Min,False,Wasserstein distance (normed),0.1,0.03121520496105248
S2_r25_n500_s123,Bwd Packet Length Std,True,Wasserstein distance (normed),0.1,0.15332740927781663
S2_r25_n500_s123,Bwd Packets/s,False,Wasserstein distance (normed),0.1,0.05472626014949096
S2_r25_n500_s123,Destination Port,False,Wasserstein distance (normed),0.1,0.031147178705695593
S2_r25_n500_s123,FIN Flag Count,False,Jensen-Shannon distance,0.1,0.03261659491910333
S2_r25_n500_s123,Flow Bytes/s,True,Wasserstein distance (normed),0.1,0.55518607776534
S2_r25_n500_s123,Flow Duration,False,Wasserstein distance (normed),0.1,0.06301943102401715
S2_r25_n500_s123,Flow IAT Max,True,Wasserstein distance (normed),0.1,0.10204484929529807
S2_r25_n500_s123,Flow IAT Mean,False,Wasserstein distance (normed),0.1,0.08832116223174058
S2_r25_n500_s123,Flow IAT Min,False,Wasserstein distance (normed),0.1,0.07926975162455237
S2_r25_n500_s123,Flow IAT Std,True,Wasserstein distance (normed),0.1,0.11918458352606101
S2_r25_n500_s123,Flow Packets/s,False,Wasserstein distance (normed),0.1,0.06262081138443207
S2_r25_n500_s123,Fwd Header Length,False,Wasserstein distance (normed),0.1,0.044165539099376754
S2_r25_n500_s123,Fwd IAT Max,True,Wasserstein distance (normed),0.1,0.11092643261692245
S2_r25_n500_s123,Fwd IAT Mean,False,Wasserstein distance (normed),0.1,0.07454660924837583
S2_r25_n500_s123,Fwd IAT Min,False,Wasserstein distance (normed),0.1,0.046663402176836115
S2_r25_n500_s123,Fwd IAT Std,True,Wasserstein distance (normed),0.1,0.10220614103767434
S2_r25_n500_s123,Fwd IAT Total,False,Wasserstein distance (normed),0.1,0.07099276202098488
S2_r25_n500_s123,Fwd Packet Length Max,False,Wasserstein distance (normed),0.1,0.042468425874992194
S2_r25_n500_s123,Fwd Packet Length Mean,False,Wasserstein distance (normed),0.1,0.04958129080640979
S2_r25_n500_s123,Fwd Packet Length Min,False,Wasserstein distance (normed),0.1,0.046887375697494384
S2_r25_n500_s123,Fwd Packet Length Std,False,Wasserstein distance (normed),0.1,0.03818122508841031
S2_r25_n500_s123,Fwd Packets/s,False,Wasserstein distance (normed),0.1,0.058930453760749874
S2_r25_n500_s123,Idle Max,True,Wasserstein distance (normed),0.1,0.12269753125952668
S2_r25_n500_s123,Idle Mean,True,Wasserstein distance (normed),0.1,0.11717423334496285
S2_r25_n500_s123,Idle Min,False,Wasserstein distance (normed),0.1,0.09302528278308647
S2_r25_n500_s123,Init_Win_bytes_backward,False,Wasserstein distance (normed),0.1,0.088719322449622
S2_r25_n500_s123,Init_Win_bytes_forward,True,Wasserstein distance (normed),0.1,0.1175849762460355
S2_r25_n500_s123,Max Packet Length,True,Wasserstein distance (normed),0.1,0.15811750424550736
S2_r25_n500_s123,Min Packet Length,False,Wasserstein distance (normed),0.1,0.03593060374796145
S2_r25_n500_s123,PSH Flag Count,False,Jensen-Shannon distance,0.1,0.015900210027036385
S2_r25_n500_s123,Packet Length Mean,True,Wasserstein distance (normed),0.1,0.16459410658478021
S2_r25_n500_s123,Packet Length Std,True,Wasserstein distance (normed),0.1,0.15912146534711072
S2_r25_n500_s123,Packet Length Variance,True,Wasserstein distance (normed),0.1,0.13275073971503704
S2_r25_n500_s123,Subflow Fwd Bytes,False,Wasserstein distance (normed),0.1,0.027982587397914354
S2_r25_n500_s123,Total Fwd Packets,False,Wasserstein distance (normed),0.1,0.04286316257179848
S2_r25_n500_s123,Total Length of Fwd Packets,False,Wasserstein distance (normed),0.1,0.027982587397914354
S2_r25_n500_s123,act_data_pkt_fwd,False,Wasserstein distance (normed),0.1,0.06696509041366222
S2_r25_n500_s123,min_seg_size_forward,True,Wasserstein distance (normed),0.1,0.1872146948369986
S2_r25_n500_s456,ACK Flag Count,False,Jensen-Shannon distance,0.1,0.04099366033747278
S2_r25_n500_s456,Active Max,False,Wasserstein distance (normed),0.1,0.03280234006745604
S2_r25_n500_s456,Active Mean,False,Wasserstein distance (normed),0.1,0.038402595187676615
S2_r25_n500_s456,Active Min,False,Wasserstein distance (normed),0.1,0.04450255469389118
S2_r25_n500_s456,Average Packet Size,True,Wasserstein distance (normed),0.1,0.11843401054971772
S2_r25_n500_s456,Bwd Header Length,True,Wasserstein distance (normed),0.1,0.10581529341054076
S2_r25_n500_s456,Bwd IAT Max,False,Wasserstein distance (normed),0.1,0.05777430407429238
S2_r25_n500_s456,Bwd IAT Mean,False,Wasserstein distance (normed),0.1,0.06533773085159668
S2_r25_n500_s456,Bwd IAT Min,False,Wasserstein distance (normed),0.1,0.06062701886609312
S2_r25_n500_s456,Bwd IAT Std,False,Wasserstein distance (normed),0.1,0.03853840543214113
S2_r25_n500_s456,Bwd IAT Total,False,Wasserstein distance (normed),0.1,0.029346725816982302
S2_r25_n500_s456,Bwd Packet Length Max,False,Wasserstein distance (normed),0.1,0.09803444365036755
S2_r25_n500_s456,Bwd Packet Length Mean,True,Wasserstein distance (normed),0.1,0.12283363674320405
S2_r25_n500_s456,Bwd Packet Length Min,False,Wasserstein distance (normed),0.1,0.0318492055397118
S2_r25_n500_s456,Bwd Packet Length Std,True,Wasserstein distance (normed),0.1,0.10084605267980117
S2_r25_n500_s456,Bwd Packets/s,False,Wasserstein distance (normed),0.1,0.04781836056821764
S2_r25_n500_s456,Destination Port,False,Wasserstein distance (normed),0.1,0.04235211607314914
S2_r25_n500_s456,FIN Flag Count,False,Jensen-Shannon distance,0.1,0.0015682575128543685
S2_r25_n500_s456,Flow Bytes/s,False,Wasserstein distance (normed),0.1,0.04932292481466125
S2_r25_n500_s456,Flow Duration,False,Wasserstein distance (normed),0.1,0.04781877450250044
S2_r25_n500_s456,Flow IAT Max,True,Wasserstein distance (normed),0.1,0.10232129108672824
S2_r25_n500_s456,Flow IAT Mean,False,Wasserstein distance (normed),0.1,0.08965936687713291
S2_r25_n500_s456,Flow IAT Min,False,Wasserstein distance (normed),0.1,0.043375012464610486
S2_r25_n500_s456,Flow IAT Std,False,Wasserstein distance (normed),0.1,0.09827823119950453
S2_r25_n500_s456,Flow Packets/s,False,Wasserstein distance (normed),0.1,0.06336919857048315
S2_r25_n500_s456,Fwd Header Length,True,Wasserstein distance (normed),0.1,0.17947156604024533
S2_r25_n500_s456,Fwd IAT Max,True,Wasserstein distance (normed),0.1,0.1008659645135536
S2_r25_n500_s456,Fwd IAT Mean,False,Wasserstein distance (normed),0.1,0.08496039368929605
S2_r25_n500_s456,Fwd IAT Min,False,Wasserstein distance (normed),0.1,0.07224542270542217
S2_r25_n500_s456,Fwd IAT Std,False,Wasserstein distance (normed),0.1,0.0801765012128921
S2_r25_n500_s456,Fwd IAT Total,False,Wasserstein distance (normed),0.1,0.04670442368162227
S2_r25_n500_s456,Fwd Packet Length Max,False,Wasserstein distance (normed),0.1,0.03466804375158481
S2_r25_n500_s456,Fwd Packet Length Mean,False,Wasserstein distance (normed),0.1,0.03610157875380981
S2_r25_n500_s456,Fwd Packet Length Min,False,Wasserstein distance (normed),0.1,0.028910362118285328
S2_r25_n500_s456,Fwd Packet Length Std,False,Wasserstein distance (normed),0.1,0.036388422072526
S2_r25_n500_s456,Fwd Packets/s,False,Wasserstein distance (normed),0.1,0.06532458767729268
S2_r25_n500_s456,Idle Max,True,Wasserstein distance (normed),0.1,0.1021940742219772
S2_r25_n500_s456,Idle Mean,True,Wasserstein distance (normed),0.1,0.10268676659555122
S2_r25_n500_s456,Idle Min,False,Wasserstein distance (normed),0.1,0.09046541526850574
S2_r25_n500_s456,Init_Win_bytes_backward,False,Wasserstein distance (normed),0.1,0.06918745774067199
S2_r25_n500_s456,Init_Win_bytes_forward,True,Wasserstein distance (normed),0.1,0.14139360208885213
S2_r25_n500_s456,Max Packet Length,True,Wasserstein distance (normed),0.1,0.10161628853488919
S2_r25_n500_s456,Min Packet Length,False,Wasserstein distance (normed),0.1,0.045899046700859245
S2_r25_n500_s456,PSH Flag Count,False,Jensen-Shannon distance,0.1,0.03654417549939925
S2_r25_n500_s456,Packet Length Mean,True,Wasserstein distance (normed),0.1,0.11894614414526557
S2_r25_n500_s456,Packet Length Std,True,Wasserstein distance (normed),0.1,0.10824877340384069
S2_r25_n500_s456,Packet Length Variance,False,Wasserstein distance (normed),0.1,0.08112985464031808
S2_r25_n500_s456,Subflow Fwd Bytes,False,Wasserstein distance (normed),0.1,0.05780493314451248
S2_r25_n500_s456,Total Fwd Packets,True,Wasserstein distance (normed),0.1,0.1452249561313697
S2_r25_n500_s456,Total Length of Fwd Packets,False,Wasserstein distance (normed),0.1,0.05780493314451248
S2_r25_n500_s456,act_data_pkt_fwd,True,Wasserstein distance (normed),0.1,0.22945314637459574
S2_r25_n500_s456,min_seg_size_forward,True,Wasserstein distance (normed),0.1,0.1856099974526815
S2_r25_n500_s789,ACK Flag Count,False,Jensen-Shannon distance,0.1,0.030364039192415374
S2_r25_n500_s789,Active Max,False,Wasserstein distance (normed),0.1,0.031244356483958877
S2_r25_n500_s789,Active Mean,False,Wasserstein distance (normed),0.1,0.03908386992753576
S2_r25_n500_s789,Active Min,False,Wasserstein distance (normed),0.1,0.033875974125172875
S2_r25_n500_s789,Average Packet Size,True,Wasserstein distance (normed),0.1,0.10588096950865532
S2_r25_n500_s789,Bwd Header Length,True,Wasserstein distance (normed),0.1,0.2145492994134607
S2_r25_n500_s789,Bwd IAT Max,False,Wasserstein distance (normed),0.1,0.05300319158744163
S2_r25_n500_s789,Bwd IAT Mean,False,Wasserstein distance (normed),0.1,0.052842210313270625
S2_r25_n500_s789,Bwd IAT Min,False,Wasserstein distance (normed),0.1,0.04746554598217184
S2_r25_n500_s789,Bwd IAT Std,False,Wasserstein distance (normed),0.1,0.039121892325461205
S2_r25_n500_s789,Bwd IAT Total,False,Wasserstein distance (normed),0.1,0.02159800367169818
S2_r25_n500_s789,Bwd Packet Length Max,True,Wasserstein distance (normed),0.1,0.12314191451809639
S2_r25_n500_s789,Bwd Packet Length Mean,True,Wasserstein distance (normed),0.1,0.12540582441930304
S2_r25_n500_s789,Bwd Packet Length Min,False,Wasserstein distance (normed),0.1,0.03390038388243332
S2_r25_n500_s789,Bwd Packet Length Std,True,Wasserstein distance (normed),0.1,0.12409675643088174
S2_r25_n500_s789,Bwd Packets/s,False,Wasserstein distance (normed),0.1,0.07519162526512387
S2_r25_n500_s789,Destination Port,False,Wasserstein distance (normed),0.1,0.030036880035645287
S2_r25_n500_s789,FIN Flag Count,False,Jensen-Shannon distance,0.1,0.010059493360239136
S2_r25_n500_s789,Flow Bytes/s,True,Wasserstein distance (normed),0.1,0.26702238687639973
S2_r25_n500_s789,Flow Duration,False,Wasserstein distance (normed),0.1,0.05439900600462579
S2_r25_n500_s789,Flow IAT Max,False,Wasserstein distance (normed),0.1,0.08805632327617226
S2_r25_n500_s789,Flow IAT Mean,False,Wasserstein distance (normed),0.1,0.04526556326271501
S2_r25_n500_s789,Flow IAT Min,False,Wasserstein distance (normed),0.1,0.0569675367405898
S2_r25_n500_s789,Flow IAT Std,False,Wasserstein distance (normed),0.1,0.09217390259801533
S2_r25_n500_s789,Flow Packets/s,False,Wasserstein distance (normed),0.1,0.06787819479034551
S2_r25_n500_s789,Fwd Header Length,True,Wasserstein distance (normed),0.1,0.2978941431985861
S2_r25_n500_s789,Fwd IAT Max,False,Wasserstein distance (normed),0.1,0.0871575221380268
S2_r25_n500_s789,Fwd IAT Mean,False,Wasserstein distance (normed),0.1,0.05182579503143003
S2_r25_n500_s789,Fwd IAT Min,False,Wasserstein distance (normed),0.1,0.02846319921028203
S2_r25_n500_s789,Fwd IAT Std,False,Wasserstein distance (normed),0.1,0.07978226457617768
S2_r25_n500_s789,Fwd IAT Total,False,Wasserstein distance (normed),0.1,0.05381732496498397
S2_r25_n500_s789,Fwd Packet Length Max,False,Wasserstein distance (normed),0.1,0.05401997228390598
S2_r25_n500_s789,Fwd Packet Length Mean,False,Wasserstein distance (normed),0.1,0.07028470261612785
S2_r25_n500_s789,Fwd Packet Length Min,True,Wasserstein distance (normed),0.1,0.11404061550947808
S2_r25_n500_s789,Fwd Packet Length Std,False,Wasserstein distance (normed),0.1,0.048392766973390636
S2_r25_n500_s789,Fwd Packets/s,False,Wasserstein distance (normed),0.1,0.061993486868863475
S2_r25_n500_s789,Idle Max,False,Wasserstein distance (normed),0.1,0.09448582045285818
S2_r25_n500_s789,Idle Mean,False,Wasserstein distance (normed),0.1,0.09987390718608079
S2_r25_n500_s789,Idle Min,False,Wasserstein distance (normed),0.1,0.09702345040420246
S2_r25_n500_s789,Init_Win_bytes_backward,False,Wasserstein distance (normed),0.1,0.055114293989080916
S2_r25_n500_s789,Init_Win_bytes_forward,True,Wasserstein distance (normed),0.1,0.1070265163666048
S2_r25_n500_s789,Max Packet Length,True,Wasserstein distance (normed),0.1,0.12410025935175562
S2_r25_n500_s789,Min Packet Length,True,Wasserstein distance (normed),0.1,0.10763494018168128
S2_r25_n500_s789,PSH Flag Count,False,Jensen-Shannon distance,0.1,0.02626849652419876
S2_r25_n500_s789,Packet Length Mean,True,Wasserstein distance (normed),0.1,0.10665345499635524
S2_r25_n500_s789,Packet Length Std,True,Wasserstein distance (normed),0.1,0.12499264483527596
S2_r25_n500_s789,Packet Length Variance,True,Wasserstein distance (normed),0.1,0.12158660474163523
S2_r25_n500_s789,Subflow Fwd Bytes,False,Wasserstein distance (normed),0.1,0.07211288567082604
S2_r25_n500_s789,Total Fwd Packets,True,Wasserstein distance (normed),0.1,0.28158213434099905
S2_r25_n500_s789,Total Length of Fwd Packets,False,Wasserstein distance (normed),0.1,0.07211288567082604
S2_r25_n500_s789,act_data_pkt_fwd,True,Wasserstein distance (normed),0.1,0.4593753089466411
S2_r25_n500_s789,min_seg_size_forward,True,Wasserstein distance (normed),0.1,0.13773652548722035
S2_r25_n500_s1024,ACK Flag Count,False,Jensen-Shannon distance,0.1,0.021344618518044825
S2_r25_n500_s1024,Active Max,False,Wasserstein distance (normed),0.1,0.06275641118753614
S2_r25_n500_s1024,Active Mean,False,Wasserstein distance (normed),0.1,0.05937247873263695
S2_r25_n500_s1024,Active Min,False,Wasserstein distance (normed),0.1,0.04949838472989157
S2_r25_n500_s1024,Average Packet Size,True,Wasserstein distance (normed),0.1,0.12727897780341643
S2_r25_n500_s1024,Bwd Header Length,True,Wasserstein distance (normed),0.1,0.16145923317116642
S2_r25_n500_s1024,Bwd IAT Max,False,Wasserstein distance (normed),0.1,0.039704447812746874
S2_r25_n500_s1024,Bwd IAT Mean,False,Wasserstein distance (normed),0.1,0.0380378766690196
S2_r25_n500_s1024,Bwd IAT Min,False,Wasserstein distance (normed),0.1,0.026418226355233877
S2_r25_n500_s1024,Bwd IAT Std,False,Wasserstein distance (normed),0.1,0.06368959745555029
S2_r25_n500_s1024,Bwd IAT Total,False,Wasserstein distance (normed),0.1,0.020539045879470596
S2_r25_n500_s1024,Bwd Packet Length Max,False,Wasserstein distance (normed),0.1,0.0902704210578811
S2_r25_n500_s1024,Bwd Packet Length Mean,True,Wasserstein distance (normed),0.1,0.11217737645506808
S2_r25_n500_s1024,Bwd Packet Length Min,False,Wasserstein distance (normed),0.1,0.08034403411520735
S2_r25_n500_s1024,Bwd Packet Length Std,False,Wasserstein distance (normed),0.1,0.09146996482757698
S2_r25_n500_s1024,Bwd Packets/s,True,Wasserstein distance (normed),0.1,0.1255318184117963
S2_r25_n500_s1024,Destination Port,False,Wasserstein distance (normed),0.1,0.049369371843287595
S2_r25_n500_s1024,FIN Flag Count,False,Jensen-Shannon distance,0.1,0.020034754195753835
S2_r25_n500_s1024,Flow Bytes/s,False,Wasserstein distance (normed),0.1,0.038099329390298683
S2_r25_n500_s1024,Flow Duration,False,Wasserstein distance (normed),0.1,0.042244611593928824
S2_r25_n500_s1024,Flow IAT Max,False,Wasserstein distance (normed),0.1,0.0720095758824055
S2_r25_n500_s1024,Flow IAT Mean,False,Wasserstein distance (normed),0.1,0.05356387475955089
S2_r25_n500_s1024,Flow IAT Min,False,Wasserstein distance (normed),0.1,0.01720404047922883
S2_r25_n500_s1024,Flow IAT Std,False,Wasserstein distance (normed),0.1,0.07787628970970308
S2_r25_n500_s1024,Flow Packets/s,False,Wasserstein distance (normed),0.1,0.0697946059819763
S2_r25_n500_s1024,Fwd Header Length,True,Wasserstein distance (normed),0.1,0.10901814023577931
S2_r25_n500_s1024,Fwd IAT Max,False,Wasserstein distance (normed),0.1,0.07886292880635196
S2_r25_n500_s1024,Fwd IAT Mean,False,Wasserstein distance (normed),0.1,0.05522262847186802
S2_r25_n500_s1024,Fwd IAT Min,False,Wasserstein distance (normed),0.1,0.03389072817330946
S2_r25_n500_s1024,Fwd IAT Std,False,Wasserstein distance (normed),0.1,0.07642568693139994
S2_r25_n500_s1024,Fwd IAT Total,False,Wasserstein distance (normed),0.1,0.046559386615194126
S2_r25_n500_s1024,Fwd Packet Length Max,False,Wasserstein distance (normed),0.1,0.06638367519801995
S2_r25_n500_s1024,Fwd Packet Length Mean,False,Wasserstein distance (normed),0.1,0.07298575954094025
S2_r25_n500_s1024,Fwd Packet Length Min,False,Wasserstein distance (normed),0.1,0.04601543263643392
S2_r25_n500_s1024,Fwd Packet Length Std,False,Wasserstein distance (normed),0.1,0.06953279372553321
S2_r25_n500_s1024,Fwd Packets/s,False,Wasserstein distance (normed),0.1,0.05464789532110546
S2_r25_n500_s1024,Idle Max,False,Wasserstein distance (normed),0.1,0.07395767104581591
S2_r25_n500_s1024,Idle Mean,False,Wasserstein distance (normed),0.1,0.07652624587417065
S2_r25_n500_s1024,Idle Min,False,Wasserstein distance (normed),0.1,0.07286615759644764
S2_r25_n500_s1024,Init_Win_bytes_backward,False,Wasserstein distance (normed),0.1,0.082856118125034
S2_r25_n500_s1024,Init_Win_bytes_forward,True,Wasserstein distance (normed),0.1,0.14403687768095894
S2_r25_n500_s1024,Max Packet Length,True,Wasserstein distance (normed),0.1,0.10095193410080902
S2_r25_n500_s1024,Min Packet Length,False,Wasserstein distance (normed),0.1,0.04731088626071167
S2_r25_n500_s1024,PSH Flag Count,False,Jensen-Shannon distance,0.1,0.02479321700956468
S2_r25_n500_s1024,Packet Length Mean,True,Wasserstein distance (normed),0.1,0.12855176089449144
S2_r25_n500_s1024,Packet Length Std,True,Wasserstein distance (normed),0.1,0.10768719870591631
S2_r25_n500_s1024,Packet Length Variance,False,Wasserstein distance (normed),0.1,0.07531633978461798
S2_r25_n500_s1024,Subflow Fwd Bytes,False,Wasserstein distance (normed),0.1,0.036551928002064395
S2_r25_n500_s1024,Total Fwd Packets,False,Wasserstein distance (normed),0.1,0.06507956232732334
S2_r25_n500_s1024,Total Length of Fwd Packets,False,Wasserstein distance (normed),0.1,0.036551928002064395
S2_r25_n500_s1024,act_data_pkt_fwd,False,Wasserstein distance (normed),0.1,0.06701720332449008
S2_r25_n500_s1024,min_seg_size_forward,True,Wasserstein distance (normed),0.1,0.20700596257690984
S2_r25_n1000_s42,ACK Flag Count,False,Jensen-Shannon distance,0.1,0.020596575551942973
S2_r25_n1000_s42,Active Max,False,Wasserstein distance (normed),0.1,0.031590754665382054
S2_r25_n1000_s42,Active Mean,False,Wasserstein distance (normed),0.1,0.03661578900184638
S2_r25_n1000_s42,Active Min,False,Wasserstein distance (normed),0.1,0.03679298573831799
S2_r25_n1000_s42,Average Packet Size,True,Wasserstein distance (normed),0.1,0.13834871681153857
S2_r25_n1000_s42,Bwd Header Length,False,Wasserstein distance (normed),0.1,0.09561774224250015
S2_r25_n1000_s42,Bwd IAT Max,False,Wasserstein distance (normed),0.1,0.04873188391855899
S2_r25_n1000_s42,Bwd IAT Mean,False,Wasserstein distance (normed),0.1,0.04388051813922214
S2_r25_n1000_s42,Bwd IAT Min,False,Wasserstein distance (normed),0.1,0.029800471292235006
S2_r25_n1000_s42,Bwd IAT Std,False,Wasserstein distance (normed),0.1,0.05139427071961241
S2_r25_n1000_s42,Bwd IAT Total,False,Wasserstein distance (normed),0.1,0.027492692010284238
S2_r25_n1000_s42,Bwd Packet Length Max,True,Wasserstein distance (normed),0.1,0.12924839515859787
S2_r25_n1000_s42,Bwd Packet Length Mean,True,Wasserstein distance (normed),0.1,0.1362130523327678
S2_r25_n1000_s42,Bwd Packet Length Min,False,Wasserstein distance (normed),0.1,0.026550328154347956
S2_r25_n1000_s42,Bwd Packet Length Std,True,Wasserstein distance (normed),0.1,0.13431617399482498
S2_r25_n1000_s42,Bwd Packets/s,False,Wasserstein distance (normed),0.1,0.07017366330221102
S2_r25_n1000_s42,Destination Port,False,Wasserstein distance (normed),0.1,0.014384350504096824
S2_r25_n1000_s42,FIN Flag Count,False,Jensen-Shannon distance,0.1,0.014815608873972317
S2_r25_n1000_s42,Flow Bytes/s,False,Wasserstein distance (normed),0.1,0.02695148709758604
S2_r25_n1000_s42,Flow Duration,False,Wasserstein distance (normed),0.1,0.0715266341113504
S2_r25_n1000_s42,Flow IAT Max,False,Wasserstein distance (normed),0.1,0.09248210801390938
S2_r25_n1000_s42,Flow IAT Mean,False,Wasserstein distance (normed),0.1,0.07628700232913992
S2_r25_n1000_s42,Flow IAT Min,False,Wasserstein distance (normed),0.1,0.08370168771896175
S2_r25_n1000_s42,Flow IAT Std,True,Wasserstein distance (normed),0.1,0.10173740226655677
S2_r25_n1000_s42,Flow Packets/s,False,Wasserstein distance (normed),0.1,0.025901724829199457
S2_r25_n1000_s42,Fwd Header Length,True,Wasserstein distance (normed),0.1,0.10457346973614194
S2_r25_n1000_s42,Fwd IAT Max,False,Wasserstein distance (normed),0.1,0.09032009124746515
S2_r25_n1000_s42,Fwd IAT Mean,False,Wasserstein distance (normed),0.1,0.05571965249345318
S2_r25_n1000_s42,Fwd IAT Min,False,Wasserstein distance (normed),0.1,0.027347684546772583
S2_r25_n1000_s42,Fwd IAT Std,False,Wasserstein distance (normed),0.1,0.08932352010374922
S2_r25_n1000_s42,Fwd IAT Total,False,Wasserstein distance (normed),0.1,0.07041939156493504
S2_r25_n1000_s42,Fwd Packet Length Max,False,Wasserstein distance (normed),0.1,0.05409540559037597
S2_r25_n1000_s42,Fwd Packet Length Mean,False,Wasserstein distance (normed),0.1,0.046161789116334645
S2_r25_n1000_s42,Fwd Packet Length Min,False,Wasserstein distance (normed),0.1,0.02239463135340752
S2_r25_n1000_s42,Fwd Packet Length Std,False,Wasserstein distance (normed),0.1,0.04728212855010451
S2_r25_n1000_s42,Fwd Packets/s,False,Wasserstein distance (normed),0.1,0.02715251943874242
S2_r25_n1000_s42,Idle Max,True,Wasserstein distance (normed),0.1,0.10835195101385584
S2_r25_n1000_s42,Idle Mean,False,Wasserstein distance (normed),0.1,0.09480142513920511
S2_r25_n1000_s42,Idle Min,False,Wasserstein distance (normed),0.1,0.06899186548883479
S2_r25_n1000_s42,Init_Win_bytes_backward,True,Wasserstein distance (normed),0.1,0.11524831057591713
S2_r25_n1000_s42,Init_Win_bytes_forward,False,Wasserstein distance (normed),0.1,0.08332440084646844
S2_r25_n1000_s42,Max Packet Length,True,Wasserstein distance (normed),0.1,0.13831798491609423
S2_r25_n1000_s42,Min Packet Length,False,Wasserstein distance (normed),0.1,0.052879808969019684
S2_r25_n1000_s42,PSH Flag Count,False,Jensen-Shannon distance,0.1,0.0321510156264519
S2_r25_n1000_s42,Packet Length Mean,True,Wasserstein distance (normed),0.1,0.1369551569280024
S2_r25_n1000_s42,Packet Length Std,True,Wasserstein distance (normed),0.1,0.14159815470893924
S2_r25_n1000_s42,Packet Length Variance,True,Wasserstein distance (normed),0.1,0.12478098752385028
S2_r25_n1000_s42,Subflow Fwd Bytes,False,Wasserstein distance (normed),0.1,0.03528125042650314
S2_r25_n1000_s42,Total Fwd Packets,False,Wasserstein distance (normed),0.1,0.09204512000159992
S2_r25_n1000_s42,Total Length of Fwd Packets,False,Wasserstein distance (normed),0.1,0.03528125042650314
S2_r25_n1000_s42,act_data_pkt_fwd,True,Wasserstein distance (normed),0.1,0.13356539045153046
S2_r25_n1000_s42,min_seg_size_forward,False,Wasserstein distance (normed),0.1,0.08892698004757425
S2_r25_n1000_s123,ACK Flag Count,False,Jensen-Shannon distance,0.1,0.019102079519132124
S2_r25_n1000_s123,Active Max,False,Wasserstein distance (normed),0.1,0.026218097202601993
S2_r25_n1000_s123,Active Mean,False,Wasserstein distance (normed),0.1,0.01887449365686865
S2_r25_n1000_s123,Active Min,False,Wasserstein distance (normed),0.1,0.0184582115003091
S2_r25_n1000_s123,Average Packet Size,True,Wasserstein distance (normed),0.1,0.127301247511376
S2_r25_n1000_s123,Bwd Header Length,False,Wasserstein distance (normed),0.1,0.04946260889131671
S2_r25_n1000_s123,Bwd IAT Max,False,Wasserstein distance (normed),0.1,0.07370487574685936
S2_r25_n1000_s123,Bwd IAT Mean,False,Wasserstein distance (normed),0.1,0.05860767845794905
S2_r25_n1000_s123,Bwd IAT Min,False,Wasserstein distance (normed),0.1,0.04423253167077659
S2_r25_n1000_s123,Bwd IAT Std,False,Wasserstein distance (normed),0.1,0.05965441929152302
S2_r25_n1000_s123,Bwd IAT Total,False,Wasserstein distance (normed),0.1,0.06175074882638862
S2_r25_n1000_s123,Bwd Packet Length Max,True,Wasserstein distance (normed),0.1,0.11176836268110081
S2_r25_n1000_s123,Bwd Packet Length Mean,True,Wasserstein distance (normed),0.1,0.12342572588432031
S2_r25_n1000_s123,Bwd Packet Length Min,False,Wasserstein distance (normed),0.1,0.03960017339842007
S2_r25_n1000_s123,Bwd Packet Length Std,True,Wasserstein distance (normed),0.1,0.11587202855044416
S2_r25_n1000_s123,Bwd Packets/s,False,Wasserstein distance (normed),0.1,0.04618859671273509
S2_r25_n1000_s123,Destination Port,False,Wasserstein distance (normed),0.1,0.027657663729878497
S2_r25_n1000_s123,FIN Flag Count,False,Jensen-Shannon distance,0.1,0.009393048096721937
S2_r25_n1000_s123,Flow Bytes/s,False,Wasserstein distance (normed),0.1,0.02339179917162339
S2_r25_n1000_s123,Flow Duration,False,Wasserstein distance (normed),0.1,0.0668292021426195
S2_r25_n1000_s123,Flow IAT Max,False,Wasserstein distance (normed),0.1,0.06686810763843205
S2_r25_n1000_s123,Flow IAT Mean,False,Wasserstein distance (normed),0.1,0.05075197878666613
S2_r25_n1000_s123,Flow IAT Min,False,Wasserstein distance (normed),0.1,0.02339030794860337
S2_r25_n1000_s123,Flow IAT Std,False,Wasserstein distance (normed),0.1,0.0723381240703206
S2_r25_n1000_s123,Flow Packets/s,False,Wasserstein distance (normed),0.1,0.020374124670621357
S2_r25_n1000_s123,Fwd Header Length,False,Wasserstein distance (normed),0.1,0.04089726671275117
S2_r25_n1000_s123,Fwd IAT Max,False,Wasserstein distance (normed),0.1,0.06576872877757176
S2_r25_n1000_s123,Fwd IAT Mean,False,Wasserstein distance (normed),0.1,0.06308726774317719
S2_r25_n1000_s123,Fwd IAT Min,False,Wasserstein distance (normed),0.1,0.049624668338126135
S2_r25_n1000_s123,Fwd IAT Std,False,Wasserstein distance (normed),0.1,0.045632410411033095
S2_r25_n1000_s123,Fwd IAT Total,False,Wasserstein distance (normed),0.1,0.06603062731908656
S2_r25_n1000_s123,Fwd Packet Length Max,False,Wasserstein distance (normed),0.1,0.0356150340066773
S2_r25_n1000_s123,Fwd Packet Length Mean,False,Wasserstein distance (normed),0.1,0.032907605635123224
S2_r25_n1000_s123,Fwd Packet Length Min,False,Wasserstein distance (normed),0.1,0.02543962001195624
S2_r25_n1000_s123,Fwd Packet Length Std,False,Wasserstein distance (normed),0.1,0.04151811799037057
S2_r25_n1000_s123,Fwd Packets/s,False,Wasserstein distance (normed),0.1,0.02233851629745239
S2_r25_n1000_s123,Idle Max,False,Wasserstein distance (normed),0.1,0.07209830290220176
S2_r25_n1000_s123,Idle Mean,False,Wasserstein distance (normed),0.1,0.0810232822469429
S2_r25_n1000_s123,Idle Min,False,Wasserstein distance (normed),0.1,0.08394628509518319
S2_r25_n1000_s123,Init_Win_bytes_backward,False,Wasserstein distance (normed),0.1,0.06739468591306473
S2_r25_n1000_s123,Init_Win_bytes_forward,False,Wasserstein distance (normed),0.1,0.08712333028770809
S2_r25_n1000_s123,Max Packet Length,True,Wasserstein distance (normed),0.1,0.10312105470729975
S2_r25_n1000_s123,Min Packet Length,False,Wasserstein distance (normed),0.1,0.03926054856842155
S2_r25_n1000_s123,PSH Flag Count,False,Jensen-Shannon distance,0.1,0.0054289356229056205
S2_r25_n1000_s123,Packet Length Mean,True,Wasserstein distance (normed),0.1,0.1265520610639639
S2_r25_n1000_s123,Packet Length Std,True,Wasserstein distance (normed),0.1,0.11514130262783313
S2_r25_n1000_s123,Packet Length Variance,True,Wasserstein distance (normed),0.1,0.10300310751316738
S2_r25_n1000_s123,Subflow Fwd Bytes,False,Wasserstein distance (normed),0.1,0.029776870252450717
S2_r25_n1000_s123,Total Fwd Packets,False,Wasserstein distance (normed),0.1,0.038301824457741655
S2_r25_n1000_s123,Total Length of Fwd Packets,False,Wasserstein distance (normed),0.1,0.029776870252450717
S2_r25_n1000_s123,act_data_pkt_fwd,False,Wasserstein distance (normed),0.1,0.06673058231493713
S2_r25_n1000_s123,min_seg_size_forward,True,Wasserstein distance (normed),0.1,0.14816705848528175
S2_r25_n1000_s456,ACK Flag Count,False,Jensen-Shannon distance,0.1,0.038705639854005054
S2_r25_n1000_s456,Active Max,False,Wasserstein distance (normed),0.1,0.07324745569444112
S2_r25_n1000_s456,Active Mean,False,Wasserstein distance (normed),0.1,0.06242250012018138
S2_r25_n1000_s456,Active Min,False,Wasserstein distance (normed),0.1,0.04854651799649921
S2_r25_n1000_s456,Average Packet Size,False,Wasserstein distance (normed),0.1,0.09153347942714887
S2_r25_n1000_s456,Bwd Header Length,False,Wasserstein distance (normed),0.1,0.06581158608652969
S2_r25_n1000_s456,Bwd IAT Max,False,Wasserstein distance (normed),0.1,0.05724345719590196
S2_r25_n1000_s456,Bwd IAT Mean,False,Wasserstein distance (normed),0.1,0.04753537202808834
S2_r25_n1000_s456,Bwd IAT Min,False,Wasserstein distance (normed),0.1,0.044557427091256555
S2_r25_n1000_s456,Bwd IAT Std,False,Wasserstein distance (normed),0.1,0.03146603008088832
S2_r25_n1000_s456,Bwd IAT Total,False,Wasserstein distance (normed),0.1,0.018134609678888827
S2_r25_n1000_s456,Bwd Packet Length Max,False,Wasserstein distance (normed),0.1,0.08347950943000093
S2_r25_n1000_s456,Bwd Packet Length Mean,False,Wasserstein distance (normed),0.1,0.08935300912914938
S2_r25_n1000_s456,Bwd Packet Length Min,False,Wasserstein distance (normed),0.1,0.04419667759370063
S2_r25_n1000_s456,Bwd Packet Length Std,False,Wasserstein distance (normed),0.1,0.08435396119833999
S2_r25_n1000_s456,Bwd Packets/s,False,Wasserstein distance (normed),0.1,0.04623769597424068
S2_r25_n1000_s456,Destination Port,False,Wasserstein distance (normed),0.1,0.031581037200437125
S2_r25_n1000_s456,FIN Flag Count,False,Jensen-Shannon distance,0.1,0.0015682575128543685
S2_r25_n1000_s456,Flow Bytes/s,False,Wasserstein distance (normed),0.1,0.04516268879655471
S2_r25_n1000_s456,Flow Duration,False,Wasserstein distance (normed),0.1,0.019929560518647957
S2_r25_n1000_s456,Flow IAT Max,False,Wasserstein distance (normed),0.1,0.04308131210958988
S2_r25_n1000_s456,Flow IAT Mean,False,Wasserstein distance (normed),0.1,0.0494828285665154
S2_r25_n1000_s456,Flow IAT Min,False,Wasserstein distance (normed),0.1,0.013794221765997929
S2_r25_n1000_s456,Flow IAT Std,False,Wasserstein distance (normed),0.1,0.048863980532829844
S2_r25_n1000_s456,Flow Packets/s,False,Wasserstein distance (normed),0.1,0.027326257055865385
S2_r25_n1000_s456,Fwd Header Length,False,Wasserstein distance (normed),0.1,0.07358223990618373
S2_r25_n1000_s456,Fwd IAT Max,False,Wasserstein distance (normed),0.1,0.04154738219763802
S2_r25_n1000_s456,Fwd IAT Mean,False,Wasserstein distance (normed),0.1,0.059262408107657136
S2_r25_n1000_s456,Fwd IAT Min,False,Wasserstein distance (normed),0.1,0.055408501314514774
S2_r25_n1000_s456,Fwd IAT Std,False,Wasserstein distance (normed),0.1,0.024454161806431306
S2_r25_n1000_s456,Fwd IAT Total,False,Wasserstein distance (normed),0.1,0.018843317835104845
S2_r25_n1000_s456,Fwd Packet Length Max,False,Wasserstein distance (normed),0.1,0.04464547840980502
S2_r25_n1000_s456,Fwd Packet Length Mean,False,Wasserstein distance (normed),0.1,0.024608697289913953
S2_r25_n1000_s456,Fwd Packet Length Min,False,Wasserstein distance (normed),0.1,0.04950320488067448
S2_r25_n1000_s456,Fwd Packet Length Std,False,Wasserstein distance (normed),0.1,0.035409917727372765
S2_r25_n1000_s456,Fwd Packets/s,False,Wasserstein distance (normed),0.1,0.025775108248519463
S2_r25_n1000_s456,Idle Max,False,Wasserstein distance (normed),0.1,0.04144669490694325
S2_r25_n1000_s456,Idle Mean,False,Wasserstein distance (normed),0.1,0.0471001873761341
S2_r25_n1000_s456,Idle Min,False,Wasserstein distance (normed),0.1,0.050413311848232154
S2_r25_n1000_s456,Init_Win_bytes_backward,False,Wasserstein distance (normed),0.1,0.09826241923886249
S2_r25_n1000_s456,Init_Win_bytes_forward,True,Wasserstein distance (normed),0.1,0.14083024917276044
S2_r25_n1000_s456,Max Packet Length,False,Wasserstein distance (normed),0.1,0.08558912642287728
S2_r25_n1000_s456,Min Packet Length,False,Wasserstein distance (normed),0.1,0.04776010793884622
S2_r25_n1000_s456,PSH Flag Count,False,Jensen-Shannon distance,0.1,0.05035890933937544
S2_r25_n1000_s456,Packet Length Mean,False,Wasserstein distance (normed),0.1,0.09215888726733659
S2_r25_n1000_s456,Packet Length Std,False,Wasserstein distance (normed),0.1,0.09174895465635796
S2_r25_n1000_s456,Packet Length Variance,True,Wasserstein distance (normed),0.1,0.10048781425853875
S2_r25_n1000_s456,Subflow Fwd Bytes,False,Wasserstein distance (normed),0.1,0.0392293141965455
S2_r25_n1000_s456,Total Fwd Packets,False,Wasserstein distance (normed),0.1,0.06245008506157205
S2_r25_n1000_s456,Total Length of Fwd Packets,False,Wasserstein distance (normed),0.1,0.0392293141965455
S2_r25_n1000_s456,act_data_pkt_fwd,False,Wasserstein distance (normed),0.1,0.054249540171690536
S2_r25_n1000_s456,min_seg_size_forward,True,Wasserstein distance (normed),0.1,0.1089856973515384
S2_r25_n1000_s789,ACK Flag Count,False,Jensen-Shannon distance,0.1,0.017609677149545377
S2_r25_n1000_s789,Active Max,False,Wasserstein distance (normed),0.1,0.048205867135351625
S2_r25_n1000_s789,Active Mean,False,Wasserstein distance (normed),0.1,0.02959007144533522
S2_r25_n1000_s789,Active Min,False,Wasserstein distance (normed),0.1,0.028320146661304668
S2_r25_n1000_s789,Average Packet Size,True,Wasserstein distance (normed),0.1,0.12862672377227452
S2_r25_n1000_s789,Bwd Header Length,False,Wasserstein distance (normed),0.1,0.05137651878795798
S2_r25_n1000_s789,Bwd IAT Max,False,Wasserstein distance (normed),0.1,0.031679554661324834
S2_r25_n1000_s789,Bwd IAT Mean,False,Wasserstein distance (normed),0.1,0.03249785833906721
S2_r25_n1000_s789,Bwd IAT Min,False,Wasserstein distance (normed),0.1,0.0320292622163902
S2_r25_n1000_s789,Bwd IAT Std,False,Wasserstein distance (normed),0.1,0.041615938734182255
S2_r25_n1000_s789,Bwd IAT Total,False,Wasserstein distance (normed),0.1,0.020162001568650622
S2_r25_n1000_s789,Bwd Packet Length Max,True,Wasserstein distance (normed),0.1,0.1022184501676764
S2_r25_n1000_s789,Bwd Packet Length Mean,True,Wasserstein distance (normed),0.1,0.11518225210848113
S2_r25_n1000_s789,Bwd Packet Length Min,False,Wasserstein distance (normed),0.1,0.023886904154783777
S2_r25_n1000_s789,Bwd Packet Length Std,True,Wasserstein distance (normed),0.1,0.10105821737828183
S2_r25_n1000_s789,Bwd Packets/s,False,Wasserstein distance (normed),0.1,0.06861192381858644
S2_r25_n1000_s789,Destination Port,False,Wasserstein distance (normed),0.1,0.027809714763589916
S2_r25_n1000_s789,FIN Flag Count,False,Jensen-Shannon distance,0.1,0.005666485259895169
S2_r25_n1000_s789,Flow Bytes/s,False,Wasserstein distance (normed),0.1,0.032002598114616636
S2_r25_n1000_s789,Flow Duration,False,Wasserstein distance (normed),0.1,0.015943429307857943
S2_r25_n1000_s789,Flow IAT Max,False,Wasserstein distance (normed),0.1,0.023221118485778573
S2_r25_n1000_s789,Flow IAT Mean,False,Wasserstein distance (normed),0.1,0.02503470009291131
S2_r25_n1000_s789,Flow IAT Min,False,Wasserstein distance (normed),0.1,0.017016639124990494
S2_r25_n1000_s789,Flow IAT Std,False,Wasserstein distance (normed),0.1,0.028760815190292346
S2_r25_n1000_s789,Flow Packets/s,False,Wasserstein distance (normed),0.1,0.0431042737925119
S2_r25_n1000_s789,Fwd Header Length,False,Wasserstein distance (normed),0.1,0.0586332114949565
S2_r25_n1000_s789,Fwd IAT Max,False,Wasserstein distance (normed),0.1,0.022443386514566045
S2_r25_n1000_s789,Fwd IAT Mean,False,Wasserstein distance (normed),0.1,0.019243676590252678
S2_r25_n1000_s789,Fwd IAT Min,False,Wasserstein distance (normed),0.1,0.020647074783238944
S2_r25_n1000_s789,Fwd IAT Std,False,Wasserstein distance (normed),0.1,0.03642030390779778
S2_r25_n1000_s789,Fwd IAT Total,False,Wasserstein distance (normed),0.1,0.01572242599892463
S2_r25_n1000_s789,Fwd Packet Length Max,False,Wasserstein distance (normed),0.1,0.0339852014860476
S2_r25_n1000_s789,Fwd Packet Length Mean,False,Wasserstein distance (normed),0.1,0.04007377988438742
S2_r25_n1000_s789,Fwd Packet Length Min,False,Wasserstein distance (normed),0.1,0.0221391792847391
S2_r25_n1000_s789,Fwd Packet Length Std,False,Wasserstein distance (normed),0.1,0.04410000695994687
S2_r25_n1000_s789,Fwd Packets/s,False,Wasserstein distance (normed),0.1,0.0337528940391808
S2_r25_n1000_s789,Idle Max,False,Wasserstein distance (normed),0.1,0.02803333384268394
S2_r25_n1000_s789,Idle Mean,False,Wasserstein distance (normed),0.1,0.032640794427817976
S2_r25_n1000_s789,Idle Min,False,Wasserstein distance (normed),0.1,0.04028764779113132
S2_r25_n1000_s789,Init_Win_bytes_backward,False,Wasserstein distance (normed),0.1,0.0814553067379609
S2_r25_n1000_s789,Init_Win_bytes_forward,True,Wasserstein distance (normed),0.1,0.12315186370232513
S2_r25_n1000_s789,Max Packet Length,True,Wasserstein distance (normed),0.1,0.10913336095915867
S2_r25_n1000_s789,Min Packet Length,False,Wasserstein distance (normed),0.1,0.029399063157937024
S2_r25_n1000_s789,PSH Flag Count,False,Jensen-Shannon distance,0.1,0.016644090238490093
S2_r25_n1000_s789,Packet Length Mean,True,Wasserstein distance (normed),0.1,0.12784932573534963
S2_r25_n1000_s789,Packet Length Std,True,Wasserstein distance (normed),0.1,0.11540492227857561
S2_r25_n1000_s789,Packet Length Variance,False,Wasserstein distance (normed),0.1,0.09814530126323828
S2_r25_n1000_s789,Subflow Fwd Bytes,False,Wasserstein distance (normed),0.1,0.046200729417986565
S2_r25_n1000_s789,Total Fwd Packets,False,Wasserstein distance (normed),0.1,0.03929458628256601
S2_r25_n1000_s789,Total Length of Fwd Packets,False,Wasserstein distance (normed),0.1,0.046200729417986565
S2_r25_n1000_s789,act_data_pkt_fwd,False,Wasserstein distance (normed),0.1,0.04109103018768303
S2_r25_n1000_s789,min_seg_size_forward,True,Wasserstein distance (normed),0.1,0.14682981066501746
S2_r25_n1000_s1024,ACK Flag Count,False,Jensen-Shannon distance,0.1,0.02434218284042606
S2_r25_n1000_s1024,Active Max,False,Wasserstein distance (normed),0.1,0.06899577869942149
S2_r25_n1000_s1024,Active Mean,False,Wasserstein distance (normed),0.1,0.07967405624579617
S2_r25_n1000_s1024,Active Min,False,Wasserstein distance (normed),0.1,0.0748536788366666
S2_r25_n1000_s1024,Average Packet Size,True,Wasserstein distance (normed),0.1,0.1238863086562165
S2_r25_n1000_s1024,Bwd Header Length,False,Wasserstein distance (normed),0.1,0.05284634177889336
S2_r25_n1000_s1024,Bwd IAT Max,False,Wasserstein distance (normed),0.1,0.03514702784303587
S2_r25_n1000_s1024,Bwd IAT Mean,False,Wasserstein distance (normed),0.1,0.0545863225898236
S2_r25_n1000_s1024,Bwd IAT Min,False,Wasserstein distance (normed),0.1,0.06049738603872884
S2_r25_n1000_s1024,Bwd IAT Std,False,Wasserstein distance (normed),0.1,0.02410411696661614
S2_r25_n1000_s1024,Bwd IAT Total,False,Wasserstein distance (normed),0.1,0.015425022931769384
S2_r25_n1000_s1024,Bwd Packet Length Max,True,Wasserstein distance (normed),0.1,0.10603930743165386
S2_r25_n1000_s1024,Bwd Packet Length Mean,True,Wasserstein distance (normed),0.1,0.11742890669069615
S2_r25_n1000_s1024,Bwd Packet Length Min,False,Wasserstein distance (normed),0.1,0.03270386318251244
S2_r25_n1000_s1024,Bwd Packet Length Std,True,Wasserstein distance (normed),0.1,0.1011317257555548
S2_r25_n1000_s1024,Bwd Packets/s,False,Wasserstein distance (normed),0.1,0.08631240454524389
S2_r25_n1000_s1024,Destination Port,False,Wasserstein distance (normed),0.1,0.025943126683204212
S2_r25_n1000_s1024,FIN Flag Count,False,Jensen-Shannon distance,0.1,0.020034754195753835
S2_r25_n1000_s1024,Flow Bytes/s,False,Wasserstein distance (normed),0.1,0.029799580967419498
S2_r25_n1000_s1024,Flow Duration,False,Wasserstein distance (normed),0.1,0.03388891543837648
S2_r25_n1000_s1024,Flow IAT Max,False,Wasserstein distance (normed),0.1,0.038863355198746716
S2_r25_n1000_s1024,Flow IAT Mean,False,Wasserstein distance (normed),0.1,0.04626072594619584
S2_r25_n1000_s1024,Flow IAT Min,False,Wasserstein distance (normed),0.1,0.04256601696960341
S2_r25_n1000_s1024,Flow IAT Std,False,Wasserstein distance (normed),0.1,0.042518677950961876
S2_r25_n1000_s1024,Flow Packets/s,False,Wasserstein distance (normed),0.1,0.0470770346421941
S2_r25_n1000_s1024,Fwd Header Length,False,Wasserstein distance (normed),0.1,0.051460107130916456
S2_r25_n1000_s1024,Fwd IAT Max,False,Wasserstein distance (normed),0.1,0.038931056954065305
S2_r25_n1000_s1024,Fwd IAT Mean,False,Wasserstein distance (normed),0.1,0.044875019836331284
S2_r25_n1000_s1024,Fwd IAT Min,False,Wasserstein distance (normed),0.1,0.04327570802346929
S2_r25_n1000_s1024,Fwd IAT Std,False,Wasserstein distance (normed),0.1,0.05236974868568251
S2_r25_n1000_s1024,Fwd IAT Total,False,Wasserstein distance (normed),0.1,0.03354820035301302
S2_r25_n1000_s1024,Fwd Packet Length Max,False,Wasserstein distance (normed),0.1,0.03306633444974347
S2_r25_n1000_s1024,Fwd Packet Length Mean,False,Wasserstein distance (normed),0.1,0.035707666352635885
S2_r25_n1000_s1024,Fwd Packet Length Min,False,Wasserstein distance (normed),0.1,0.027840869457453343
S2_r25_n1000_s1024,Fwd Packet Length Std,False,Wasserstein distance (normed),0.1,0.03492342716845614
S2_r25_n1000_s1024,Fwd Packets/s,False,Wasserstein distance (normed),0.1,0.036181858710634035
S2_r25_n1000_s1024,Idle Max,False,Wasserstein distance (normed),0.1,0.04540779019553444
S2_r25_n1000_s1024,Idle Mean,False,Wasserstein distance (normed),0.1,0.040819485309957014
S2_r25_n1000_s1024,Idle Min,False,Wasserstein distance (normed),0.1,0.032460539884327635
S2_r25_n1000_s1024,Init_Win_bytes_backward,False,Wasserstein distance (normed),0.1,0.08701950309796237
S2_r25_n1000_s1024,Init_Win_bytes_forward,True,Wasserstein distance (normed),0.1,0.11067033651279377
S2_r25_n1000_s1024,Max Packet Length,True,Wasserstein distance (normed),0.1,0.11070300813428706
S2_r25_n1000_s1024,Min Packet Length,False,Wasserstein distance (normed),0.1,0.03674348107030076
S2_r25_n1000_s1024,PSH Flag Count,False,Jensen-Shannon distance,0.1,0.02257669185878542
S2_r25_n1000_s1024,Packet Length Mean,True,Wasserstein distance (normed),0.1,0.1259745086209883
S2_r25_n1000_s1024,Packet Length Std,True,Wasserstein distance (normed),0.1,0.11287541873411683
S2_r25_n1000_s1024,Packet Length Variance,False,Wasserstein distance (normed),0.1,0.09250823994591825
S2_r25_n1000_s1024,Subflow Fwd Bytes,False,Wasserstein distance (normed),0.1,0.034760017782004965
S2_r25_n1000_s1024,Total Fwd Packets,False,Wasserstein distance (normed),0.1,0.0599681804995117
S2_r25_n1000_s1024,Total Length of Fwd Packets,False,Wasserstein distance (normed),0.1,0.034760017782004965
S2_r25_n1000_s1024,act_data_pkt_fwd,False,Wasserstein distance (normed),0.1,0.06446367069393008
S2_r25_n1000_s1024,min_seg_size_forward,True,Wasserstein distance (normed),0.1,0.15819641713726382
S2_r50_n500_s42,ACK Flag Count,False,Jensen-Shannon distance,0.1,0.027348568789548847
S2_r50_n500_s42,Active Max,False,Wasserstein distance (normed),0.1,0.0723542226595969
S2_r50_n500_s42,Active Mean,False,Wasserstein distance (normed),0.1,0.0624897901858582
S2_r50_n500_s42,Active Min,False,Wasserstein distance (normed),0.1,0.08094413413895186
S2_r50_n500_s42,Average Packet Size,True,Wasserstein distance (normed),0.1,0.24108713354349234
S2_r50_n500_s42,Bwd Header Length,True,Wasserstein distance (normed),0.1,0.13721537765230776
S2_r50_n500_s42,Bwd IAT Max,False,Wasserstein distance (normed),0.1,0.0633724469413839
S2_r50_n500_s42,Bwd IAT Mean,False,Wasserstein distance (normed),0.1,0.07778561377638332
S2_r50_n500_s42,Bwd IAT Min,False,Wasserstein distance (normed),0.1,0.0785825135736112
S2_r50_n500_s42,Bwd IAT Std,False,Wasserstein distance (normed),0.1,0.023828511802687927
S2_r50_n500_s42,Bwd IAT Total,False,Wasserstein distance (normed),0.1,0.03639198525646023
S2_r50_n500_s42,Bwd Packet Length Max,True,Wasserstein distance (normed),0.1,0.2229424124942001
S2_r50_n500_s42,Bwd Packet Length Mean,True,Wasserstein distance (normed),0.1,0.25119933996586674
S2_r50_n500_s42,Bwd Packet Length Min,False,Wasserstein distance (normed),0.1,0.07327679237073877
S2_r50_n500_s42,Bwd Packet Length Std,True,Wasserstein distance (normed),0.1,0.23406851651659336
S2_r50_n500_s42,Bwd Packets/s,False,Wasserstein distance (normed),0.1,0.07191489603884825
S2_r50_n500_s42,Destination Port,False,Wasserstein distance (normed),0.1,0.05396440158023998
S2_r50_n500_s42,FIN Flag Count,False,Jensen-Shannon distance,0.1,0.010059493360239136
S2_r50_n500_s42,Flow Bytes/s,True,Wasserstein distance (normed),0.1,0.1368787445250433
S2_r50_n500_s42,Flow Duration,False,Wasserstein distance (normed),0.1,0.07311655558896744
S2_r50_n500_s42,Flow IAT Max,True,Wasserstein distance (normed),0.1,0.11080040053755098
S2_r50_n500_s42,Flow IAT Mean,False,Wasserstein distance (normed),0.1,0.0840870841405902
S2_r50_n500_s42,Flow IAT Min,False,Wasserstein distance (normed),0.1,0.017553158657314216
S2_r50_n500_s42,Flow IAT Std,True,Wasserstein distance (normed),0.1,0.1162067451551994
S2_r50_n500_s42,Flow Packets/s,False,Wasserstein distance (normed),0.1,0.05573453393388185
S2_r50_n500_s42,Fwd Header Length,True,Wasserstein distance (normed),0.1,0.15169237541751443
S2_r50_n500_s42,Fwd IAT Max,True,Wasserstein distance (normed),0.1,0.11008656127768329
S2_r50_n500_s42,Fwd IAT Mean,False,Wasserstein distance (normed),0.1,0.09000836283068163
S2_r50_n500_s42,Fwd IAT Min,False,Wasserstein distance (normed),0.1,0.06862657835369812
S2_r50_n500_s42,Fwd IAT Std,False,Wasserstein distance (normed),0.1,0.09310797514650841
S2_r50_n500_s42,Fwd IAT Total,False,Wasserstein distance (normed),0.1,0.07225968172405775
S2_r50_n500_s42,Fwd Packet Length Max,False,Wasserstein distance (normed),0.1,0.0625468270870455
S2_r50_n500_s42,Fwd Packet Length Mean,False,Wasserstein distance (normed),0.1,0.05389776874278949
S2_r50_n500_s42,Fwd Packet Length Min,False,Wasserstein distance (normed),0.1,0.09639739263333266
S2_r50_n500_s42,Fwd Packet Length Std,False,Wasserstein distance (normed),0.1,0.052893884063999336
S2_r50_n500_s42,Fwd Packets/s,False,Wasserstein distance (normed),0.1,0.04591951528808844
S2_r50_n500_s42,Idle Max,True,Wasserstein distance (normed),0.1,0.12304058331886776
S2_r50_n500_s42,Idle Mean,True,Wasserstein distance (normed),0.1,0.1229270737056132
S2_r50_n500_s42,Idle Min,True,Wasserstein distance (normed),0.1,0.10894147553999696
S2_r50_n500_s42,Init_Win_bytes_backward,True,Wasserstein distance (normed),0.1,0.15538760197657753
S2_r50_n500_s42,Init_Win_bytes_forward,True,Wasserstein distance (normed),0.1,0.2367721716227776
S2_r50_n500_s42,Max Packet Length,True,Wasserstein distance (normed),0.1,0.2138482580488504
S2_r50_n500_s42,Min Packet Length,False,Wasserstein distance (normed),0.1,0.08923824288663296
S2_r50_n500_s42,PSH Flag Count,False,Jensen-Shannon distance,0.1,0.048186846103108326
S2_r50_n500_s42,Packet Length Mean,True,Wasserstein distance (normed),0.1,0.23811007439003565
S2_r50_n500_s42,Packet Length Std,True,Wasserstein distance (normed),0.1,0.23130886807456918
S2_r50_n500_s42,Packet Length Variance,True,Wasserstein distance (normed),0.1,0.2002989304157096
S2_r50_n500_s42,Subflow Fwd Bytes,False,Wasserstein distance (normed),0.1,0.07395211676740067
S2_r50_n500_s42,Total Fwd Packets,True,Wasserstein distance (normed),0.1,0.11251747871351399
S2_r50_n500_s42,Total Length of Fwd Packets,False,Wasserstein distance (normed),0.1,0.07395211676740067
S2_r50_n500_s42,act_data_pkt_fwd,False,Wasserstein distance (normed),0.1,0.09656522376382574
S2_r50_n500_s42,min_seg_size_forward,True,Wasserstein distance (normed),0.1,0.3032878056359376
S2_r50_n500_s123,ACK Flag Count,False,Jensen-Shannon distance,0.1,0.04405342614505267
S2_r50_n500_s123,Active Max,False,Wasserstein distance (normed),0.1,0.033760163542450705
S2_r50_n500_s123,Active Mean,False,Wasserstein distance (normed),0.1,0.032727818056027036
S2_r50_n500_s123,Active Min,False,Wasserstein distance (normed),0.1,0.027834967184863783
S2_r50_n500_s123,Average Packet Size,True,Wasserstein distance (normed),0.1,0.25612504859136054
S2_r50_n500_s123,Bwd Header Length,False,Wasserstein distance (normed),0.1,0.08632331730693726
S2_r50_n500_s123,Bwd IAT Max,False,Wasserstein distance (normed),0.1,0.06683027278220768
S2_r50_n500_s123,Bwd IAT Mean,False,Wasserstein distance (normed),0.1,0.0762742687232537
S2_r50_n500_s123,Bwd IAT Min,False,Wasserstein distance (normed),0.1,0.07522184580495926
S2_r50_n500_s123,Bwd IAT Std,False,Wasserstein distance (normed),0.1,0.04503464570746004
S2_r50_n500_s123,Bwd IAT Total,False,Wasserstein distance (normed),0.1,0.037564985685142535
S2_r50_n500_s123,Bwd Packet Length Max,True,Wasserstein distance (normed),0.1,0.23493230912327953
S2_r50_n500_s123,Bwd Packet Length Mean,True,Wasserstein distance (normed),0.1,0.25098770012535576
S2_r50_n500_s123,Bwd Packet Length Min,False,Wasserstein distance (normed),0.1,0.06819235635756929
S2_r50_n500_s123,Bwd Packet Length Std,True,Wasserstein distance (normed),0.1,0.22946031477581091
S2_r50_n500_s123,Bwd Packets/s,True,Wasserstein distance (normed),0.1,0.11236265193505361
S2_r50_n500_s123,Destination Port,False,Wasserstein distance (normed),0.1,0.04433465428790384
S2_r50_n500_s123,FIN Flag Count,False,Jensen-Shannon distance,0.1,0.03261659491910333
S2_r50_n500_s123,Flow Bytes/s,True,Wasserstein distance (normed),0.1,0.5588160006966608
S2_r50_n500_s123,Flow Duration,False,Wasserstein distance (normed),0.1,0.06890518653577259
S2_r50_n500_s123,Flow IAT Max,True,Wasserstein distance (normed),0.1,0.11622047194506942
S2_r50_n500_s123,Flow IAT Mean,True,Wasserstein distance (normed),0.1,0.10041278670062735
S2_r50_n500_s123,Flow IAT Min,False,Wasserstein distance (normed),0.1,0.07927082913457204
S2_r50_n500_s123,Flow IAT Std,True,Wasserstein distance (normed),0.1,0.13622028982299578
S2_r50_n500_s123,Flow Packets/s,False,Wasserstein distance (normed),0.1,0.07778133487055246
S2_r50_n500_s123,Fwd Header Length,False,Wasserstein distance (normed),0.1,0.08466692422916489
S2_r50_n500_s123,Fwd IAT Max,True,Wasserstein distance (normed),0.1,0.12344848984785554
S2_r50_n500_s123,Fwd IAT Mean,False,Wasserstein distance (normed),0.1,0.07916178416077305
S2_r50_n500_s123,Fwd IAT Min,False,Wasserstein distance (normed),0.1,0.046668650476871125
S2_r50_n500_s123,Fwd IAT Std,True,Wasserstein distance (normed),0.1,0.11840739802002805
S2_r50_n500_s123,Fwd IAT Total,False,Wasserstein distance (normed),0.1,0.07693780717384528
S2_r50_n500_s123,Fwd Packet Length Max,False,Wasserstein distance (normed),0.1,0.05485946350643335
S2_r50_n500_s123,Fwd Packet Length Mean,False,Wasserstein distance (normed),0.1,0.05861467980138851
S2_r50_n500_s123,Fwd Packet Length Min,False,Wasserstein distance (normed),0.1,0.04886287169520951
S2_r50_n500_s123,Fwd Packet Length Std,False,Wasserstein distance (normed),0.1,0.04620595034168825
S2_r50_n500_s123,Fwd Packets/s,False,Wasserstein distance (normed),0.1,0.06682706872708973
S2_r50_n500_s123,Idle Max,True,Wasserstein distance (normed),0.1,0.1424559285639038
S2_r50_n500_s123,Idle Mean,True,Wasserstein distance (normed),0.1,0.13615030289185642
S2_r50_n500_s123,Idle Min,True,Wasserstein distance (normed),0.1,0.11193017606531823
S2_r50_n500_s123,Init_Win_bytes_backward,True,Wasserstein distance (normed),0.1,0.1646535747174799
S2_r50_n500_s123,Init_Win_bytes_forward,True,Wasserstein distance (normed),0.1,0.23920493846094174
S2_r50_n500_s123,Max Packet Length,True,Wasserstein distance (normed),0.1,0.238461136767398
S2_r50_n500_s123,Min Packet Length,False,Wasserstein distance (normed),0.1,0.04038003751234495
S2_r50_n500_s123,PSH Flag Count,False,Jensen-Shannon distance,0.1,0.040922117189067714
S2_r50_n500_s123,Packet Length Mean,True,Wasserstein distance (normed),0.1,0.2558564741181104
S2_r50_n500_s123,Packet Length Std,True,Wasserstein distance (normed),0.1,0.24117681032333502
S2_r50_n500_s123,Packet Length Variance,True,Wasserstein distance (normed),0.1,0.20508119914350081
S2_r50_n500_s123,Subflow Fwd Bytes,False,Wasserstein distance (normed),0.1,0.034854879223417165
S2_r50_n500_s123,Total Fwd Packets,False,Wasserstein distance (normed),0.1,0.0593108111830742
S2_r50_n500_s123,Total Length of Fwd Packets,False,Wasserstein distance (normed),0.1,0.034854879223417165
S2_r50_n500_s123,act_data_pkt_fwd,False,Wasserstein distance (normed),0.1,0.09286520709505533
S2_r50_n500_s123,min_seg_size_forward,True,Wasserstein distance (normed),0.1,0.35570792019029723
S2_r50_n500_s456,ACK Flag Count,False,Jensen-Shannon distance,0.1,0.04866312342620651
S2_r50_n500_s456,Active Max,False,Wasserstein distance (normed),0.1,0.039823269716618
S2_r50_n500_s456,Active Mean,False,Wasserstein distance (normed),0.1,0.0597684844291007
S2_r50_n500_s456,Active Min,False,Wasserstein distance (normed),0.1,0.0719409357417287
S2_r50_n500_s456,Average Packet Size,True,Wasserstein distance (normed),0.1,0.2673060142294694
S2_r50_n500_s456,Bwd Header Length,True,Wasserstein distance (normed),0.1,0.13649766144106737
S2_r50_n500_s456,Bwd IAT Max,False,Wasserstein distance (normed),0.1,0.061016765845883704
S2_r50_n500_s456,Bwd IAT Mean,False,Wasserstein distance (normed),0.1,0.06612262413401017
S2_r50_n500_s456,Bwd IAT Min,False,Wasserstein distance (normed),0.1,0.06062768396859442
S2_r50_n500_s456,Bwd IAT Std,False,Wasserstein distance (normed),0.1,0.04162575723799237
S2_r50_n500_s456,Bwd IAT Total,False,Wasserstein distance (normed),0.1,0.0372300928568054
S2_r50_n500_s456,Bwd Packet Length Max,True,Wasserstein distance (normed),0.1,0.2443847595426328
S2_r50_n500_s456,Bwd Packet Length Mean,True,Wasserstein distance (normed),0.1,0.26535484448139457
S2_r50_n500_s456,Bwd Packet Length Min,False,Wasserstein distance (normed),0.1,0.03421116847981536
S2_r50_n500_s456,Bwd Packet Length Std,True,Wasserstein distance (normed),0.1,0.2459968649064089
S2_r50_n500_s456,Bwd Packets/s,False,Wasserstein distance (normed),0.1,0.09232067778981393
S2_r50_n500_s456,Destination Port,False,Wasserstein distance (normed),0.1,0.03490999010269154
S2_r50_n500_s456,FIN Flag Count,False,Jensen-Shannon distance,0.1,0.0015682575128543685
S2_r50_n500_s456,Flow Bytes/s,False,Wasserstein distance (normed),0.1,0.04891532441390873
S2_r50_n500_s456,Flow Duration,False,Wasserstein distance (normed),0.1,0.068334175046595
S2_r50_n500_s456,Flow IAT Max,True,Wasserstein distance (normed),0.1,0.13270841092820332
S2_r50_n500_s456,Flow IAT Mean,True,Wasserstein distance (normed),0.1,0.10151743020330624
S2_r50_n500_s456,Flow IAT Min,False,Wasserstein distance (normed),0.1,0.043375335985338236
S2_r50_n500_s456,Flow IAT Std,True,Wasserstein distance (normed),0.1,0.12291774665083961
S2_r50_n500_s456,Flow Packets/s,False,Wasserstein distance (normed),0.1,0.06338431637611935
S2_r50_n500_s456,Fwd Header Length,True,Wasserstein distance (normed),0.1,0.21078220032918502
S2_r50_n500_s456,Fwd IAT Max,True,Wasserstein distance (normed),0.1,0.13015843730286578
S2_r50_n500_s456,Fwd IAT Mean,False,Wasserstein distance (normed),0.1,0.09362272469841948
S2_r50_n500_s456,Fwd IAT Min,False,Wasserstein distance (normed),0.1,0.0722460508850374
S2_r50_n500_s456,Fwd IAT Std,True,Wasserstein distance (normed),0.1,0.10676461048442176
S2_r50_n500_s456,Fwd IAT Total,False,Wasserstein distance (normed),0.1,0.0670218975979792
S2_r50_n500_s456,Fwd Packet Length Max,False,Wasserstein distance (normed),0.1,0.04921747271658682
S2_r50_n500_s456,Fwd Packet Length Mean,False,Wasserstein distance (normed),0.1,0.046310327011633345
S2_r50_n500_s456,Fwd Packet Length Min,False,Wasserstein distance (normed),0.1,0.030000290944610906
S2_r50_n500_s456,Fwd Packet Length Std,False,Wasserstein distance (normed),0.1,0.04567337418157384
S2_r50_n500_s456,Fwd Packets/s,False,Wasserstein distance (normed),0.1,0.06509681983042573
S2_r50_n500_s456,Idle Max,True,Wasserstein distance (normed),0.1,0.1367204223976872
S2_r50_n500_s456,Idle Mean,True,Wasserstein distance (normed),0.1,0.1312971502054769
S2_r50_n500_s456,Idle Min,True,Wasserstein distance (normed),0.1,0.11142985941110677
S2_r50_n500_s456,Init_Win_bytes_backward,True,Wasserstein distance (normed),0.1,0.13164386581799337
S2_r50_n500_s456,Init_Win_bytes_forward,True,Wasserstein distance (normed),0.1,0.21410896826648937
S2_r50_n500_s456,Max Packet Length,True,Wasserstein distance (normed),0.1,0.24588190145325803
S2_r50_n500_s456,Min Packet Length,False,Wasserstein distance (normed),0.1,0.048180807605671276
S2_r50_n500_s456,PSH Flag Count,False,Jensen-Shannon distance,0.1,0.045285571832472775
S2_r50_n500_s456,Packet Length Mean,True,Wasserstein distance (normed),0.1,0.2664321416938762
S2_r50_n500_s456,Packet Length Std,True,Wasserstein distance (normed),0.1,0.25746817228093005
S2_r50_n500_s456,Packet Length Variance,True,Wasserstein distance (normed),0.1,0.21966516978205428
S2_r50_n500_s456,Subflow Fwd Bytes,False,Wasserstein distance (normed),0.1,0.06664123906502185
S2_r50_n500_s456,Total Fwd Packets,True,Wasserstein distance (normed),0.1,0.16612661725401848
S2_r50_n500_s456,Total Length of Fwd Packets,False,Wasserstein distance (normed),0.1,0.06664123906502185
S2_r50_n500_s456,act_data_pkt_fwd,True,Wasserstein distance (normed),0.1,0.2625969576610464
S2_r50_n500_s456,min_seg_size_forward,True,Wasserstein distance (normed),0.1,0.3233465229399018
S2_r50_n500_s789,ACK Flag Count,False,Jensen-Shannon distance,0.1,0.061080748235243426
S2_r50_n500_s789,Active Max,False,Wasserstein distance (normed),0.1,0.03156229114713994
S2_r50_n500_s789,Active Mean,False,Wasserstein distance (normed),0.1,0.03842148096698035
S2_r50_n500_s789,Active Min,False,Wasserstein distance (normed),0.1,0.0332843701407642
S2_r50_n500_s789,Average Packet Size,True,Wasserstein distance (normed),0.1,0.18582549213748822
S2_r50_n500_s789,Bwd Header Length,True,Wasserstein distance (normed),0.1,0.25601236303366065
S2_r50_n500_s789,Bwd IAT Max,False,Wasserstein distance (normed),0.1,0.056771557809455656
S2_r50_n500_s789,Bwd IAT Mean,False,Wasserstein distance (normed),0.1,0.052638849253743035
S2_r50_n500_s789,Bwd IAT Min,False,Wasserstein distance (normed),0.1,0.04746899272786219
S2_r50_n500_s789,Bwd IAT Std,False,Wasserstein distance (normed),0.1,0.04373546972090607
S2_r50_n500_s789,Bwd IAT Total,False,Wasserstein distance (normed),0.1,0.026050138977054715
S2_r50_n500_s789,Bwd Packet Length Max,True,Wasserstein distance (normed),0.1,0.19654816744362172
S2_r50_n500_s789,Bwd Packet Length Mean,True,Wasserstein distance (normed),0.1,0.21130874786187498
S2_r50_n500_s789,Bwd Packet Length Min,False,Wasserstein distance (normed),0.1,0.03613803298358407
S2_r50_n500_s789,Bwd Packet Length Std,True,Wasserstein distance (normed),0.1,0.19891044054490936
S2_r50_n500_s789,Bwd Packets/s,False,Wasserstein distance (normed),0.1,0.08650624613274258
S2_r50_n500_s789,Destination Port,False,Wasserstein distance (normed),0.1,0.02462549499162343
S2_r50_n500_s789,FIN Flag Count,False,Jensen-Shannon distance,0.1,0.010059493360239136
S2_r50_n500_s789,Flow Bytes/s,True,Wasserstein distance (normed),0.1,0.2670708765172775
S2_r50_n500_s789,Flow Duration,False,Wasserstein distance (normed),0.1,0.08077487375250464
S2_r50_n500_s789,Flow IAT Max,True,Wasserstein distance (normed),0.1,0.13505825034315186
S2_r50_n500_s789,Flow IAT Mean,False,Wasserstein distance (normed),0.1,0.07162439527716152
S2_r50_n500_s789,Flow IAT Min,False,Wasserstein distance (normed),0.1,0.05696620475390015
S2_r50_n500_s789,Flow IAT Std,True,Wasserstein distance (normed),0.1,0.13797379119369518
S2_r50_n500_s789,Flow Packets/s,False,Wasserstein distance (normed),0.1,0.07044300779766115
S2_r50_n500_s789,Fwd Header Length,True,Wasserstein distance (normed),0.1,0.37862249554269867
S2_r50_n500_s789,Fwd IAT Max,True,Wasserstein distance (normed),0.1,0.1324214762895645
S2_r50_n500_s789,Fwd IAT Mean,False,Wasserstein distance (normed),0.1,0.0674746588883055
S2_r50_n500_s789,Fwd IAT Min,False,Wasserstein distance (normed),0.1,0.028461568974011756
S2_r50_n500_s789,Fwd IAT Std,True,Wasserstein distance (normed),0.1,0.12876096420428218
S2_r50_n500_s789,Fwd IAT Total,False,Wasserstein distance (normed),0.1,0.07977547059905125
S2_r50_n500_s789,Fwd Packet Length Max,False,Wasserstein distance (normed),0.1,0.06903041176998277
S2_r50_n500_s789,Fwd Packet Length Mean,False,Wasserstein distance (normed),0.1,0.08396123722345449
S2_r50_n500_s789,Fwd Packet Length Min,True,Wasserstein distance (normed),0.1,0.11744664309174555
S2_r50_n500_s789,Fwd Packet Length Std,False,Wasserstein distance (normed),0.1,0.05827021647498101
S2_r50_n500_s789,Fwd Packets/s,False,Wasserstein distance (normed),0.1,0.06341237094402494
S2_r50_n500_s789,Idle Max,True,Wasserstein distance (normed),0.1,0.1483274552396264
S2_r50_n500_s789,Idle Mean,True,Wasserstein distance (normed),0.1,0.1397255750005222
S2_r50_n500_s789,Idle Min,True,Wasserstein distance (normed),0.1,0.11500154906173264
S2_r50_n500_s789,Init_Win_bytes_backward,True,Wasserstein distance (normed),0.1,0.11073844229974106
S2_r50_n500_s789,Init_Win_bytes_forward,True,Wasserstein distance (normed),0.1,0.18794712902468041
S2_r50_n500_s789,Max Packet Length,True,Wasserstein distance (normed),0.1,0.19621954893537377
S2_r50_n500_s789,Min Packet Length,True,Wasserstein distance (normed),0.1,0.11476544300921891
S2_r50_n500_s789,PSH Flag Count,False,Jensen-Shannon distance,0.1,0.05541460191179822
S2_r50_n500_s789,Packet Length Mean,True,Wasserstein distance (normed),0.1,0.18565373963468948
S2_r50_n500_s789,Packet Length Std,True,Wasserstein distance (normed),0.1,0.19844998815441503
S2_r50_n500_s789,Packet Length Variance,True,Wasserstein distance (normed),0.1,0.17983182541397605
S2_r50_n500_s789,Subflow Fwd Bytes,True,Wasserstein distance (normed),0.1,0.11299908961061025
S2_r50_n500_s789,Total Fwd Packets,True,Wasserstein distance (normed),0.1,0.34227476265862616
S2_r50_n500_s789,Total Length of Fwd Packets,True,Wasserstein distance (normed),0.1,0.11299908961061025
S2_r50_n500_s789,act_data_pkt_fwd,True,Wasserstein distance (normed),0.1,0.532333384105495
S2_r50_n500_s789,min_seg_size_forward,True,Wasserstein distance (normed),0.1,0.26477506841232656
S2_r50_n500_s1024,ACK Flag Count,False,Jensen-Shannon distance,0.1,0.03642331412050424
S2_r50_n500_s1024,Active Max,False,Wasserstein distance (normed),0.1,0.055000463275730556
S2_r50_n500_s1024,Active Mean,False,Wasserstein distance (normed),0.1,0.048616230036268325
S2_r50_n500_s1024,Active Min,False,Wasserstein distance (normed),0.1,0.03792745613916127
S2_r50_n500_s1024,Average Packet Size,True,Wasserstein distance (normed),0.1,0.28546711127940155
S2_r50_n500_s1024,Bwd Header Length,True,Wasserstein distance (normed),0.1,0.2115947010105211
S2_r50_n500_s1024,Bwd IAT Max,False,Wasserstein distance (normed),0.1,0.042658638041965936
S2_r50_n500_s1024,Bwd IAT Mean,False,Wasserstein distance (normed),0.1,0.03809481988445091
S2_r50_n500_s1024,Bwd IAT Min,False,Wasserstein distance (normed),0.1,0.026419878123310852
S2_r50_n500_s1024,Bwd IAT Std,False,Wasserstein distance (normed),0.1,0.0660580760491056
S2_r50_n500_s1024,Bwd IAT Total,False,Wasserstein distance (normed),0.1,0.03272084985140475
S2_r50_n500_s1024,Bwd Packet Length Max,True,Wasserstein distance (normed),0.1,0.24562431265455203
S2_r50_n500_s1024,Bwd Packet Length Mean,True,Wasserstein distance (normed),0.1,0.2787511765008395
S2_r50_n500_s1024,Bwd Packet Length Min,False,Wasserstein distance (normed),0.1,0.0825816832163581
S2_r50_n500_s1024,Bwd Packet Length Std,True,Wasserstein distance (normed),0.1,0.24561028836423396
S2_r50_n500_s1024,Bwd Packets/s,True,Wasserstein distance (normed),0.1,0.1905083835323761
S2_r50_n500_s1024,Destination Port,False,Wasserstein distance (normed),0.1,0.06842001073708351
S2_r50_n500_s1024,FIN Flag Count,False,Jensen-Shannon distance,0.1,0.020034754195753835
S2_r50_n500_s1024,Flow Bytes/s,False,Wasserstein distance (normed),0.1,0.03864031469377177
S2_r50_n500_s1024,Flow Duration,False,Wasserstein distance (normed),0.1,0.07362721536536379
S2_r50_n500_s1024,Flow IAT Max,True,Wasserstein distance (normed),0.1,0.12890863701837144
S2_r50_n500_s1024,Flow IAT Mean,False,Wasserstein distance (normed),0.1,0.08383694966182895
S2_r50_n500_s1024,Flow IAT Min,False,Wasserstein distance (normed),0.1,0.017204979196601775
S2_r50_n500_s1024,Flow IAT Std,True,Wasserstein distance (normed),0.1,0.12963938733703423
S2_r50_n500_s1024,Flow Packets/s,False,Wasserstein distance (normed),0.1,0.08655516439897847
S2_r50_n500_s1024,Fwd Header Length,True,Wasserstein distance (normed),0.1,0.199486079251667
S2_r50_n500_s1024,Fwd IAT Max,True,Wasserstein distance (normed),0.1,0.13600617159804934
S2_r50_n500_s1024,Fwd IAT Mean,False,Wasserstein distance (normed),0.1,0.07229860614647116
S2_r50_n500_s1024,Fwd IAT Min,False,Wasserstein distance (normed),0.1,0.033891885250027606
S2_r50_n500_s1024,Fwd IAT Std,True,Wasserstein distance (normed),0.1,0.13395397462493397
S2_r50_n500_s1024,Fwd IAT Total,False,Wasserstein distance (normed),0.1,0.08000145180846753
S2_r50_n500_s1024,Fwd Packet Length Max,False,Wasserstein distance (normed),0.1,0.06959970982508414
S2_r50_n500_s1024,Fwd Packet Length Mean,False,Wasserstein distance (normed),0.1,0.07247911782897966
S2_r50_n500_s1024,Fwd Packet Length Min,False,Wasserstein distance (normed),0.1,0.04683287925617811
S2_r50_n500_s1024,Fwd Packet Length Std,False,Wasserstein distance (normed),0.1,0.07206863706654998
S2_r50_n500_s1024,Fwd Packets/s,False,Wasserstein distance (normed),0.1,0.06321712000014482
S2_r50_n500_s1024,Idle Max,True,Wasserstein distance (normed),0.1,0.139729718464956
S2_r50_n500_s1024,Idle Mean,True,Wasserstein distance (normed),0.1,0.12565187822413287
S2_r50_n500_s1024,Idle Min,False,Wasserstein distance (normed),0.1,0.09586813715023905
S2_r50_n500_s1024,Init_Win_bytes_backward,True,Wasserstein distance (normed),0.1,0.153194010213189
S2_r50_n500_s1024,Init_Win_bytes_forward,True,Wasserstein distance (normed),0.1,0.23667491241239222
S2_r50_n500_s1024,Max Packet Length,True,Wasserstein distance (normed),0.1,0.2576226595700851
S2_r50_n500_s1024,Min Packet Length,False,Wasserstein distance (normed),0.1,0.0490222069393207
S2_r50_n500_s1024,PSH Flag Count,False,Jensen-Shannon distance,0.1,0.03946444868779905
S2_r50_n500_s1024,Packet Length Mean,True,Wasserstein distance (normed),0.1,0.2849401419430528
S2_r50_n500_s1024,Packet Length Std,True,Wasserstein distance (normed),0.1,0.26674607020568275
S2_r50_n500_s1024,Packet Length Variance,True,Wasserstein distance (normed),0.1,0.21985975124436763
S2_r50_n500_s1024,Subflow Fwd Bytes,False,Wasserstein distance (normed),0.1,0.04895711555302134
S2_r50_n500_s1024,Total Fwd Packets,True,Wasserstein distance (normed),0.1,0.11943998008661284
S2_r50_n500_s1024,Total Length of Fwd Packets,False,Wasserstein distance (normed),0.1,0.04895711555302134
S2_r50_n500_s1024,act_data_pkt_fwd,False,Wasserstein distance (normed),0.1,0.07394822046458113
S2_r50_n500_s1024,min_seg_size_forward,True,Wasserstein distance (normed),0.1,0.3554404706262444
S2_r50_n1000_s42,ACK Flag Count,False,Jensen-Shannon distance,0.1,0.05795855146317158
S2_r50_n1000_s42,Active Max,False,Wasserstein distance (normed),0.1,0.05812834091133907
S2_r50_n1000_s42,Active Mean,False,Wasserstein distance (normed),0.1,0.07539719301103243
S2_r50_n1000_s42,Active Min,False,Wasserstein distance (normed),0.1,0.07988923324732881
S2_r50_n1000_s42,Average Packet Size,True,Wasserstein distance (normed),0.1,0.20189267926594076
S2_r50_n1000_s42,Bwd Header Length,True,Wasserstein distance (normed),0.1,0.11980178807708776
S2_r50_n1000_s42,Bwd IAT Max,False,Wasserstein distance (normed),0.1,0.05099637556183976
S2_r50_n1000_s42,Bwd IAT Mean,False,Wasserstein distance (normed),0.1,0.043566233476356075
S2_r50_n1000_s42,Bwd IAT Min,False,Wasserstein distance (normed),0.1,0.029800043911207337
S2_r50_n1000_s42,Bwd IAT Std,False,Wasserstein distance (normed),0.1,0.053997141805417974
S2_r50_n1000_s42,Bwd IAT Total,False,Wasserstein distance (normed),0.1,0.035498038559462215
S2_r50_n1000_s42,Bwd Packet Length Max,True,Wasserstein distance (normed),0.1,0.17753001839701557
S2_r50_n1000_s42,Bwd Packet Length Mean,True,Wasserstein distance (normed),0.1,0.19617965441790985
S2_r50_n1000_s42,Bwd Packet Length Min,False,Wasserstein distance (normed),0.1,0.02866366341654588
S2_r50_n1000_s42,Bwd Packet Length Std,True,Wasserstein distance (normed),0.1,0.18375554116199086
S2_r50_n1000_s42,Bwd Packets/s,True,Wasserstein distance (normed),0.1,0.1419798081955696
S2_r50_n1000_s42,Destination Port,False,Wasserstein distance (normed),0.1,0.02239102317934861
S2_r50_n1000_s42,FIN Flag Count,False,Jensen-Shannon distance,0.1,0.014815608873972317
S2_r50_n1000_s42,Flow Bytes/s,False,Wasserstein distance (normed),0.1,0.02658236279412475
S2_r50_n1000_s42,Flow Duration,False,Wasserstein distance (normed),0.1,0.07578447656032694
S2_r50_n1000_s42,Flow IAT Max,True,Wasserstein distance (normed),0.1,0.10587564812955334
S2_r50_n1000_s42,Flow IAT Mean,False,Wasserstein distance (normed),0.1,0.0896292806130092
S2_r50_n1000_s42,Flow IAT Min,False,Wasserstein distance (normed),0.1,0.0837025897302591
S2_r50_n1000_s42,Flow IAT Std,True,Wasserstein distance (normed),0.1,0.1193783817120459
S2_r50_n1000_s42,Flow Packets/s,False,Wasserstein distance (normed),0.1,0.02860990443626208
S2_r50_n1000_s42,Fwd Header Length,True,Wasserstein distance (normed),0.1,0.11569189396676183
S2_r50_n1000_s42,Fwd IAT Max,True,Wasserstein distance (normed),0.1,0.10327080434644084
S2_r50_n1000_s42,Fwd IAT Mean,False,Wasserstein distance (normed),0.1,0.059042360290930615
S2_r50_n1000_s42,Fwd IAT Min,False,Wasserstein distance (normed),0.1,0.027350684816395424
S2_r50_n1000_s42,Fwd IAT Std,True,Wasserstein distance (normed),0.1,0.102569628635191
S2_r50_n1000_s42,Fwd IAT Total,False,Wasserstein distance (normed),0.1,0.07630220667797344
S2_r50_n1000_s42,Fwd Packet Length Max,False,Wasserstein distance (normed),0.1,0.06561777744521957
S2_r50_n1000_s42,Fwd Packet Length Mean,False,Wasserstein distance (normed),0.1,0.05151518734524396
S2_r50_n1000_s42,Fwd Packet Length Min,False,Wasserstein distance (normed),0.1,0.026924648037823233
S2_r50_n1000_s42,Fwd Packet Length Std,False,Wasserstein distance (normed),0.1,0.05249422506570987
S2_r50_n1000_s42,Fwd Packets/s,False,Wasserstein distance (normed),0.1,0.03256937106169947
S2_r50_n1000_s42,Idle Max,True,Wasserstein distance (normed),0.1,0.12938276799893111
S2_r50_n1000_s42,Idle Mean,True,Wasserstein distance (normed),0.1,0.13242235133074973
S2_r50_n1000_s42,Idle Min,True,Wasserstein distance (normed),0.1,0.12376179022354786
S2_r50_n1000_s42,Init_Win_bytes_backward,True,Wasserstein distance (normed),0.1,0.1915771715029974
S2_r50_n1000_s42,Init_Win_bytes_forward,True,Wasserstein distance (normed),0.1,0.21708624883511163
S2_r50_n1000_s42,Max Packet Length,True,Wasserstein distance (normed),0.1,0.18584872615718412
S2_r50_n1000_s42,Min Packet Length,False,Wasserstein distance (normed),0.1,0.06286251292757236
S2_r50_n1000_s42,PSH Flag Count,False,Jensen-Shannon distance,0.1,0.06762579880473275
S2_r50_n1000_s42,Packet Length Mean,True,Wasserstein distance (normed),0.1,0.20039756679260745
S2_r50_n1000_s42,Packet Length Std,True,Wasserstein distance (normed),0.1,0.19475677165591737
S2_r50_n1000_s42,Packet Length Variance,True,Wasserstein distance (normed),0.1,0.16344412365354055
S2_r50_n1000_s42,Subflow Fwd Bytes,False,Wasserstein distance (normed),0.1,0.0388543940114744
S2_r50_n1000_s42,Total Fwd Packets,False,Wasserstein distance (normed),0.1,0.09872613876865964
S2_r50_n1000_s42,Total Length of Fwd Packets,False,Wasserstein distance (normed),0.1,0.0388543940114744
S2_r50_n1000_s42,act_data_pkt_fwd,True,Wasserstein distance (normed),0.1,0.15785000689726322
S2_r50_n1000_s42,min_seg_size_forward,True,Wasserstein distance (normed),0.1,0.2594260771312695
S2_r50_n1000_s123,ACK Flag Count,False,Jensen-Shannon distance,0.1,0.04558728076852093
S2_r50_n1000_s123,Active Max,False,Wasserstein distance (normed),0.1,0.043334519059426965
S2_r50_n1000_s123,Active Mean,False,Wasserstein distance (normed),0.1,0.0455396605762391
S2_r50_n1000_s123,Active Min,False,Wasserstein distance (normed),0.1,0.04015740432110317
S2_r50_n1000_s123,Average Packet Size,True,Wasserstein distance (normed),0.1,0.23294452612984343
S2_r50_n1000_s123,Bwd Header Length,False,Wasserstein distance (normed),0.1,0.08652966071766931
S2_r50_n1000_s123,Bwd IAT Max,False,Wasserstein distance (normed),0.1,0.07536219854296948
S2_r50_n1000_s123,Bwd IAT Mean,False,Wasserstein distance (normed),0.1,0.05807699416672694
S2_r50_n1000_s123,Bwd IAT Min,False,Wasserstein distance (normed),0.1,0.044231935721136435
S2_r50_n1000_s123,Bwd IAT Std,False,Wasserstein distance (normed),0.1,0.06066239351498513
S2_r50_n1000_s123,Bwd IAT Total,False,Wasserstein distance (normed),0.1,0.06415880361160861
S2_r50_n1000_s123,Bwd Packet Length Max,True,Wasserstein distance (normed),0.1,0.21135677764968347
S2_r50_n1000_s123,Bwd Packet Length Mean,True,Wasserstein distance (normed),0.1,0.23309429975391782
S2_r50_n1000_s123,Bwd Packet Length Min,False,Wasserstein distance (normed),0.1,0.04193105787878543
S2_r50_n1000_s123,Bwd Packet Length Std,True,Wasserstein distance (normed),0.1,0.21058482936029943
S2_r50_n1000_s123,Bwd Packets/s,True,Wasserstein distance (normed),0.1,0.11054911599448713
S2_r50_n1000_s123,Destination Port,False,Wasserstein distance (normed),0.1,0.024815374131696512
S2_r50_n1000_s123,FIN Flag Count,False,Jensen-Shannon distance,0.1,0.009393048096721937
S2_r50_n1000_s123,Flow Bytes/s,False,Wasserstein distance (normed),0.1,0.023006750710327255
S2_r50_n1000_s123,Flow Duration,True,Wasserstein distance (normed),0.1,0.10883092325967055
S2_r50_n1000_s123,Flow IAT Max,True,Wasserstein distance (normed),0.1,0.1341615808558968
S2_r50_n1000_s123,Flow IAT Mean,False,Wasserstein distance (normed),0.1,0.08431658200714096
S2_r50_n1000_s123,Flow IAT Min,False,Wasserstein distance (normed),0.1,0.023390187262408543
S2_r50_n1000_s123,Flow IAT Std,True,Wasserstein distance (normed),0.1,0.1319868735352301
S2_r50_n1000_s123,Flow Packets/s,False,Wasserstein distance (normed),0.1,0.024824236239602036
S2_r50_n1000_s123,Fwd Header Length,True,Wasserstein distance (normed),0.1,0.10244785555488826
S2_r50_n1000_s123,Fwd IAT Max,True,Wasserstein distance (normed),0.1,0.13264978776504455
S2_r50_n1000_s123,Fwd IAT Mean,False,Wasserstein distance (normed),0.1,0.08584332615259171
S2_r50_n1000_s123,Fwd IAT Min,False,Wasserstein distance (normed),0.1,0.049632824919052736
S2_r50_n1000_s123,Fwd IAT Std,True,Wasserstein distance (normed),0.1,0.11641583974504476
S2_r50_n1000_s123,Fwd IAT Total,True,Wasserstein distance (normed),0.1,0.10883960836479015
S2_r50_n1000_s123,Fwd Packet Length Max,False,Wasserstein distance (normed),0.1,0.04421837345156875
S2_r50_n1000_s123,Fwd Packet Length Mean,False,Wasserstein distance (normed),0.1,0.04104636834721154
S2_r50_n1000_s123,Fwd Packet Length Min,False,Wasserstein distance (normed),0.1,0.027653537940430087
S2_r50_n1000_s123,Fwd Packet Length Std,False,Wasserstein distance (normed),0.1,0.0450272252628107
S2_r50_n1000_s123,Fwd Packets/s,False,Wasserstein distance (normed),0.1,0.024333210221266433
S2_r50_n1000_s123,Idle Max,True,Wasserstein distance (normed),0.1,0.14669857964135696
S2_r50_n1000_s123,Idle Mean,True,Wasserstein distance (normed),0.1,0.13300056061229543
S2_r50_n1000_s123,Idle Min,True,Wasserstein distance (normed),0.1,0.1010717174340037
S2_r50_n1000_s123,Init_Win_bytes_backward,True,Wasserstein distance (normed),0.1,0.11982693623911894
S2_r50_n1000_s123,Init_Win_bytes_forward,True,Wasserstein distance (normed),0.1,0.18358663868744596
S2_r50_n1000_s123,Max Packet Length,True,Wasserstein distance (normed),0.1,0.20112820229725004
S2_r50_n1000_s123,Min Packet Length,False,Wasserstein distance (normed),0.1,0.043895375406321026
S2_r50_n1000_s123,PSH Flag Count,False,Jensen-Shannon distance,0.1,0.0321510156264519
S2_r50_n1000_s123,Packet Length Mean,True,Wasserstein distance (normed),0.1,0.23259343283643322
S2_r50_n1000_s123,Packet Length Std,True,Wasserstein distance (normed),0.1,0.21269494506985173
S2_r50_n1000_s123,Packet Length Variance,True,Wasserstein distance (normed),0.1,0.1747973229770261
S2_r50_n1000_s123,Subflow Fwd Bytes,False,Wasserstein distance (normed),0.1,0.05886787339029324
S2_r50_n1000_s123,Total Fwd Packets,False,Wasserstein distance (normed),0.1,0.07972950709364643
S2_r50_n1000_s123,Total Length of Fwd Packets,False,Wasserstein distance (normed),0.1,0.05886787339029324
S2_r50_n1000_s123,act_data_pkt_fwd,True,Wasserstein distance (normed),0.1,0.12230900171273541
S2_r50_n1000_s123,min_seg_size_forward,True,Wasserstein distance (normed),0.1,0.2939270708940877
S2_r50_n1000_s456,ACK Flag Count,False,Jensen-Shannon distance,0.1,0.07369738586514257
S2_r50_n1000_s456,Active Max,False,Wasserstein distance (normed),0.1,0.09044418868633926
S2_r50_n1000_s456,Active Mean,False,Wasserstein distance (normed),0.1,0.08624358907081195
S2_r50_n1000_s456,Active Min,False,Wasserstein distance (normed),0.1,0.07500810947054092
S2_r50_n1000_s456,Average Packet Size,True,Wasserstein distance (normed),0.1,0.19075414594116394
S2_r50_n1000_s456,Bwd Header Length,False,Wasserstein distance (normed),0.1,0.081668628628622
S2_r50_n1000_s456,Bwd IAT Max,False,Wasserstein distance (normed),0.1,0.0602413671897898
S2_r50_n1000_s456,Bwd IAT Mean,False,Wasserstein distance (normed),0.1,0.04847634462373624
S2_r50_n1000_s456,Bwd IAT Min,False,Wasserstein distance (normed),0.1,0.044557441167019485
S2_r50_n1000_s456,Bwd IAT Std,False,Wasserstein distance (normed),0.1,0.03498839092327049
S2_r50_n1000_s456,Bwd IAT Total,False,Wasserstein distance (normed),0.1,0.024522940755388797
S2_r50_n1000_s456,Bwd Packet Length Max,True,Wasserstein distance (normed),0.1,0.1814360520403891
S2_r50_n1000_s456,Bwd Packet Length Mean,True,Wasserstein distance (normed),0.1,0.20365495413402454
S2_r50_n1000_s456,Bwd Packet Length Min,False,Wasserstein distance (normed),0.1,0.04652756207406599
S2_r50_n1000_s456,Bwd Packet Length Std,True,Wasserstein distance (normed),0.1,0.1785895844059815
S2_r50_n1000_s456,Bwd Packets/s,True,Wasserstein distance (normed),0.1,0.13985608210804523
S2_r50_n1000_s456,Destination Port,False,Wasserstein distance (normed),0.1,0.033746613906412495
S2_r50_n1000_s456,FIN Flag Count,False,Jensen-Shannon distance,0.1,0.0015682575128543685
S2_r50_n1000_s456,Flow Bytes/s,False,Wasserstein distance (normed),0.1,0.044928844271219875
S2_r50_n1000_s456,Flow Duration,False,Wasserstein distance (normed),0.1,0.08444964044088335
S2_r50_n1000_s456,Flow IAT Max,True,Wasserstein distance (normed),0.1,0.141884792784246
S2_r50_n1000_s456,Flow IAT Mean,False,Wasserstein distance (normed),0.1,0.09198483215390146
S2_r50_n1000_s456,Flow IAT Min,False,Wasserstein distance (normed),0.1,0.013782240015212525
S2_r50_n1000_s456,Flow IAT Std,True,Wasserstein distance (normed),0.1,0.13303105984022956
S2_r50_n1000_s456,Flow Packets/s,False,Wasserstein distance (normed),0.1,0.027251025156841947
S2_r50_n1000_s456,Fwd Header Length,False,Wasserstein distance (normed),0.1,0.07757479564345886
S2_r50_n1000_s456,Fwd IAT Max,True,Wasserstein distance (normed),0.1,0.1399666258488637
S2_r50_n1000_s456,Fwd IAT Mean,False,Wasserstein distance (normed),0.1,0.08647663133916929
S2_r50_n1000_s456,Fwd IAT Min,False,Wasserstein distance (normed),0.1,0.05540342125043868
S2_r50_n1000_s456,Fwd IAT Std,True,Wasserstein distance (normed),0.1,0.12093949609208646
S2_r50_n1000_s456,Fwd IAT Total,False,Wasserstein distance (normed),0.1,0.08465155279640418
S2_r50_n1000_s456,Fwd Packet Length Max,False,Wasserstein distance (normed),0.1,0.05081550234494164
S2_r50_n1000_s456,Fwd Packet Length Mean,False,Wasserstein distance (normed),0.1,0.03132622828219279
S2_r50_n1000_s456,Fwd Packet Length Min,False,Wasserstein distance (normed),0.1,0.05164900225750296
S2_r50_n1000_s456,Fwd Packet Length Std,False,Wasserstein distance (normed),0.1,0.040081245333120234
S2_r50_n1000_s456,Fwd Packets/s,False,Wasserstein distance (normed),0.1,0.026666028874208998
S2_r50_n1000_s456,Idle Max,True,Wasserstein distance (normed),0.1,0.15301513801358715
S2_r50_n1000_s456,Idle Mean,True,Wasserstein distance (normed),0.1,0.13767617855479572
S2_r50_n1000_s456,Idle Min,True,Wasserstein distance (normed),0.1,0.10494360088819844
S2_r50_n1000_s456,Init_Win_bytes_backward,True,Wasserstein distance (normed),0.1,0.1607788215068243
S2_r50_n1000_s456,Init_Win_bytes_forward,True,Wasserstein distance (normed),0.1,0.2421678369195558
S2_r50_n1000_s456,Max Packet Length,True,Wasserstein distance (normed),0.1,0.1810069813293606
S2_r50_n1000_s456,Min Packet Length,False,Wasserstein distance (normed),0.1,0.05225232472019493
S2_r50_n1000_s456,PSH Flag Count,False,Jensen-Shannon distance,0.1,0.08259713172141706
S2_r50_n1000_s456,Packet Length Mean,True,Wasserstein distance (normed),0.1,0.19266563369907766
S2_r50_n1000_s456,Packet Length Std,True,Wasserstein distance (normed),0.1,0.18384463087047212
S2_r50_n1000_s456,Packet Length Variance,True,Wasserstein distance (normed),0.1,0.15875860491594884
S2_r50_n1000_s456,Subflow Fwd Bytes,False,Wasserstein distance (normed),0.1,0.041378305905421936
S2_r50_n1000_s456,Total Fwd Packets,False,Wasserstein distance (normed),0.1,0.05772775854348964
S2_r50_n1000_s456,Total Length of Fwd Packets,False,Wasserstein distance (normed),0.1,0.041378305905421936
S2_r50_n1000_s456,act_data_pkt_fwd,False,Wasserstein distance (normed),0.1,0.07196792985312647
S2_r50_n1000_s456,min_seg_size_forward,True,Wasserstein distance (normed),0.1,0.2527398380299481
S2_r50_n1000_s789,ACK Flag Count,False,Jensen-Shannon distance,0.1,0.047893134044809056
S2_r50_n1000_s789,Active Max,False,Wasserstein distance (normed),0.1,0.06824815175915488
S2_r50_n1000_s789,Active Mean,False,Wasserstein distance (normed),0.1,0.05332723576349507
S2_r50_n1000_s789,Active Min,False,Wasserstein distance (normed),0.1,0.05895623162350251
S2_r50_n1000_s789,Average Packet Size,True,Wasserstein distance (normed),0.1,0.25176122091900205
S2_r50_n1000_s789,Bwd Header Length,False,Wasserstein distance (normed),0.1,0.09936930468833878
S2_r50_n1000_s789,Bwd IAT Max,False,Wasserstein distance (normed),0.1,0.034780727007985304
S2_r50_n1000_s789,Bwd IAT Mean,False,Wasserstein distance (normed),0.1,0.03291990584875075
S2_r50_n1000_s789,Bwd IAT Min,False,Wasserstein distance (normed),0.1,0.032027276217052175
S2_r50_n1000_s789,Bwd IAT Std,False,Wasserstein distance (normed),0.1,0.04380663457449781
S2_r50_n1000_s789,Bwd IAT Total,False,Wasserstein distance (normed),0.1,0.03254948119160443
S2_r50_n1000_s789,Bwd Packet Length Max,True,Wasserstein distance (normed),0.1,0.23167247661770898
S2_r50_n1000_s789,Bwd Packet Length Mean,True,Wasserstein distance (normed),0.1,0.24926860137130202
S2_r50_n1000_s789,Bwd Packet Length Min,False,Wasserstein distance (normed),0.1,0.02624886709488734
S2_r50_n1000_s789,Bwd Packet Length Std,True,Wasserstein distance (normed),0.1,0.23590075851570874
S2_r50_n1000_s789,Bwd Packets/s,True,Wasserstein distance (normed),0.1,0.11876924744675985
S2_r50_n1000_s789,Destination Port,False,Wasserstein distance (normed),0.1,0.03463627324296198
S2_r50_n1000_s789,FIN Flag Count,False,Jensen-Shannon distance,0.1,0.005666485259895169
S2_r50_n1000_s789,Flow Bytes/s,False,Wasserstein distance (normed),0.1,0.03179942330881009
S2_r50_n1000_s789,Flow Duration,False,Wasserstein distance (normed),0.1,0.06139632883283866
S2_r50_n1000_s789,Flow IAT Max,False,Wasserstein distance (normed),0.1,0.09026323647458492
S2_r50_n1000_s789,Flow IAT Mean,False,Wasserstein distance (normed),0.1,0.051077143510499474
S2_r50_n1000_s789,Flow IAT Min,False,Wasserstein distance (normed),0.1,0.017005586580406816
S2_r50_n1000_s789,Flow IAT Std,False,Wasserstein distance (normed),0.1,0.08281795690594657
S2_r50_n1000_s789,Flow Packets/s,False,Wasserstein distance (normed),0.1,0.055480457560038735
S2_r50_n1000_s789,Fwd Header Length,True,Wasserstein distance (normed),0.1,0.14218222011768478
S2_r50_n1000_s789,Fwd IAT Max,False,Wasserstein distance (normed),0.1,0.08918236517496786
S2_r50_n1000_s789,Fwd IAT Mean,False,Wasserstein distance (normed),0.1,0.036822295829689794
S2_r50_n1000_s789,Fwd IAT Min,False,Wasserstein distance (normed),0.1,0.020646553702456636
S2_r50_n1000_s789,Fwd IAT Std,True,Wasserstein distance (normed),0.1,0.10107969175505406
S2_r50_n1000_s789,Fwd IAT Total,False,Wasserstein distance (normed),0.1,0.0626164866161711
S2_r50_n1000_s789,Fwd Packet Length Max,False,Wasserstein distance (normed),0.1,0.04492697343151032
S2_r50_n1000_s789,Fwd Packet Length Mean,False,Wasserstein distance (normed),0.1,0.04224529260279694
S2_r50_n1000_s789,Fwd Packet Length Min,False,Wasserstein distance (normed),0.1,0.024284976661567592
S2_r50_n1000_s789,Fwd Packet Length Std,False,Wasserstein distance (normed),0.1,0.0492537927513396
S2_r50_n1000_s789,Fwd Packets/s,False,Wasserstein distance (normed),0.1,0.03979557801529954
S2_r50_n1000_s789,Idle Max,True,Wasserstein distance (normed),0.1,0.10023548514002331
S2_r50_n1000_s789,Idle Mean,False,Wasserstein distance (normed),0.1,0.0779818130837043
S2_r50_n1000_s789,Idle Min,False,Wasserstein distance (normed),0.1,0.04173811548882264
S2_r50_n1000_s789,Init_Win_bytes_backward,True,Wasserstein distance (normed),0.1,0.15452351229340938
S2_r50_n1000_s789,Init_Win_bytes_forward,True,Wasserstein distance (normed),0.1,0.24709241536061408
S2_r50_n1000_s789,Max Packet Length,True,Wasserstein distance (normed),0.1,0.23741019969212368
S2_r50_n1000_s789,Min Packet Length,False,Wasserstein distance (normed),0.1,0.033891279939285736
S2_r50_n1000_s789,PSH Flag Count,False,Jensen-Shannon distance,0.1,0.04601145613572801
S2_r50_n1000_s789,Packet Length Mean,True,Wasserstein distance (normed),0.1,0.250197434489786
S2_r50_n1000_s789,Packet Length Std,True,Wasserstein distance (normed),0.1,0.24722953967342481
S2_r50_n1000_s789,Packet Length Variance,True,Wasserstein distance (normed),0.1,0.2244856332798621
S2_r50_n1000_s789,Subflow Fwd Bytes,False,Wasserstein distance (normed),0.1,0.06765066322204147
S2_r50_n1000_s789,Total Fwd Packets,False,Wasserstein distance (normed),0.1,0.09534538228412362
S2_r50_n1000_s789,Total Length of Fwd Packets,False,Wasserstein distance (normed),0.1,0.06765066322204147
S2_r50_n1000_s789,act_data_pkt_fwd,True,Wasserstein distance (normed),0.1,0.10276666015232835
S2_r50_n1000_s789,min_seg_size_forward,True,Wasserstein distance (normed),0.1,0.30729954909673046
S2_r50_n1000_s1024,ACK Flag Count,False,Jensen-Shannon distance,0.1,0.038705639854005054
S2_r50_n1000_s1024,Active Max,False,Wasserstein distance (normed),0.1,0.07728772029397143
S2_r50_n1000_s1024,Active Mean,False,Wasserstein distance (normed),0.1,0.09114721300430803
S2_r50_n1000_s1024,Active Min,False,Wasserstein distance (normed),0.1,0.0875759566829983
S2_r50_n1000_s1024,Average Packet Size,True,Wasserstein distance (normed),0.1,0.27173716193035274
S2_r50_n1000_s1024,Bwd Header Length,False,Wasserstein distance (normed),0.1,0.0813920088388731
S2_r50_n1000_s1024,Bwd IAT Max,False,Wasserstein distance (normed),0.1,0.039759926139507726
S2_r50_n1000_s1024,Bwd IAT Mean,False,Wasserstein distance (normed),0.1,0.059056956179042545
S2_r50_n1000_s1024,Bwd IAT Min,False,Wasserstein distance (normed),0.1,0.06467488760706615
S2_r50_n1000_s1024,Bwd IAT Std,False,Wasserstein distance (normed),0.1,0.026086802868250138
S2_r50_n1000_s1024,Bwd IAT Total,False,Wasserstein distance (normed),0.1,0.025149815297888126
S2_r50_n1000_s1024,Bwd Packet Length Max,True,Wasserstein distance (normed),0.1,0.24972595683884305
S2_r50_n1000_s1024,Bwd Packet Length Mean,True,Wasserstein distance (normed),0.1,0.2579700034027061
S2_r50_n1000_s1024,Bwd Packet Length Min,False,Wasserstein distance (normed),0.1,0.03484827690444857
S2_r50_n1000_s1024,Bwd Packet Length Std,True,Wasserstein distance (normed),0.1,0.24192789133758827
S2_r50_n1000_s1024,Bwd Packets/s,True,Wasserstein distance (normed),0.1,0.12499782203528262
S2_r50_n1000_s1024,Destination Port,False,Wasserstein distance (normed),0.1,0.024037199190314988
S2_r50_n1000_s1024,FIN Flag Count,False,Jensen-Shannon distance,0.1,0.020034754195753835
S2_r50_n1000_s1024,Flow Bytes/s,False,Wasserstein distance (normed),0.1,0.03022375611730409
S2_r50_n1000_s1024,Flow Duration,False,Wasserstein distance (normed),0.1,0.039722078825546576
S2_r50_n1000_s1024,Flow IAT Max,False,Wasserstein distance (normed),0.1,0.04454668698255365
S2_r50_n1000_s1024,Flow IAT Mean,False,Wasserstein distance (normed),0.1,0.051188816933629026
S2_r50_n1000_s1024,Flow IAT Min,False,Wasserstein distance (normed),0.1,0.04256716852585234
S2_r50_n1000_s1024,Flow IAT Std,False,Wasserstein distance (normed),0.1,0.04539271730518485
S2_r50_n1000_s1024,Flow Packets/s,False,Wasserstein distance (normed),0.1,0.05749073726756267
S2_r50_n1000_s1024,Fwd Header Length,False,Wasserstein distance (normed),0.1,0.07258578796724707
S2_r50_n1000_s1024,Fwd IAT Max,False,Wasserstein distance (normed),0.1,0.04257274501372423
S2_r50_n1000_s1024,Fwd IAT Mean,False,Wasserstein distance (normed),0.1,0.0484453874042174
S2_r50_n1000_s1024,Fwd IAT Min,False,Wasserstein distance (normed),0.1,0.04726062522168229
S2_r50_n1000_s1024,Fwd IAT Std,False,Wasserstein distance (normed),0.1,0.05551696589578592
S2_r50_n1000_s1024,Fwd IAT Total,False,Wasserstein distance (normed),0.1,0.038333384486885835
S2_r50_n1000_s1024,Fwd Packet Length Max,False,Wasserstein distance (normed),0.1,0.03357360372321795
S2_r50_n1000_s1024,Fwd Packet Length Mean,False,Wasserstein distance (normed),0.1,0.04310977823436195
S2_r50_n1000_s1024,Fwd Packet Length Min,False,Wasserstein distance (normed),0.1,0.029680124351877765
S2_r50_n1000_s1024,Fwd Packet Length Std,False,Wasserstein distance (normed),0.1,0.031598663670882834
S2_r50_n1000_s1024,Fwd Packets/s,False,Wasserstein distance (normed),0.1,0.04157088419453636
S2_r50_n1000_s1024,Idle Max,False,Wasserstein distance (normed),0.1,0.053327301763652316
S2_r50_n1000_s1024,Idle Mean,False,Wasserstein distance (normed),0.1,0.04625437844200528
S2_r50_n1000_s1024,Idle Min,False,Wasserstein distance (normed),0.1,0.03541576610953127
S2_r50_n1000_s1024,Init_Win_bytes_backward,True,Wasserstein distance (normed),0.1,0.15982589612403247
S2_r50_n1000_s1024,Init_Win_bytes_forward,True,Wasserstein distance (normed),0.1,0.21542294785700072
S2_r50_n1000_s1024,Max Packet Length,True,Wasserstein distance (normed),0.1,0.25222131609381976
S2_r50_n1000_s1024,Min Packet Length,False,Wasserstein distance (normed),0.1,0.040593952597171086
S2_r50_n1000_s1024,PSH Flag Count,False,Jensen-Shannon distance,0.1,0.03654417549939925
S2_r50_n1000_s1024,Packet Length Mean,True,Wasserstein distance (normed),0.1,0.2720537847148871
S2_r50_n1000_s1024,Packet Length Std,True,Wasserstein distance (normed),0.1,0.2582301237915261
S2_r50_n1000_s1024,Packet Length Variance,True,Wasserstein distance (normed),0.1,0.2273891490286646
S2_r50_n1000_s1024,Subflow Fwd Bytes,False,Wasserstein distance (normed),0.1,0.03723269834631555
S2_r50_n1000_s1024,Total Fwd Packets,False,Wasserstein distance (normed),0.1,0.07102271757593183
S2_r50_n1000_s1024,Total Length of Fwd Packets,False,Wasserstein distance (normed),0.1,0.03723269834631555
S2_r50_n1000_s1024,act_data_pkt_fwd,False,Wasserstein distance (normed),0.1,0.08966026307914858
S2_r50_n1000_s1024,min_seg_size_forward,True,Wasserstein distance (normed),0.1,0.3166602838385804
S2_r100_n500_s42,ACK Flag Count,False,Jensen-Shannon distance,0.1,0.09468610815017493
S2_r100_n500_s42,Active Max,False,Wasserstein distance (normed),0.1,0.09430386407009075
S2_r100_n500_s42,Active Mean,False,Wasserstein distance (normed),0.1,0.09284703825842613
S2_r100_n500_s42,Active Min,True,Wasserstein distance (normed),0.1,0.11467842061497793
S2_r100_n500_s42,Average Packet Size,True,Wasserstein distance (normed),0.1,0.4389616081526282
S2_r100_n500_s42,Bwd Header Length,True,Wasserstein distance (normed),0.1,0.17332547453033978
S2_r100_n500_s42,Bwd IAT Max,False,Wasserstein distance (normed),0.1,0.07046898594513973
S2_r100_n500_s42,Bwd IAT Mean,False,Wasserstein distance (normed),0.1,0.07918847556007169
S2_r100_n500_s42,Bwd IAT Min,False,Wasserstein distance (normed),0.1,0.07858115453599747
S2_r100_n500_s42,Bwd IAT Std,False,Wasserstein distance (normed),0.1,0.03670128879864703
S2_r100_n500_s42,Bwd IAT Total,False,Wasserstein distance (normed),0.1,0.05278845714830582
S2_r100_n500_s42,Bwd Packet Length Max,True,Wasserstein distance (normed),0.1,0.4279003918564462
S2_r100_n500_s42,Bwd Packet Length Mean,True,Wasserstein distance (normed),0.1,0.4573340075874317
S2_r100_n500_s42,Bwd Packet Length Min,False,Wasserstein distance (normed),0.1,0.0781250320898987
S2_r100_n500_s42,Bwd Packet Length Std,True,Wasserstein distance (normed),0.1,0.43165855943274906
S2_r100_n500_s42,Bwd Packets/s,True,Wasserstein distance (normed),0.1,0.2264938936377784
S2_r100_n500_s42,Destination Port,True,Wasserstein distance (normed),0.1,0.10221699772715512
S2_r100_n500_s42,FIN Flag Count,False,Jensen-Shannon distance,0.1,0.010059493360239136
S2_r100_n500_s42,Flow Bytes/s,True,Wasserstein distance (normed),0.1,0.1380855731470839
S2_r100_n500_s42,Flow Duration,True,Wasserstein distance (normed),0.1,0.1410081347479547
S2_r100_n500_s42,Flow IAT Max,True,Wasserstein distance (normed),0.1,0.21569260019509934
S2_r100_n500_s42,Flow IAT Mean,True,Wasserstein distance (normed),0.1,0.13660824205707017
S2_r100_n500_s42,Flow IAT Min,False,Wasserstein distance (normed),0.1,0.017557985259669798
S2_r100_n500_s42,Flow IAT Std,True,Wasserstein distance (normed),0.1,0.20947048152017342
S2_r100_n500_s42,Flow Packets/s,False,Wasserstein distance (normed),0.1,0.08544734312497823
S2_r100_n500_s42,Fwd Header Length,True,Wasserstein distance (normed),0.1,0.1804162834541351
S2_r100_n500_s42,Fwd IAT Max,True,Wasserstein distance (normed),0.1,0.21385521335318872
S2_r100_n500_s42,Fwd IAT Mean,True,Wasserstein distance (normed),0.1,0.12117666066207838
S2_r100_n500_s42,Fwd IAT Min,False,Wasserstein distance (normed),0.1,0.06862836286976715
S2_r100_n500_s42,Fwd IAT Std,True,Wasserstein distance (normed),0.1,0.1975430585048305
S2_r100_n500_s42,Fwd IAT Total,True,Wasserstein distance (normed),0.1,0.14454286241399505
S2_r100_n500_s42,Fwd Packet Length Max,False,Wasserstein distance (normed),0.1,0.07282100112855731
S2_r100_n500_s42,Fwd Packet Length Mean,False,Wasserstein distance (normed),0.1,0.06472425643824042
S2_r100_n500_s42,Fwd Packet Length Min,True,Wasserstein distance (normed),0.1,0.10184703676496057
S2_r100_n500_s42,Fwd Packet Length Std,False,Wasserstein distance (normed),0.1,0.06323692075913993
S2_r100_n500_s42,Fwd Packets/s,False,Wasserstein distance (normed),0.1,0.06436196523991104
S2_r100_n500_s42,Idle Max,True,Wasserstein distance (normed),0.1,0.24471324427077315
S2_r100_n500_s42,Idle Mean,True,Wasserstein distance (normed),0.1,0.23370322489176246
S2_r100_n500_s42,Idle Min,True,Wasserstein distance (normed),0.1,0.19434726433263022
S2_r100_n500_s42,Init_Win_bytes_backward,True,Wasserstein distance (normed),0.1,0.27294371476548085
S2_r100_n500_s42,Init_Win_bytes_forward,True,Wasserstein distance (normed),0.1,0.44939106752051944
S2_r100_n500_s42,Max Packet Length,True,Wasserstein distance (normed),0.1,0.41540109299201367
S2_r100_n500_s42,Min Packet Length,True,Wasserstein distance (normed),0.1,0.10164531780654842
S2_r100_n500_s42,PSH Flag Count,True,Jensen-Shannon distance,0.1,0.10944992481992408
S2_r100_n500_s42,Packet Length Mean,True,Wasserstein distance (normed),0.1,0.4358012317864344
S2_r100_n500_s42,Packet Length Std,True,Wasserstein distance (normed),0.1,0.4311876092428133
S2_r100_n500_s42,Packet Length Variance,True,Wasserstein distance (normed),0.1,0.3776111440243743
S2_r100_n500_s42,Subflow Fwd Bytes,False,Wasserstein distance (normed),0.1,0.07703478408072638
S2_r100_n500_s42,Total Fwd Packets,True,Wasserstein distance (normed),0.1,0.1287504761194222
S2_r100_n500_s42,Total Length of Fwd Packets,False,Wasserstein distance (normed),0.1,0.07703478408072638
S2_r100_n500_s42,act_data_pkt_fwd,True,Wasserstein distance (normed),0.1,0.13273158387828615
S2_r100_n500_s42,min_seg_size_forward,True,Wasserstein distance (normed),0.1,0.5934705826332856
S2_r100_n500_s123,ACK Flag Count,False,Jensen-Shannon distance,0.1,0.09468610815017493
S2_r100_n500_s123,Active Max,False,Wasserstein distance (normed),0.1,0.0749020207185243
S2_r100_n500_s123,Active Mean,False,Wasserstein distance (normed),0.1,0.08854218414946781
S2_r100_n500_s123,Active Min,False,Wasserstein distance (normed),0.1,0.0901744262143075
S2_r100_n500_s123,Average Packet Size,True,Wasserstein distance (normed),0.1,0.4811301082126752
S2_r100_n500_s123,Bwd Header Length,True,Wasserstein distance (normed),0.1,0.1546887769117978
S2_r100_n500_s123,Bwd IAT Max,False,Wasserstein distance (normed),0.1,0.07138921370029959
S2_r100_n500_s123,Bwd IAT Mean,False,Wasserstein distance (normed),0.1,0.0780815647225675
S2_r100_n500_s123,Bwd IAT Min,False,Wasserstein distance (normed),0.1,0.07522430561263978
S2_r100_n500_s123,Bwd IAT Std,False,Wasserstein distance (normed),0.1,0.048341384456826404
S2_r100_n500_s123,Bwd IAT Total,False,Wasserstein distance (normed),0.1,0.04374552288603991
S2_r100_n500_s123,Bwd Packet Length Max,True,Wasserstein distance (normed),0.1,0.4516838882209123
S2_r100_n500_s123,Bwd Packet Length Mean,True,Wasserstein distance (normed),0.1,0.48797796236478985
S2_r100_n500_s123,Bwd Packet Length Min,False,Wasserstein distance (normed),0.1,0.03799030918398111
S2_r100_n500_s123,Bwd Packet Length Std,True,Wasserstein distance (normed),0.1,0.4484943313773236
S2_r100_n500_s123,Bwd Packets/s,True,Wasserstein distance (normed),0.1,0.31736847621686926
S2_r100_n500_s123,Destination Port,False,Wasserstein distance (normed),0.1,0.05132668374499846
S2_r100_n500_s123,FIN Flag Count,False,Jensen-Shannon distance,0.1,0.03261659491910333
S2_r100_n500_s123,Flow Bytes/s,True,Wasserstein distance (normed),0.1,0.5581980741084246
S2_r100_n500_s123,Flow Duration,True,Wasserstein distance (normed),0.1,0.1353083400769751
S2_r100_n500_s123,Flow IAT Max,True,Wasserstein distance (normed),0.1,0.22107996698704702
S2_r100_n500_s123,Flow IAT Mean,True,Wasserstein distance (normed),0.1,0.1464009434769729
S2_r100_n500_s123,Flow IAT Min,False,Wasserstein distance (normed),0.1,0.07924839531114601
S2_r100_n500_s123,Flow IAT Std,True,Wasserstein distance (normed),0.1,0.22474572664463274
S2_r100_n500_s123,Flow Packets/s,True,Wasserstein distance (normed),0.1,0.1351348241422541
S2_r100_n500_s123,Fwd Header Length,True,Wasserstein distance (normed),0.1,0.1923692080670249
S2_r100_n500_s123,Fwd IAT Max,True,Wasserstein distance (normed),0.1,0.2260167398850878
S2_r100_n500_s123,Fwd IAT Mean,True,Wasserstein distance (normed),0.1,0.10828401081003308
S2_r100_n500_s123,Fwd IAT Min,False,Wasserstein distance (normed),0.1,0.046663996913920876
S2_r100_n500_s123,Fwd IAT Std,True,Wasserstein distance (normed),0.1,0.22260328253692147
S2_r100_n500_s123,Fwd IAT Total,True,Wasserstein distance (normed),0.1,0.14316371324787072
S2_r100_n500_s123,Fwd Packet Length Max,False,Wasserstein distance (normed),0.1,0.07348123968553577
S2_r100_n500_s123,Fwd Packet Length Mean,False,Wasserstein distance (normed),0.1,0.07589767359162122
S2_r100_n500_s123,Fwd Packet Length Min,False,Wasserstein distance (normed),0.1,0.05363131031038393
S2_r100_n500_s123,Fwd Packet Length Std,False,Wasserstein distance (normed),0.1,0.05882168300423593
S2_r100_n500_s123,Fwd Packets/s,False,Wasserstein distance (normed),0.1,0.09609163200924664
S2_r100_n500_s123,Idle Max,True,Wasserstein distance (normed),0.1,0.2584700178902048
S2_r100_n500_s123,Idle Mean,True,Wasserstein distance (normed),0.1,0.2489247068308647
S2_r100_n500_s123,Idle Min,True,Wasserstein distance (normed),0.1,0.20872832181492887
S2_r100_n500_s123,Init_Win_bytes_backward,True,Wasserstein distance (normed),0.1,0.31118047771127544
S2_r100_n500_s123,Init_Win_bytes_forward,True,Wasserstein distance (normed),0.1,0.4236624682826412
S2_r100_n500_s123,Max Packet Length,True,Wasserstein distance (normed),0.1,0.4519223390844095
S2_r100_n500_s123,Min Packet Length,False,Wasserstein distance (normed),0.1,0.05036274147089763
S2_r100_n500_s123,PSH Flag Count,False,Jensen-Shannon distance,0.1,0.08685509351617852
S2_r100_n500_s123,Packet Length Mean,True,Wasserstein distance (normed),0.1,0.48170924116373415
S2_r100_n500_s123,Packet Length Std,True,Wasserstein distance (normed),0.1,0.46480253542264327
S2_r100_n500_s123,Packet Length Variance,True,Wasserstein distance (normed),0.1,0.3997321124798618
S2_r100_n500_s123,Subflow Fwd Bytes,False,Wasserstein distance (normed),0.1,0.09155425257691195
S2_r100_n500_s123,Total Fwd Packets,True,Wasserstein distance (normed),0.1,0.13835611755961252
S2_r100_n500_s123,Total Length of Fwd Packets,False,Wasserstein distance (normed),0.1,0.09155425257691195
S2_r100_n500_s123,act_data_pkt_fwd,True,Wasserstein distance (normed),0.1,0.21976014496063334
S2_r100_n500_s123,min_seg_size_forward,True,Wasserstein distance (normed),0.1,0.6485651928281735
S2_r100_n500_s456,ACK Flag Count,True,Jensen-Shannon distance,0.1,0.11808628936854965
S2_r100_n500_s456,Active Max,False,Wasserstein distance (normed),0.1,0.046105262990304825
S2_r100_n500_s456,Active Mean,False,Wasserstein distance (normed),0.1,0.07226414381619403
S2_r100_n500_s456,Active Min,False,Wasserstein distance (normed),0.1,0.08606533046710196
S2_r100_n500_s456,Average Packet Size,True,Wasserstein distance (normed),0.1,0.47662331484810627
S2_r100_n500_s456,Bwd Header Length,True,Wasserstein distance (normed),0.1,0.19923802024033135
S2_r100_n500_s456,Bwd IAT Max,False,Wasserstein distance (normed),0.1,0.06625550858018707
S2_r100_n500_s456,Bwd IAT Mean,False,Wasserstein distance (normed),0.1,0.06616807841102362
S2_r100_n500_s456,Bwd IAT Min,False,Wasserstein distance (normed),0.1,0.05722759284853414
S2_r100_n500_s456,Bwd IAT Std,False,Wasserstein distance (normed),0.1,0.04543853190697218
S2_r100_n500_s456,Bwd IAT Total,False,Wasserstein distance (normed),0.1,0.056620247226410715
S2_r100_n500_s456,Bwd Packet Length Max,True,Wasserstein distance (normed),0.1,0.4497154284617848
S2_r100_n500_s456,Bwd Packet Length Mean,True,Wasserstein distance (normed),0.1,0.47452215751366067
S2_r100_n500_s456,Bwd Packet Length Min,False,Wasserstein distance (normed),0.1,0.03837568208473479
S2_r100_n500_s456,Bwd Packet Length Std,True,Wasserstein distance (normed),0.1,0.444851163752969
S2_r100_n500_s456,Bwd Packets/s,True,Wasserstein distance (normed),0.1,0.14314412873560148
S2_r100_n500_s456,Destination Port,False,Wasserstein distance (normed),0.1,0.031542459122606586
S2_r100_n500_s456,FIN Flag Count,False,Jensen-Shannon distance,0.1,0.0015682575128543685
S2_r100_n500_s456,Flow Bytes/s,False,Wasserstein distance (normed),0.1,0.048920194780077524
S2_r100_n500_s456,Flow Duration,True,Wasserstein distance (normed),0.1,0.11807686013010091
S2_r100_n500_s456,Flow IAT Max,True,Wasserstein distance (normed),0.1,0.21625509569353615
S2_r100_n500_s456,Flow IAT Mean,True,Wasserstein distance (normed),0.1,0.1379067287229219
S2_r100_n500_s456,Flow IAT Min,False,Wasserstein distance (normed),0.1,0.04337534148068162
S2_r100_n500_s456,Flow IAT Std,True,Wasserstein distance (normed),0.1,0.19250424915100847
S2_r100_n500_s456,Flow Packets/s,False,Wasserstein distance (normed),0.1,0.07414973681013946
S2_r100_n500_s456,Fwd Header Length,True,Wasserstein distance (normed),0.1,0.31058484712518036
S2_r100_n500_s456,Fwd IAT Max,True,Wasserstein distance (normed),0.1,0.21419920495796518
S2_r100_n500_s456,Fwd IAT Mean,True,Wasserstein distance (normed),0.1,0.11289450083237464
S2_r100_n500_s456,Fwd IAT Min,False,Wasserstein distance (normed),0.1,0.06827816222707832
S2_r100_n500_s456,Fwd IAT Std,True,Wasserstein distance (normed),0.1,0.19124657696673397
S2_r100_n500_s456,Fwd IAT Total,True,Wasserstein distance (normed),0.1,0.12234560801297517
S2_r100_n500_s456,Fwd Packet Length Max,False,Wasserstein distance (normed),0.1,0.055882938403277536
S2_r100_n500_s456,Fwd Packet Length Mean,False,Wasserstein distance (normed),0.1,0.05366462545955786
S2_r100_n500_s456,Fwd Packet Length Min,False,Wasserstein distance (normed),0.1,0.03619926114433767
S2_r100_n500_s456,Fwd Packet Length Std,False,Wasserstein distance (normed),0.1,0.04903258009075193
S2_r100_n500_s456,Fwd Packets/s,False,Wasserstein distance (normed),0.1,0.07036559383949337
S2_r100_n500_s456,Idle Max,True,Wasserstein distance (normed),0.1,0.2358074677597757
S2_r100_n500_s456,Idle Mean,True,Wasserstein distance (normed),0.1,0.22602387710362162
S2_r100_n500_s456,Idle Min,True,Wasserstein distance (normed),0.1,0.1907175555439347
S2_r100_n500_s456,Init_Win_bytes_backward,True,Wasserstein distance (normed),0.1,0.3394046146944533
S2_r100_n500_s456,Init_Win_bytes_forward,True,Wasserstein distance (normed),0.1,0.44902289163087505
S2_r100_n500_s456,Max Packet Length,True,Wasserstein distance (normed),0.1,0.4481362622383086
S2_r100_n500_s456,Min Packet Length,False,Wasserstein distance (normed),0.1,0.06115832275178976
S2_r100_n500_s456,PSH Flag Count,True,Jensen-Shannon distance,0.1,0.10522585818303744
S2_r100_n500_s456,Packet Length Mean,True,Wasserstein distance (normed),0.1,0.4741887292550221
S2_r100_n500_s456,Packet Length Std,True,Wasserstein distance (normed),0.1,0.46168660083560764
S2_r100_n500_s456,Packet Length Variance,True,Wasserstein distance (normed),0.1,0.40018271115727666
S2_r100_n500_s456,Subflow Fwd Bytes,True,Wasserstein distance (normed),0.1,0.10777375761367873
S2_r100_n500_s456,Total Fwd Packets,True,Wasserstein distance (normed),0.1,0.23749814303867292
S2_r100_n500_s456,Total Length of Fwd Packets,True,Wasserstein distance (normed),0.1,0.10777375761367873
S2_r100_n500_s456,act_data_pkt_fwd,True,Wasserstein distance (normed),0.1,0.3564523100618291
S2_r100_n500_s456,min_seg_size_forward,True,Wasserstein distance (normed),0.1,0.6282390259601566
S2_r100_n500_s789,ACK Flag Count,True,Jensen-Shannon distance,0.1,0.1046040893456512
S2_r100_n500_s789,Active Max,False,Wasserstein distance (normed),0.1,0.048318559901497776
S2_r100_n500_s789,Active Mean,False,Wasserstein distance (normed),0.1,0.06899429238679129
S2_r100_n500_s789,Active Min,False,Wasserstein distance (normed),0.1,0.06572957350367938
S2_r100_n500_s789,Average Packet Size,True,Wasserstein distance (normed),0.1,0.4405585057980428
S2_r100_n500_s789,Bwd Header Length,True,Wasserstein distance (normed),0.1,0.34430640943729596
S2_r100_n500_s789,Bwd IAT Max,False,Wasserstein distance (normed),0.1,0.06361669497066276
S2_r100_n500_s789,Bwd IAT Mean,False,Wasserstein distance (normed),0.1,0.05399878825632714
S2_r100_n500_s789,Bwd IAT Min,False,Wasserstein distance (normed),0.1,0.04746564614711708
S2_r100_n500_s789,Bwd IAT Std,False,Wasserstein distance (normed),0.1,0.050349665699785405
S2_r100_n500_s789,Bwd IAT Total,False,Wasserstein distance (normed),0.1,0.045318916998379144
S2_r100_n500_s789,Bwd Packet Length Max,True,Wasserstein distance (normed),0.1,0.4338510704169886
S2_r100_n500_s789,Bwd Packet Length Mean,True,Wasserstein distance (normed),0.1,0.4612229461319372
S2_r100_n500_s789,Bwd Packet Length Min,False,Wasserstein distance (normed),0.1,0.040799801944314776
S2_r100_n500_s789,Bwd Packet Length Std,True,Wasserstein distance (normed),0.1,0.4334396355566935
S2_r100_n500_s789,Bwd Packets/s,True,Wasserstein distance (normed),0.1,0.20445498567581136
S2_r100_n500_s789,Destination Port,False,Wasserstein distance (normed),0.1,0.03470622512724025
S2_r100_n500_s789,FIN Flag Count,False,Jensen-Shannon distance,0.1,0.010059493360239136
S2_r100_n500_s789,Flow Bytes/s,True,Wasserstein distance (normed),0.1,0.26823125179969304
S2_r100_n500_s789,Flow Duration,True,Wasserstein distance (normed),0.1,0.12662311411379867
S2_r100_n500_s789,Flow IAT Max,True,Wasserstein distance (normed),0.1,0.2118086924097466
S2_r100_n500_s789,Flow IAT Mean,True,Wasserstein distance (normed),0.1,0.10217049292664097
S2_r100_n500_s789,Flow IAT Min,False,Wasserstein distance (normed),0.1,0.056968195618169494
S2_r100_n500_s789,Flow IAT Std,True,Wasserstein distance (normed),0.1,0.1998658685473125
S2_r100_n500_s789,Flow Packets/s,True,Wasserstein distance (normed),0.1,0.10465704205243695
S2_r100_n500_s789,Fwd Header Length,True,Wasserstein distance (normed),0.1,0.5329803236636901
S2_r100_n500_s789,Fwd IAT Max,True,Wasserstein distance (normed),0.1,0.20900048991629822
S2_r100_n500_s789,Fwd IAT Mean,False,Wasserstein distance (normed),0.1,0.08700323874844702
S2_r100_n500_s789,Fwd IAT Min,False,Wasserstein distance (normed),0.1,0.028466302311331564
S2_r100_n500_s789,Fwd IAT Std,True,Wasserstein distance (normed),0.1,0.20422399951420958
S2_r100_n500_s789,Fwd IAT Total,True,Wasserstein distance (normed),0.1,0.1271053152765497
S2_r100_n500_s789,Fwd Packet Length Max,False,Wasserstein distance (normed),0.1,0.09117678948136132
S2_r100_n500_s789,Fwd Packet Length Mean,True,Wasserstein distance (normed),0.1,0.10498956350577479
S2_r100_n500_s789,Fwd Packet Length Min,True,Wasserstein distance (normed),0.1,0.12160199674211182
S2_r100_n500_s789,Fwd Packet Length Std,False,Wasserstein distance (normed),0.1,0.07429933649314058
S2_r100_n500_s789,Fwd Packets/s,False,Wasserstein distance (normed),0.1,0.08098673145072688
S2_r100_n500_s789,Idle Max,True,Wasserstein distance (normed),0.1,0.23600395968477994
S2_r100_n500_s789,Idle Mean,True,Wasserstein distance (normed),0.1,0.21861574042496512
S2_r100_n500_s789,Idle Min,True,Wasserstein distance (normed),0.1,0.17453886619353273
S2_r100_n500_s789,Init_Win_bytes_backward,True,Wasserstein distance (normed),0.1,0.2433453448809714
S2_r100_n500_s789,Init_Win_bytes_forward,True,Wasserstein distance (normed),0.1,0.4018512249765063
S2_r100_n500_s789,Max Packet Length,True,Wasserstein distance (normed),0.1,0.4300865024509439
S2_r100_n500_s789,Min Packet Length,True,Wasserstein distance (normed),0.1,0.12346465645881483
S2_r100_n500_s789,PSH Flag Count,False,Jensen-Shannon distance,0.1,0.09393509441249533
S2_r100_n500_s789,Packet Length Mean,True,Wasserstein distance (normed),0.1,0.43802144258365233
S2_r100_n500_s789,Packet Length Std,True,Wasserstein distance (normed),0.1,0.4422082977081608
S2_r100_n500_s789,Packet Length Variance,True,Wasserstein distance (normed),0.1,0.39599833016041347
S2_r100_n500_s789,Subflow Fwd Bytes,True,Wasserstein distance (normed),0.1,0.1840186301642066
S2_r100_n500_s789,Total Fwd Packets,True,Wasserstein distance (normed),0.1,0.45295429042618246
S2_r100_n500_s789,Total Length of Fwd Packets,True,Wasserstein distance (normed),0.1,0.1840186301642066
S2_r100_n500_s789,act_data_pkt_fwd,True,Wasserstein distance (normed),0.1,0.667045258595236
S2_r100_n500_s789,min_seg_size_forward,True,Wasserstein distance (normed),0.1,0.5857145452757525
S2_r100_n500_s1024,ACK Flag Count,False,Jensen-Shannon distance,0.1,0.09632829271783981
S2_r100_n500_s1024,Active Max,False,Wasserstein distance (normed),0.1,0.09376211291107217
S2_r100_n500_s1024,Active Mean,True,Wasserstein distance (normed),0.1,0.10209277827056683
S2_r100_n500_s1024,Active Min,False,Wasserstein distance (normed),0.1,0.09715768946505322
S2_r100_n500_s1024,Average Packet Size,True,Wasserstein distance (normed),0.1,0.4829240664285971
S2_r100_n500_s1024,Bwd Header Length,True,Wasserstein distance (normed),0.1,0.24481000916988357
S2_r100_n500_s1024,Bwd IAT Max,False,Wasserstein distance (normed),0.1,0.04312648708931561
S2_r100_n500_s1024,Bwd IAT Mean,False,Wasserstein distance (normed),0.1,0.033493922404364704
S2_r100_n500_s1024,Bwd IAT Min,False,Wasserstein distance (normed),0.1,0.02017246793895701
S2_r100_n500_s1024,Bwd IAT Std,False,Wasserstein distance (normed),0.1,0.06990815114804555
S2_r100_n500_s1024,Bwd IAT Total,False,Wasserstein distance (normed),0.1,0.04423588398761969
S2_r100_n500_s1024,Bwd Packet Length Max,True,Wasserstein distance (normed),0.1,0.44673253930098683
S2_r100_n500_s1024,Bwd Packet Length Mean,True,Wasserstein distance (normed),0.1,0.4807779673707215
S2_r100_n500_s1024,Bwd Packet Length Min,False,Wasserstein distance (normed),0.1,0.0866218829823247
S2_r100_n500_s1024,Bwd Packet Length Std,True,Wasserstein distance (normed),0.1,0.4458490815689303
S2_r100_n500_s1024,Bwd Packets/s,True,Wasserstein distance (normed),0.1,0.20363062831563436
S2_r100_n500_s1024,Destination Port,False,Wasserstein distance (normed),0.1,0.09594907708645889
S2_r100_n500_s1024,FIN Flag Count,False,Jensen-Shannon distance,0.1,0.020034754195753835
S2_r100_n500_s1024,Flow Bytes/s,False,Wasserstein distance (normed),0.1,0.0385358079137954
S2_r100_n500_s1024,Flow Duration,True,Wasserstein distance (normed),0.1,0.13064410789255768
S2_r100_n500_s1024,Flow IAT Max,True,Wasserstein distance (normed),0.1,0.20861735492628217
S2_r100_n500_s1024,Flow IAT Mean,True,Wasserstein distance (normed),0.1,0.11402949187350313
S2_r100_n500_s1024,Flow IAT Min,False,Wasserstein distance (normed),0.1,0.01720949214166643
S2_r100_n500_s1024,Flow IAT Std,True,Wasserstein distance (normed),0.1,0.19322626371246104
S2_r100_n500_s1024,Flow Packets/s,False,Wasserstein distance (normed),0.1,0.09041811892224608
S2_r100_n500_s1024,Fwd Header Length,True,Wasserstein distance (normed),0.1,0.20187486471250415
S2_r100_n500_s1024,Fwd IAT Max,True,Wasserstein distance (normed),0.1,0.21341986242672595
S2_r100_n500_s1024,Fwd IAT Mean,False,Wasserstein distance (normed),0.1,0.08631681057346378
S2_r100_n500_s1024,Fwd IAT Min,False,Wasserstein distance (normed),0.1,0.02606158245287068
S2_r100_n500_s1024,Fwd IAT Std,True,Wasserstein distance (normed),0.1,0.21407429149903184
S2_r100_n500_s1024,Fwd IAT Total,True,Wasserstein distance (normed),0.1,0.1377646994596387
S2_r100_n500_s1024,Fwd Packet Length Max,False,Wasserstein distance (normed),0.1,0.08667339480171778
S2_r100_n500_s1024,Fwd Packet Length Mean,False,Wasserstein distance (normed),0.1,0.08437702588283316
S2_r100_n500_s1024,Fwd Packet Length Min,False,Wasserstein distance (normed),0.1,0.053372452214131616
S2_r100_n500_s1024,Fwd Packet Length Std,False,Wasserstein distance (normed),0.1,0.07994363599691533
S2_r100_n500_s1024,Fwd Packets/s,False,Wasserstein distance (normed),0.1,0.06543447818255271
S2_r100_n500_s1024,Idle Max,True,Wasserstein distance (normed),0.1,0.23022481186430804
S2_r100_n500_s1024,Idle Mean,True,Wasserstein distance (normed),0.1,0.2117514491805414
S2_r100_n500_s1024,Idle Min,True,Wasserstein distance (normed),0.1,0.1673588931564665
S2_r100_n500_s1024,Init_Win_bytes_backward,True,Wasserstein distance (normed),0.1,0.34645138017484
S2_r100_n500_s1024,Init_Win_bytes_forward,True,Wasserstein distance (normed),0.1,0.4438373368613513
S2_r100_n500_s1024,Max Packet Length,True,Wasserstein distance (normed),0.1,0.455555675236612
S2_r100_n500_s1024,Min Packet Length,False,Wasserstein distance (normed),0.1,0.06271277236819295
S2_r100_n500_s1024,PSH Flag Count,False,Jensen-Shannon distance,0.1,0.09393509441249533
S2_r100_n500_s1024,Packet Length Mean,True,Wasserstein distance (normed),0.1,0.4817236575756675
S2_r100_n500_s1024,Packet Length Std,True,Wasserstein distance (normed),0.1,0.46755715508614826
S2_r100_n500_s1024,Packet Length Variance,True,Wasserstein distance (normed),0.1,0.4054648313688211
S2_r100_n500_s1024,Subflow Fwd Bytes,False,Wasserstein distance (normed),0.1,0.04481555026006118
S2_r100_n500_s1024,Total Fwd Packets,True,Wasserstein distance (normed),0.1,0.12598684185031786
S2_r100_n500_s1024,Total Length of Fwd Packets,False,Wasserstein distance (normed),0.1,0.04481555026006118
S2_r100_n500_s1024,act_data_pkt_fwd,True,Wasserstein distance (normed),0.1,0.1334611646298747
S2_r100_n500_s1024,min_seg_size_forward,True,Wasserstein distance (normed),0.1,0.6509722389046492
S2_r100_n1000_s42,ACK Flag Count,False,Jensen-Shannon distance,0.1,0.09550667406522875
S2_r100_n1000_s42,Active Max,False,Wasserstein distance (normed),0.1,0.07696686882703084
S2_r100_n1000_s42,Active Mean,True,Wasserstein distance (normed),0.1,0.10145164440563423
S2_r100_n1000_s42,Active Min,True,Wasserstein distance (normed),0.1,0.10884206603441635
S2_r100_n1000_s42,Average Packet Size,True,Wasserstein distance (normed),0.1,0.46769191444656705
S2_r100_n1000_s42,Bwd Header Length,True,Wasserstein distance (normed),0.1,0.1793408335257982
S2_r100_n1000_s42,Bwd IAT Max,False,Wasserstein distance (normed),0.1,0.05518415043593136
S2_r100_n1000_s42,Bwd IAT Mean,False,Wasserstein distance (normed),0.1,0.04406004870455209
S2_r100_n1000_s42,Bwd IAT Min,False,Wasserstein distance (normed),0.1,0.02980068131623963
S2_r100_n1000_s42,Bwd IAT Std,False,Wasserstein distance (normed),0.1,0.056629387690713406
S2_r100_n1000_s42,Bwd IAT Total,False,Wasserstein distance (normed),0.1,0.04493137471768605
S2_r100_n1000_s42,Bwd Packet Length Max,True,Wasserstein distance (normed),0.1,0.43911505302599463
S2_r100_n1000_s42,Bwd Packet Length Mean,True,Wasserstein distance (normed),0.1,0.46383792348177655
S2_r100_n1000_s42,Bwd Packet Length Min,False,Wasserstein distance (normed),0.1,0.03335651083701479
S2_r100_n1000_s42,Bwd Packet Length Std,True,Wasserstein distance (normed),0.1,0.44061095190309835
S2_r100_n1000_s42,Bwd Packets/s,True,Wasserstein distance (normed),0.1,0.18765312045503965
S2_r100_n1000_s42,Destination Port,False,Wasserstein distance (normed),0.1,0.03886189657867942
S2_r100_n1000_s42,FIN Flag Count,False,Jensen-Shannon distance,0.1,0.014815608873972317
S2_r100_n1000_s42,Flow Bytes/s,False,Wasserstein distance (normed),0.1,0.02759539632097897
S2_r100_n1000_s42,Flow Duration,True,Wasserstein distance (normed),0.1,0.14160709772980112
S2_r100_n1000_s42,Flow IAT Max,True,Wasserstein distance (normed),0.1,0.20430255845624487
S2_r100_n1000_s42,Flow IAT Mean,True,Wasserstein distance (normed),0.1,0.12936718636430342
S2_r100_n1000_s42,Flow IAT Min,False,Wasserstein distance (normed),0.1,0.08370599782949346
S2_r100_n1000_s42,Flow IAT Std,True,Wasserstein distance (normed),0.1,0.19961981088021366
S2_r100_n1000_s42,Flow Packets/s,False,Wasserstein distance (normed),0.1,0.05339715579477235
S2_r100_n1000_s42,Fwd Header Length,True,Wasserstein distance (normed),0.1,0.20168367190254954
S2_r100_n1000_s42,Fwd IAT Max,True,Wasserstein distance (normed),0.1,0.1998746466259285
S2_r100_n1000_s42,Fwd IAT Mean,False,Wasserstein distance (normed),0.1,0.0847584150270974
S2_r100_n1000_s42,Fwd IAT Min,False,Wasserstein distance (normed),0.1,0.027354626419224436
S2_r100_n1000_s42,Fwd IAT Std,True,Wasserstein distance (normed),0.1,0.1982656238386071
S2_r100_n1000_s42,Fwd IAT Total,True,Wasserstein distance (normed),0.1,0.1427000305608231
S2_r100_n1000_s42,Fwd Packet Length Max,False,Wasserstein distance (normed),0.1,0.08178994241769906
S2_r100_n1000_s42,Fwd Packet Length Mean,False,Wasserstein distance (normed),0.1,0.06264991730032844
S2_r100_n1000_s42,Fwd Packet Length Min,False,Wasserstein distance (normed),0.1,0.030977820860721497
S2_r100_n1000_s42,Fwd Packet Length Std,False,Wasserstein distance (normed),0.1,0.06149950473386781
S2_r100_n1000_s42,Fwd Packets/s,False,Wasserstein distance (normed),0.1,0.041841806000665345
S2_r100_n1000_s42,Idle Max,True,Wasserstein distance (normed),0.1,0.23904639052334203
S2_r100_n1000_s42,Idle Mean,True,Wasserstein distance (normed),0.1,0.22789045744942543
S2_r100_n1000_s42,Idle Min,True,Wasserstein distance (normed),0.1,0.19110683977512816
S2_r100_n1000_s42,Init_Win_bytes_backward,True,Wasserstein distance (normed),0.1,0.34044490721923265
S2_r100_n1000_s42,Init_Win_bytes_forward,True,Wasserstein distance (normed),0.1,0.39238845519681353
S2_r100_n1000_s42,Max Packet Length,True,Wasserstein distance (normed),0.1,0.4434198864313619
S2_r100_n1000_s42,Min Packet Length,False,Wasserstein distance (normed),0.1,0.07084867609441452
S2_r100_n1000_s42,PSH Flag Count,True,Jensen-Shannon distance,0.1,0.10099666528598131
S2_r100_n1000_s42,Packet Length Mean,True,Wasserstein distance (normed),0.1,0.4642326815475618
S2_r100_n1000_s42,Packet Length Std,True,Wasserstein distance (normed),0.1,0.45741985743620905
S2_r100_n1000_s42,Packet Length Variance,True,Wasserstein distance (normed),0.1,0.3995379534269533
S2_r100_n1000_s42,Subflow Fwd Bytes,False,Wasserstein distance (normed),0.1,0.05846522853197925
S2_r100_n1000_s42,Total Fwd Packets,True,Wasserstein distance (normed),0.1,0.1621958170557273
S2_r100_n1000_s42,Total Length of Fwd Packets,False,Wasserstein distance (normed),0.1,0.05846522853197925
S2_r100_n1000_s42,act_data_pkt_fwd,True,Wasserstein distance (normed),0.1,0.24962084286493588
S2_r100_n1000_s42,min_seg_size_forward,True,Wasserstein distance (normed),0.1,0.5576323410502028
S2_r100_n1000_s123,ACK Flag Count,True,Jensen-Shannon distance,0.1,0.10962378997346948
S2_r100_n1000_s123,Active Max,False,Wasserstein distance (normed),0.1,0.07550365134069542
S2_r100_n1000_s123,Active Mean,False,Wasserstein distance (normed),0.1,0.09003088075967387
S2_r100_n1000_s123,Active Min,False,Wasserstein distance (normed),0.1,0.08934481823925114
S2_r100_n1000_s123,Average Packet Size,True,Wasserstein distance (normed),0.1,0.4644386109160103
S2_r100_n1000_s123,Bwd Header Length,True,Wasserstein distance (normed),0.1,0.1553945311861845
S2_r100_n1000_s123,Bwd IAT Max,False,Wasserstein distance (normed),0.1,0.08114386385588139
S2_r100_n1000_s123,Bwd IAT Mean,False,Wasserstein distance (normed),0.1,0.058959987128889
S2_r100_n1000_s123,Bwd IAT Min,False,Wasserstein distance (normed),0.1,0.04423515325891945
S2_r100_n1000_s123,Bwd IAT Std,False,Wasserstein distance (normed),0.1,0.06571505650546866
S2_r100_n1000_s123,Bwd IAT Total,False,Wasserstein distance (normed),0.1,0.07994675170495968
S2_r100_n1000_s123,Bwd Packet Length Max,True,Wasserstein distance (normed),0.1,0.4445619486495778
S2_r100_n1000_s123,Bwd Packet Length Mean,True,Wasserstein distance (normed),0.1,0.4757070950663861
S2_r100_n1000_s123,Bwd Packet Length Min,False,Wasserstein distance (normed),0.1,0.04659282683951614
S2_r100_n1000_s123,Bwd Packet Length Std,True,Wasserstein distance (normed),0.1,0.44287605649751455
S2_r100_n1000_s123,Bwd Packets/s,True,Wasserstein distance (normed),0.1,0.19248764206827929
S2_r100_n1000_s123,Destination Port,False,Wasserstein distance (normed),0.1,0.031355898038123026
S2_r100_n1000_s123,FIN Flag Count,False,Jensen-Shannon distance,0.1,0.009393048096721937
S2_r100_n1000_s123,Flow Bytes/s,False,Wasserstein distance (normed),0.1,0.0226023400644528
S2_r100_n1000_s123,Flow Duration,True,Wasserstein distance (normed),0.1,0.17230389861003895
S2_r100_n1000_s123,Flow IAT Max,True,Wasserstein distance (normed),0.1,0.23180230741598226
S2_r100_n1000_s123,Flow IAT Mean,True,Wasserstein distance (normed),0.1,0.12479306586582156
S2_r100_n1000_s123,Flow IAT Min,False,Wasserstein distance (normed),0.1,0.02339204271578095
S2_r100_n1000_s123,Flow IAT Std,True,Wasserstein distance (normed),0.1,0.21256308468954094
S2_r100_n1000_s123,Flow Packets/s,False,Wasserstein distance (normed),0.1,0.047613809306088974
S2_r100_n1000_s123,Fwd Header Length,True,Wasserstein distance (normed),0.1,0.17578716812607206
S2_r100_n1000_s123,Fwd IAT Max,True,Wasserstein distance (normed),0.1,0.22948812508911803
S2_r100_n1000_s123,Fwd IAT Mean,True,Wasserstein distance (normed),0.1,0.11061635944510274
S2_r100_n1000_s123,Fwd IAT Min,False,Wasserstein distance (normed),0.1,0.04963611683105552
S2_r100_n1000_s123,Fwd IAT Std,True,Wasserstein distance (normed),0.1,0.21256835837340782
S2_r100_n1000_s123,Fwd IAT Total,True,Wasserstein distance (normed),0.1,0.1754263537277732
S2_r100_n1000_s123,Fwd Packet Length Max,False,Wasserstein distance (normed),0.1,0.0700352254655749
S2_r100_n1000_s123,Fwd Packet Length Mean,False,Wasserstein distance (normed),0.1,0.05888889662705731
S2_r100_n1000_s123,Fwd Packet Length Min,False,Wasserstein distance (normed),0.1,0.03238791627978184
S2_r100_n1000_s123,Fwd Packet Length Std,False,Wasserstein distance (normed),0.1,0.059532500827302846
S2_r100_n1000_s123,Fwd Packets/s,False,Wasserstein distance (normed),0.1,0.03182684412994116
S2_r100_n1000_s123,Idle Max,True,Wasserstein distance (normed),0.1,0.25778551481825657
S2_r100_n1000_s123,Idle Mean,True,Wasserstein distance (normed),0.1,0.24463335296316283
S2_r100_n1000_s123,Idle Min,True,Wasserstein distance (normed),0.1,0.2016485830352648
S2_r100_n1000_s123,Init_Win_bytes_backward,True,Wasserstein distance (normed),0.1,0.282754498314644
S2_r100_n1000_s123,Init_Win_bytes_forward,True,Wasserstein distance (normed),0.1,0.3991055438598898
S2_r100_n1000_s123,Max Packet Length,True,Wasserstein distance (normed),0.1,0.4308299306070865
S2_r100_n1000_s123,Min Packet Length,False,Wasserstein distance (normed),0.1,0.053806774336598334
S2_r100_n1000_s123,PSH Flag Count,False,Jensen-Shannon distance,0.1,0.08898118761152943
S2_r100_n1000_s123,Packet Length Mean,True,Wasserstein distance (normed),0.1,0.46305675442649546
S2_r100_n1000_s123,Packet Length Std,True,Wasserstein distance (normed),0.1,0.44628823314948307
S2_r100_n1000_s123,Packet Length Variance,True,Wasserstein distance (normed),0.1,0.3841050877729425
S2_r100_n1000_s123,Subflow Fwd Bytes,False,Wasserstein distance (normed),0.1,0.07994055831247503
S2_r100_n1000_s123,Total Fwd Packets,True,Wasserstein distance (normed),0.1,0.13010546185330377
S2_r100_n1000_s123,Total Length of Fwd Packets,False,Wasserstein distance (normed),0.1,0.07994055831247503
S2_r100_n1000_s123,act_data_pkt_fwd,True,Wasserstein distance (normed),0.1,0.2056896590371398
S2_r100_n1000_s123,min_seg_size_forward,True,Wasserstein distance (normed),0.1,0.5874529674420962
S2_r100_n1000_s456,ACK Flag Count,True,Jensen-Shannon distance,0.1,0.11808628936854965
S2_r100_n1000_s456,Active Max,True,Wasserstein distance (normed),0.1,0.11526159739592366
S2_r100_n1000_s456,Active Mean,True,Wasserstein distance (normed),0.1,0.12056707612126445
S2_r100_n1000_s456,Active Min,True,Wasserstein distance (normed),0.1,0.11314985216896566
S2_r100_n1000_s456,Average Packet Size,True,Wasserstein distance (normed),0.1,0.45619467749306153
S2_r100_n1000_s456,Bwd Header Length,True,Wasserstein distance (normed),0.1,0.13358792030133035
S2_r100_n1000_s456,Bwd IAT Max,False,Wasserstein distance (normed),0.1,0.06802835598739211
S2_r100_n1000_s456,Bwd IAT Mean,False,Wasserstein distance (normed),0.1,0.05033961296764487
S2_r100_n1000_s456,Bwd IAT Min,False,Wasserstein distance (normed),0.1,0.04455722748785707
S2_r100_n1000_s456,Bwd IAT Std,False,Wasserstein distance (normed),0.1,0.041989920593569936
S2_r100_n1000_s456,Bwd IAT Total,False,Wasserstein distance (normed),0.1,0.04052012555625814
S2_r100_n1000_s456,Bwd Packet Length Max,True,Wasserstein distance (normed),0.1,0.4324376641471242
S2_r100_n1000_s456,Bwd Packet Length Mean,True,Wasserstein distance (normed),0.1,0.46526230685881176
S2_r100_n1000_s456,Bwd Packet Length Min,False,Wasserstein distance (normed),0.1,0.051189331034796705
S2_r100_n1000_s456,Bwd Packet Length Std,True,Wasserstein distance (normed),0.1,0.43036956866357623
S2_r100_n1000_s456,Bwd Packets/s,True,Wasserstein distance (normed),0.1,0.1427439077900496
S2_r100_n1000_s456,Destination Port,False,Wasserstein distance (normed),0.1,0.038740548922375384
S2_r100_n1000_s456,FIN Flag Count,False,Jensen-Shannon distance,0.1,0.0015682575128543685
S2_r100_n1000_s456,Flow Bytes/s,False,Wasserstein distance (normed),0.1,0.045506091471995636
S2_r100_n1000_s456,Flow Duration,True,Wasserstein distance (normed),0.1,0.12885360792658537
S2_r100_n1000_s456,Flow IAT Max,True,Wasserstein distance (normed),0.1,0.21701619362082955
S2_r100_n1000_s456,Flow IAT Mean,True,Wasserstein distance (normed),0.1,0.12388640136288764
S2_r100_n1000_s456,Flow IAT Min,False,Wasserstein distance (normed),0.1,0.013799206324248898
S2_r100_n1000_s456,Flow IAT Std,True,Wasserstein distance (normed),0.1,0.19502249889215395
S2_r100_n1000_s456,Flow Packets/s,False,Wasserstein distance (normed),0.1,0.05249620660495279
S2_r100_n1000_s456,Fwd Header Length,True,Wasserstein distance (normed),0.1,0.18043202874436662
S2_r100_n1000_s456,Fwd IAT Max,True,Wasserstein distance (normed),0.1,0.2151133799757678
S2_r100_n1000_s456,Fwd IAT Mean,True,Wasserstein distance (normed),0.1,0.10657307067015304
S2_r100_n1000_s456,Fwd IAT Min,False,Wasserstein distance (normed),0.1,0.05541532152234408
S2_r100_n1000_s456,Fwd IAT Std,True,Wasserstein distance (normed),0.1,0.196219128053032
S2_r100_n1000_s456,Fwd IAT Total,True,Wasserstein distance (normed),0.1,0.13218561551245772
S2_r100_n1000_s456,Fwd Packet Length Max,False,Wasserstein distance (normed),0.1,0.0708342402797523
S2_r100_n1000_s456,Fwd Packet Length Mean,False,Wasserstein distance (normed),0.1,0.050034106545432964
S2_r100_n1000_s456,Fwd Packet Length Min,False,Wasserstein distance (normed),0.1,0.05590653673533728
S2_r100_n1000_s456,Fwd Packet Length Std,False,Wasserstein distance (normed),0.1,0.05451550959798358
S2_r100_n1000_s456,Fwd Packets/s,False,Wasserstein distance (normed),0.1,0.038721299144619324
S2_r100_n1000_s456,Idle Max,True,Wasserstein distance (normed),0.1,0.2385166699905268
S2_r100_n1000_s456,Idle Mean,True,Wasserstein distance (normed),0.1,0.2195863270664019
S2_r100_n1000_s456,Idle Min,True,Wasserstein distance (normed),0.1,0.1737205787596975
S2_r100_n1000_s456,Init_Win_bytes_backward,True,Wasserstein distance (normed),0.1,0.28577654918249007
S2_r100_n1000_s456,Init_Win_bytes_forward,True,Wasserstein distance (normed),0.1,0.46104526344892116
S2_r100_n1000_s456,Max Packet Length,True,Wasserstein distance (normed),0.1,0.4280650537100142
S2_r100_n1000_s456,Min Packet Length,False,Wasserstein distance (normed),0.1,0.06116545325461697
S2_r100_n1000_s456,PSH Flag Count,True,Jensen-Shannon distance,0.1,0.12069324697330393
S2_r100_n1000_s456,Packet Length Mean,True,Wasserstein distance (normed),0.1,0.4550218249311903
S2_r100_n1000_s456,Packet Length Std,True,Wasserstein distance (normed),0.1,0.4421043539173784
S2_r100_n1000_s456,Packet Length Variance,True,Wasserstein distance (normed),0.1,0.3950053866433552
S2_r100_n1000_s456,Subflow Fwd Bytes,False,Wasserstein distance (normed),0.1,0.08595281407767229
S2_r100_n1000_s456,Total Fwd Packets,True,Wasserstein distance (normed),0.1,0.1217743119449823
S2_r100_n1000_s456,Total Length of Fwd Packets,False,Wasserstein distance (normed),0.1,0.08595281407767229
S2_r100_n1000_s456,act_data_pkt_fwd,True,Wasserstein distance (normed),0.1,0.1903424067983668
S2_r100_n1000_s456,min_seg_size_forward,True,Wasserstein distance (normed),0.1,0.5776910583541669
S2_r100_n1000_s789,ACK Flag Count,False,Jensen-Shannon distance,0.1,0.09468610815017493
S2_r100_n1000_s789,Active Max,True,Wasserstein distance (normed),0.1,0.10842192158423662
S2_r100_n1000_s789,Active Mean,True,Wasserstein distance (normed),0.1,0.10887585506605957
S2_r100_n1000_s789,Active Min,True,Wasserstein distance (normed),0.1,0.12069908357976811
S2_r100_n1000_s789,Average Packet Size,True,Wasserstein distance (normed),0.1,0.4810798616902104
S2_r100_n1000_s789,Bwd Header Length,True,Wasserstein distance (normed),0.1,0.14689407980930652
S2_r100_n1000_s789,Bwd IAT Max,False,Wasserstein distance (normed),0.1,0.03972895014509047
S2_r100_n1000_s789,Bwd IAT Mean,False,Wasserstein distance (normed),0.1,0.03443505539111583
S2_r100_n1000_s789,Bwd IAT Min,False,Wasserstein distance (normed),0.1,0.03202787439157101
S2_r100_n1000_s789,Bwd IAT Std,False,Wasserstein distance (normed),0.1,0.0487081901019338
S2_r100_n1000_s789,Bwd IAT Total,False,Wasserstein distance (normed),0.1,0.04502446801039506
S2_r100_n1000_s789,Bwd Packet Length Max,True,Wasserstein distance (normed),0.1,0.4452198177845582
S2_r100_n1000_s789,Bwd Packet Length Mean,True,Wasserstein distance (normed),0.1,0.4757468466189896
S2_r100_n1000_s789,Bwd Packet Length Min,False,Wasserstein distance (normed),0.1,0.030879557595879844
S2_r100_n1000_s789,Bwd Packet Length Std,True,Wasserstein distance (normed),0.1,0.44308436014867086
S2_r100_n1000_s789,Bwd Packets/s,True,Wasserstein distance (normed),0.1,0.17827612216449906
S2_r100_n1000_s789,Destination Port,False,Wasserstein distance (normed),0.1,0.06559697040660253
S2_r100_n1000_s789,FIN Flag Count,False,Jensen-Shannon distance,0.1,0.005666485259895169
S2_r100_n1000_s789,Flow Bytes/s,False,Wasserstein distance (normed),0.1,0.032120514963577464
S2_r100_n1000_s789,Flow Duration,True,Wasserstein distance (normed),0.1,0.11111619155862693
S2_r100_n1000_s789,Flow IAT Max,True,Wasserstein distance (normed),0.1,0.1668419820033662
S2_r100_n1000_s789,Flow IAT Mean,False,Wasserstein distance (normed),0.1,0.08530276064337079
S2_r100_n1000_s789,Flow IAT Min,False,Wasserstein distance (normed),0.1,0.01700736326719088
S2_r100_n1000_s789,Flow IAT Std,True,Wasserstein distance (normed),0.1,0.14766169520899292
S2_r100_n1000_s789,Flow Packets/s,False,Wasserstein distance (normed),0.1,0.07118620601221885
S2_r100_n1000_s789,Fwd Header Length,True,Wasserstein distance (normed),0.1,0.19384926534878724
S2_r100_n1000_s789,Fwd IAT Max,True,Wasserstein distance (normed),0.1,0.16409321339237887
S2_r100_n1000_s789,Fwd IAT Mean,False,Wasserstein distance (normed),0.1,0.057155184447561035
S2_r100_n1000_s789,Fwd IAT Min,False,Wasserstein distance (normed),0.1,0.020650367152463826
S2_r100_n1000_s789,Fwd IAT Std,True,Wasserstein distance (normed),0.1,0.1770378534718355
S2_r100_n1000_s789,Fwd IAT Total,True,Wasserstein distance (normed),0.1,0.11359587766319006
S2_r100_n1000_s789,Fwd Packet Length Max,False,Wasserstein distance (normed),0.1,0.058975178300908274
S2_r100_n1000_s789,Fwd Packet Length Mean,False,Wasserstein distance (normed),0.1,0.052109562919550434
S2_r100_n1000_s789,Fwd Packet Length Min,False,Wasserstein distance (normed),0.1,0.029257776931678067
S2_r100_n1000_s789,Fwd Packet Length Std,False,Wasserstein distance (normed),0.1,0.05647834293224649
S2_r100_n1000_s789,Fwd Packets/s,False,Wasserstein distance (normed),0.1,0.04800587130366459
S2_r100_n1000_s789,Idle Max,True,Wasserstein distance (normed),0.1,0.18851833426223882
S2_r100_n1000_s789,Idle Mean,True,Wasserstein distance (normed),0.1,0.1656516705898776
S2_r100_n1000_s789,Idle Min,True,Wasserstein distance (normed),0.1,0.11975966042380645
S2_r100_n1000_s789,Init_Win_bytes_backward,True,Wasserstein distance (normed),0.1,0.3038717311785031
S2_r100_n1000_s789,Init_Win_bytes_forward,True,Wasserstein distance (normed),0.1,0.436676424554285
S2_r100_n1000_s789,Max Packet Length,True,Wasserstein distance (normed),0.1,0.44771318403308563
S2_r100_n1000_s789,Min Packet Length,False,Wasserstein distance (normed),0.1,0.044301814067490675
S2_r100_n1000_s789,PSH Flag Count,False,Jensen-Shannon distance,0.1,0.08827269617150939
S2_r100_n1000_s789,Packet Length Mean,True,Wasserstein distance (normed),0.1,0.4789406447319927
S2_r100_n1000_s789,Packet Length Std,True,Wasserstein distance (normed),0.1,0.46339666504474797
S2_r100_n1000_s789,Packet Length Variance,True,Wasserstein distance (normed),0.1,0.40290763016817294
S2_r100_n1000_s789,Subflow Fwd Bytes,False,Wasserstein distance (normed),0.1,0.08032887948857712
S2_r100_n1000_s789,Total Fwd Packets,True,Wasserstein distance (normed),0.1,0.13362037534119486
S2_r100_n1000_s789,Total Length of Fwd Packets,False,Wasserstein distance (normed),0.1,0.08032887948857712
S2_r100_n1000_s789,act_data_pkt_fwd,True,Wasserstein distance (normed),0.1,0.17181626699910077
S2_r100_n1000_s789,min_seg_size_forward,True,Wasserstein distance (normed),0.1,0.6088489325663246
S2_r100_n1000_s1024,ACK Flag Count,False,Jensen-Shannon distance,0.1,0.09223065160142986
S2_r100_n1000_s1024,Active Max,True,Wasserstein distance (normed),0.1,0.10271256473491906
S2_r100_n1000_s1024,Active Mean,True,Wasserstein distance (normed),0.1,0.12631080841189843
S2_r100_n1000_s1024,Active Min,True,Wasserstein distance (normed),0.1,0.12664829016071688
S2_r100_n1000_s1024,Average Packet Size,True,Wasserstein distance (normed),0.1,0.49709994759250997
S2_r100_n1000_s1024,Bwd Header Length,True,Wasserstein distance (normed),0.1,0.1253177362088916
S2_r100_n1000_s1024,Bwd IAT Max,False,Wasserstein distance (normed),0.1,0.043138687481130346
S2_r100_n1000_s1024,Bwd IAT Mean,False,Wasserstein distance (normed),0.1,0.05614662291275896
S2_r100_n1000_s1024,Bwd IAT Min,False,Wasserstein distance (normed),0.1,0.060501134141962974
S2_r100_n1000_s1024,Bwd IAT Std,False,Wasserstein distance (normed),0.1,0.030832107497289797
S2_r100_n1000_s1024,Bwd IAT Total,False,Wasserstein distance (normed),0.1,0.04041802006715684
S2_r100_n1000_s1024,Bwd Packet Length Max,True,Wasserstein distance (normed),0.1,0.45845304246582025
S2_r100_n1000_s1024,Bwd Packet Length Mean,True,Wasserstein distance (normed),0.1,0.4927298509160743
S2_r100_n1000_s1024,Bwd Packet Length Min,False,Wasserstein distance (normed),0.1,0.039510045865179276
S2_r100_n1000_s1024,Bwd Packet Length Std,True,Wasserstein distance (normed),0.1,0.44984199330710695
S2_r100_n1000_s1024,Bwd Packets/s,True,Wasserstein distance (normed),0.1,0.2817912615546489
S2_r100_n1000_s1024,Destination Port,False,Wasserstein distance (normed),0.1,0.04136288097930095
S2_r100_n1000_s1024,FIN Flag Count,False,Jensen-Shannon distance,0.1,0.020034754195753835
S2_r100_n1000_s1024,Flow Bytes/s,False,Wasserstein distance (normed),0.1,0.0319379718866846
S2_r100_n1000_s1024,Flow Duration,True,Wasserstein distance (normed),0.1,0.11994419170827776
S2_r100_n1000_s1024,Flow IAT Max,True,Wasserstein distance (normed),0.1,0.16673836489853103
S2_r100_n1000_s1024,Flow IAT Mean,True,Wasserstein distance (normed),0.1,0.1029272923956868
S2_r100_n1000_s1024,Flow IAT Min,False,Wasserstein distance (normed),0.1,0.04256767895870787
S2_r100_n1000_s1024,Flow IAT Std,True,Wasserstein distance (normed),0.1,0.14853844613246753
S2_r100_n1000_s1024,Flow Packets/s,False,Wasserstein distance (normed),0.1,0.09754749735309384
S2_r100_n1000_s1024,Fwd Header Length,True,Wasserstein distance (normed),0.1,0.12829937278784675
S2_r100_n1000_s1024,Fwd IAT Max,True,Wasserstein distance (normed),0.1,0.16239690086364633
S2_r100_n1000_s1024,Fwd IAT Mean,False,Wasserstein distance (normed),0.1,0.07918460750180088
S2_r100_n1000_s1024,Fwd IAT Min,False,Wasserstein distance (normed),0.1,0.043274744395242815
S2_r100_n1000_s1024,Fwd IAT Std,True,Wasserstein distance (normed),0.1,0.18331711995226632
S2_r100_n1000_s1024,Fwd IAT Total,True,Wasserstein distance (normed),0.1,0.11965185307469872
S2_r100_n1000_s1024,Fwd Packet Length Max,False,Wasserstein distance (normed),0.1,0.05086333810026404
S2_r100_n1000_s1024,Fwd Packet Length Mean,False,Wasserstein distance (normed),0.1,0.054781241656049785
S2_r100_n1000_s1024,Fwd Packet Length Min,False,Wasserstein distance (normed),0.1,0.034005779381357425
S2_r100_n1000_s1024,Fwd Packet Length Std,False,Wasserstein distance (normed),0.1,0.03785611954399476
S2_r100_n1000_s1024,Fwd Packets/s,False,Wasserstein distance (normed),0.1,0.062474162427228704
S2_r100_n1000_s1024,Idle Max,True,Wasserstein distance (normed),0.1,0.19285009298720204
S2_r100_n1000_s1024,Idle Mean,True,Wasserstein distance (normed),0.1,0.1685677094734452
S2_r100_n1000_s1024,Idle Min,True,Wasserstein distance (normed),0.1,0.12137163346914392
S2_r100_n1000_s1024,Init_Win_bytes_backward,True,Wasserstein distance (normed),0.1,0.3028034638344927
S2_r100_n1000_s1024,Init_Win_bytes_forward,True,Wasserstein distance (normed),0.1,0.3867713145957563
S2_r100_n1000_s1024,Max Packet Length,True,Wasserstein distance (normed),0.1,0.45770046546708354
S2_r100_n1000_s1024,Min Packet Length,False,Wasserstein distance (normed),0.1,0.049649691188143864
S2_r100_n1000_s1024,PSH Flag Count,False,Jensen-Shannon distance,0.1,0.08472709941144616
S2_r100_n1000_s1024,Packet Length Mean,True,Wasserstein distance (normed),0.1,0.496634100818313
S2_r100_n1000_s1024,Packet Length Std,True,Wasserstein distance (normed),0.1,0.47045347209240646
S2_r100_n1000_s1024,Packet Length Variance,True,Wasserstein distance (normed),0.1,0.40132418204930387
S2_r100_n1000_s1024,Subflow Fwd Bytes,False,Wasserstein distance (normed),0.1,0.0555042685797982
S2_r100_n1000_s1024,Total Fwd Packets,True,Wasserstein distance (normed),0.1,0.10347529668741291
S2_r100_n1000_s1024,Total Length of Fwd Packets,False,Wasserstein distance (normed),0.1,0.0555042685797982
S2_r100_n1000_s1024,act_data_pkt_fwd,True,Wasserstein distance (normed),0.1,0.1642598949290766
S2_r100_n1000_s1024,min_seg_size_forward,True,Wasserstein distance (normed),0.1,0.5921333348130211
